query,answer,label,text
"In the sentences extracted from financial agreements in U.S. SEC filings, identify the named entities that represent a person ('PER'), an organization ('ORG'), or a location ('LOC'). The required answer format is: 'entity name, entity type'.
Text: This LOAN AND SECURITY AGREEMENT dated January 27 , 1999 , between SILICON VALLEY BANK ("" Bank ""), a California - chartered bank with its principal place of business at 3003 Tasman Drive , Santa Clara , California 95054 with a loan production office located at 40 William St ., Ste .
Answer:","SILICON VALLEY BANK, ORG
Bank, ORG
California, LOC
bank, ORG
3003 Tasman Drive, LOC
Santa Clara, LOC
California, LOC
40 William St, LOC","[O, O, O, O, O, O, O, O, O, O, O, O, B-ORG, I-ORG, I-ORG, O, B-ORG, O, O, B-LOC, O, O, B-ORG, O, O, O, O, O, O, O, B-LOC, I-LOC, I-LOC, O, B-LOC, I-LOC, O, B-LOC, O, O, O, O, O, O, O, O, B-LOC, I-LOC, I-LOC, O, O, O]","This LOAN AND SECURITY AGREEMENT dated January 27 , 1999 , between SILICON VALLEY BANK ("" Bank ""), a California - chartered bank with its principal place of business at 3003 Tasman Drive , Santa Clara , California 95054 with a loan production office located at 40 William St ., Ste ."
"In the sentences extracted from financial agreements in U.S. SEC filings, identify the named entities that represent a person ('PER'), an organization ('ORG'), or a location ('LOC'). The required answer format is: 'entity name, entity type'.
Text: 350 , Wellesley , Massachusetts 02481 doing business as "" Silicon Valley East "" and AKAMAI TECHNOLOGIES , INC . ("" Borrower ""), whose address is 201 Broadway , 4th Floor , Cambridge , Massachusetts 02139 provides the terms on which Bank will lend to Borrower and Borrower will repay Bank .
Answer:","Wellesley, LOC
Massachusetts, LOC
Silicon Valley East, LOC
AKAMAI TECHNOLOGIES, ORG
Borrower, PER
201 Broadway, LOC
Cambridge, LOC
Massachusetts, LOC
Bank, ORG
Borrower, PER
Borrower, PER
Bank, ORG","[O, O, B-LOC, O, B-LOC, O, O, O, O, O, B-LOC, I-LOC, I-LOC, O, O, B-ORG, I-ORG, O, O, O, O, B-PER, O, O, O, O, B-LOC, I-LOC, O, O, O, O, B-LOC, O, B-LOC, O, O, O, O, O, O, B-ORG, O, O, O, B-PER, O, B-PER, O, O, B-ORG, O]","350 , Wellesley , Massachusetts 02481 doing business as "" Silicon Valley East "" and AKAMAI TECHNOLOGIES , INC . ("" Borrower ""), whose address is 201 Broadway , 4th Floor , Cambridge , Massachusetts 02139 provides the terms on which Bank will lend to Borrower and Borrower will repay Bank ."
"In the sentences extracted from financial agreements in U.S. SEC filings, identify the named entities that represent a person ('PER'), an organization ('ORG'), or a location ('LOC'). The required answer format is: 'entity name, entity type'.
Text: This Agreement shall be construed to impart upon Bank a duty to act reasonably at all times .
Answer:","Bank, ORG","[O, O, O, O, O, O, O, O, B-ORG, O, O, O, O, O, O, O, O, O]",This Agreement shall be construed to impart upon Bank a duty to act reasonably at all times .
"In the sentences extracted from financial agreements in U.S. SEC filings, identify the named entities that represent a person ('PER'), an organization ('ORG'), or a location ('LOC'). The required answer format is: 'entity name, entity type'.
Text: Borrower will pay Bank the unpaid principal amount of all Credit Extensions and interest on the unpaid principal amount of the Credit Extensions .
Answer:","Borrower, PER
Bank, ORG","[B-PER, O, O, B-ORG, O, O, O, O, O, O, O, O, O, O, O, O, O, O, O, O, O, O, O, O]",Borrower will pay Bank the unpaid principal amount of all Credit Extensions and interest on the unpaid principal amount of the Credit Extensions .
"In the sentences extracted from financial agreements in U.S. SEC filings, identify the named entities that represent a person ('PER'), an organization ('ORG'), or a location ('LOC'). The required answer format is: 'entity name, entity type'.
Text: Subject to the terms and conditions of this Agreement , Bank agrees to lend to Borrower , from time to time prior to the Commitment Termination Date , equipment advances ( each an "" Equipment Advance "" and collectively the "" Equipment Advances "").
Answer:","Bank, ORG
Borrower, PER","[O, O, O, O, O, O, O, O, O, O, B-ORG, O, O, O, O, B-PER, O, O, O, O, O, O, O, O, O, O, O, O, O, O, O, O, O, O, O, O, O, O, O, O, O, O, O, O]","Subject to the terms and conditions of this Agreement , Bank agrees to lend to Borrower , from time to time prior to the Commitment Termination Date , equipment advances ( each an "" Equipment Advance "" and collectively the "" Equipment Advances "")."
"In the sentences extracted from financial agreements in U.S. SEC filings, identify the named entities that represent a person ('PER'), an organization ('ORG'), or a location ('LOC'). The required answer format is: 'entity name, entity type'.
Text: The proceeds of the Equipment Advances will be used solely to reimburse Borrower for the purchase of Eligible Equipment .
Answer:","Borrower, PER","[O, O, O, O, O, O, O, O, O, O, O, O, B-PER, O, O, O, O, O, O, O]",The proceeds of the Equipment Advances will be used solely to reimburse Borrower for the purchase of Eligible Equipment .
"In the sentences extracted from financial agreements in U.S. SEC filings, identify the named entities that represent a person ('PER'), an organization ('ORG'), or a location ('LOC'). The required answer format is: 'entity name, entity type'.
Text: Bank ' s obligation to lend hereunder shall terminate on the earlier of ( i ) the occurrence and continuance of an Event of Default , and ( ii ) the Commitment Termination Date .
Answer:","Bank, ORG","[B-ORG, O, O, O, O, O, O, O, O, O, O, O, O, O, O, O, O, O, O, O, O, O, O, O, O, O, O, O, O, O, O, O, O, O, O]","Bank ' s obligation to lend hereunder shall terminate on the earlier of ( i ) the occurrence and continuance of an Event of Default , and ( ii ) the Commitment Termination Date ."
"In the sentences extracted from financial agreements in U.S. SEC filings, identify the named entities that represent a person ('PER'), an organization ('ORG'), or a location ('LOC'). The required answer format is: 'entity name, entity type'.
Text: ( a ) To obtain an Equipment Advance , Borrower will deliver to Bank a completed supplement in substantially the form attached ("" Loan Supplement ""), together with invoices and such additional information as Bank may request at least five ( 5 ) Business Days before the proposed funding date ( the "" Funding Date "").
Answer:","Borrower, PER
Bank, ORG
Bank, ORG","[O, O, O, O, O, O, O, O, O, B-PER, O, O, O, B-ORG, O, O, O, O, O, O, O, O, O, O, O, O, O, O, O, O, O, O, O, O, B-ORG, O, O, O, O, O, O, O, O, O, O, O, O, O, O, O, O, O, O, O, O, O]","( a ) To obtain an Equipment Advance , Borrower will deliver to Bank a completed supplement in substantially the form attached ("" Loan Supplement ""), together with invoices and such additional information as Bank may request at least five ( 5 ) Business Days before the proposed funding date ( the "" Funding Date "")."
"In the sentences extracted from financial agreements in U.S. SEC filings, identify the named entities that represent a person ('PER'), an organization ('ORG'), or a location ('LOC'). The required answer format is: 'entity name, entity type'.
Text: On each Funding Date , Bank will specify in the Loan Supplement for each Equipment Advance , the Basic Rate , the Loan Factor , the Payment Dates , and a table of Stipulated Loan Values , together with a UCC Financing Statement covering the Equipment described on the Loan Supplement .
Answer:","Bank, ORG","[O, O, O, O, O, B-ORG, O, O, O, O, O, O, O, O, O, O, O, O, O, O, O, O, O, O, O, O, O, O, O, O, O, O, O, O, O, O, O, O, O, O, O, O, O, O, O, O, O, O, O, O, O, O]","On each Funding Date , Bank will specify in the Loan Supplement for each Equipment Advance , the Basic Rate , the Loan Factor , the Payment Dates , and a table of Stipulated Loan Values , together with a UCC Financing Statement covering the Equipment described on the Loan Supplement ."
"In the sentences extracted from financial agreements in U.S. SEC filings, identify the named entities that represent a person ('PER'), an organization ('ORG'), or a location ('LOC'). The required answer format is: 'entity name, entity type'.
Text: If Borrower satisfies the conditions of each Equipment Advance specified from time to time by Bank , Bank will disburse such Equipment Advance by internal transfer to Borrower ' s deposit account with Bank .
Answer:","Borrower, PER
Bank, ORG
Bank, ORG
Borrower, PER
Bank, ORG","[O, B-PER, O, O, O, O, O, O, O, O, O, O, O, O, O, B-ORG, O, B-ORG, O, O, O, O, O, O, O, O, O, B-PER, O, O, O, O, O, B-ORG, O]","If Borrower satisfies the conditions of each Equipment Advance specified from time to time by Bank , Bank will disburse such Equipment Advance by internal transfer to Borrower ' s deposit account with Bank ."
"In the sentences extracted from financial agreements in U.S. SEC filings, identify the named entities that represent a person ('PER'), an organization ('ORG'), or a location ('LOC'). The required answer format is: 'entity name, entity type'.
Text: ( b ) Bank ' s obligation to lend the undisbursed portion of the Committed Equipment Line will terminate if , in Bank ' s sole discretion , there has been a material adverse change in the general affairs , management , results of operation , condition ( financial or otherwise ) or the prospects of Borrower , whether or not arising from transactions in the ordinary course of business , or there has been material adverse deviation by Borrower from the most recent business plan of Borrower presented to and accepted by Bank prior to the execution of this Agreement .
Answer:","Bank, ORG
Bank, ORG
Borrower, PER
Borrower, PER
Borrower, PER
Bank, ORG","[O, O, O, B-ORG, O, O, O, O, O, O, O, O, O, O, O, O, O, O, O, O, O, O, B-ORG, O, O, O, O, O, O, O, O, O, O, O, O, O, O, O, O, O, O, O, O, O, O, O, O, O, O, O, O, O, O, O, O, O, B-PER, O, O, O, O, O, O, O, O, O, O, O, O, O, O, O, O, O, O, O, O, O, O, B-PER, O, O, O, O, O, O, O, B-PER, O, O, O, O, O, B-ORG, O, O, O, O, O, O, O, O]","( b ) Bank ' s obligation to lend the undisbursed portion of the Committed Equipment Line will terminate if , in Bank ' s sole discretion , there has been a material adverse change in the general affairs , management , results of operation , condition ( financial or otherwise ) or the prospects of Borrower , whether or not arising from transactions in the ordinary course of business , or there has been material adverse deviation by Borrower from the most recent business plan of Borrower presented to and accepted by Bank prior to the execution of this Agreement ."
"In the sentences extracted from financial agreements in U.S. SEC filings, identify the named entities that represent a person ('PER'), an organization ('ORG'), or a location ('LOC'). The required answer format is: 'entity name, entity type'.
Text: Borrower will make payments monthly in advance of principal and accrued interest for each Equipment Advance ( collectively , "" Scheduled Payments ""), on the first Business Day of the month following the Funding Date ( or commencing on the Funding Date if the Funding Date is the first Business Day of the month ) with respect to such Equipment Advance and continuing thereafter during the Repayment Period on the first Business Day of each calendar month ( each a "" Payment Date ""), in an amount equal to the Loan Factor multiplied by the Loan Amount for such Equipment Advance as of such Payment Date .
Answer:","Borrower, PER","[B-PER, O, O, O, O, O, O, O, O, O, O, O, O, O, O, O, O, O, O, O, O, O, O, O, O, O, O, O, O, O, O, O, O, O, O, O, O, O, O, O, O, O, O, O, O, O, O, O, O, O, O, O, O, O, O, O, O, O, O, O, O, O, O, O, O, O, O, O, O, O, O, O, O, O, O, O, O, O, O, O, O, O, O, O, O, O, O, O, O, O, O, O, O, O, O, O, O, O, O, O, O, O, O, O, O, O, O]","Borrower will make payments monthly in advance of principal and accrued interest for each Equipment Advance ( collectively , "" Scheduled Payments ""), on the first Business Day of the month following the Funding Date ( or commencing on the Funding Date if the Funding Date is the first Business Day of the month ) with respect to such Equipment Advance and continuing thereafter during the Repayment Period on the first Business Day of each calendar month ( each a "" Payment Date ""), in an amount equal to the Loan Factor multiplied by the Loan Amount for such Equipment Advance as of such Payment Date ."
"In the sentences extracted from financial agreements in U.S. SEC filings, identify the named entities that represent a person ('PER'), an organization ('ORG'), or a location ('LOC'). The required answer format is: 'entity name, entity type'.
Text: An Equipment Advance may be prepaid only upon payment of a prepayment premium specified by Bank .
Answer:","Bank, ORG","[O, O, O, O, O, O, O, O, O, O, O, O, O, O, O, B-ORG, O]",An Equipment Advance may be prepaid only upon payment of a prepayment premium specified by Bank .
"In the sentences extracted from financial agreements in U.S. SEC filings, identify the named entities that represent a person ('PER'), an organization ('ORG'), or a location ('LOC'). The required answer format is: 'entity name, entity type'.
Text: Borrower will pay interest on the unpaid principal amount of each Equipment Advance from the first Payment Date after the Funding Date of such Equipment Advance until the Equipment Advance has been paid in full , at the per annum rate of interest equal to the Basic Rate determined by Bank as of the Funding Date for each Equipment Advance in accordance with the definition of the Basic Rate .
Answer:","Borrower, PER
Bank, ORG","[B-PER, O, O, O, O, O, O, O, O, O, O, O, O, O, O, O, O, O, O, O, O, O, O, O, O, O, O, O, O, O, O, O, O, O, O, O, O, O, O, O, O, O, O, O, O, O, O, O, O, O, B-ORG, O, O, O, O, O, O, O, O, O, O, O, O, O, O, O, O, O, O, O]","Borrower will pay interest on the unpaid principal amount of each Equipment Advance from the first Payment Date after the Funding Date of such Equipment Advance until the Equipment Advance has been paid in full , at the per annum rate of interest equal to the Basic Rate determined by Bank as of the Funding Date for each Equipment Advance in accordance with the definition of the Basic Rate ."
"In the sentences extracted from financial agreements in U.S. SEC filings, identify the named entities that represent a person ('PER'), an organization ('ORG'), or a location ('LOC'). The required answer format is: 'entity name, entity type'.
Text: "" Basic Rate "" is , as of the Funding Date , the per annum rate of interest ( based on a year of 360 days ) equal to the sum of ( a ) the U . S . Treasury note yield to maturity for a term equal to the Treasury Note Maturity as quoted in The Wall Street Journal on the day the applicable Loan Terms Schedule is prepared , plus ( b ) the applicable Loan Margin for the type of Eligible Equipment being financed .
Answer:","The Wall Street Journal, ORG","[O, O, O, O, O, O, O, O, O, O, O, O, O, O, O, O, O, O, O, O, O, O, O, O, O, O, O, O, O, O, O, O, O, O, O, O, O, O, O, O, O, O, O, O, O, O, O, O, O, O, O, O, O, O, O, O, O, B-ORG, I-ORG, I-ORG, I-ORG, O, O, O, O, O, O, O, O, O, O, O, O, O, O, O, O, O, O, O, O, O, O, O, O, O, O, O, O]",""" Basic Rate "" is , as of the Funding Date , the per annum rate of interest ( based on a year of 360 days ) equal to the sum of ( a ) the U . S . Treasury note yield to maturity for a term equal to the Treasury Note Maturity as quoted in The Wall Street Journal on the day the applicable Loan Terms Schedule is prepared , plus ( b ) the applicable Loan Margin for the type of Eligible Equipment being financed ."
"In the sentences extracted from financial agreements in U.S. SEC filings, identify the named entities that represent a person ('PER'), an organization ('ORG'), or a location ('LOC'). The required answer format is: 'entity name, entity type'.
Text: In addition to the Scheduled Payments , on the Funding Date for each Equipment Advance ( unless the Funding Date is the first Business Day of the month ) Borrower shall pay to Bank , on behalf of Bank , an amount ( the "" Interim Payment "") equal to the initial Equipment Advance multiplied by the product of ( i ) the quotient derived from dividing the initial Loan Factor with respect to such Equipment Advance multiplied by 30 , and ( ii ) the number of days from the Funding Date of the Equipment Advance Loan until the first Payment Date with respect to such Equipment Advance .
Answer:","Borrower, PER
Bank, ORG
Bank, ORG","[O, O, O, O, O, O, O, O, O, O, O, O, O, O, O, O, O, O, O, O, O, O, O, O, O, O, O, O, O, B-PER, O, O, O, B-ORG, O, O, O, O, B-ORG, O, O, O, O, O, O, O, O, O, O, O, O, O, O, O, O, O, O, O, O, O, O, O, O, O, O, O, O, O, O, O, O, O, O, O, O, O, O, O, O, O, O, O, O, O, O, O, O, O, O, O, O, O, O, O, O, O, O, O, O, O, O, O, O, O, O, O, O, O, O, O]","In addition to the Scheduled Payments , on the Funding Date for each Equipment Advance ( unless the Funding Date is the first Business Day of the month ) Borrower shall pay to Bank , on behalf of Bank , an amount ( the "" Interim Payment "") equal to the initial Equipment Advance multiplied by the product of ( i ) the quotient derived from dividing the initial Loan Factor with respect to such Equipment Advance multiplied by 30 , and ( ii ) the number of days from the Funding Date of the Equipment Advance Loan until the first Payment Date with respect to such Equipment Advance ."
"In the sentences extracted from financial agreements in U.S. SEC filings, identify the named entities that represent a person ('PER'), an organization ('ORG'), or a location ('LOC'). The required answer format is: 'entity name, entity type'.
Text: On the Maturity Date with respect to such Equipment Advance , Borrower will pay , in addition to the unpaid principal and accrued interest and all other amounts due on such date with respect to such Equipment Advance , an amount equal to the Final Payment .
Answer:","Borrower, PER","[O, O, O, O, O, O, O, O, O, O, O, B-PER, O, O, O, O, O, O, O, O, O, O, O, O, O, O, O, O, O, O, O, O, O, O, O, O, O, O, O, O, O, O, O, O, O, O, O]","On the Maturity Date with respect to such Equipment Advance , Borrower will pay , in addition to the unpaid principal and accrued interest and all other amounts due on such date with respect to such Equipment Advance , an amount equal to the Final Payment ."
"In the sentences extracted from financial agreements in U.S. SEC filings, identify the named entities that represent a person ('PER'), an organization ('ORG'), or a location ('LOC'). The required answer format is: 'entity name, entity type'.
Text: "" Original Stated Cost "" is ( i ) the original cost of the New Equipment , the original cost to the Borrower of the item of New Equipment net of any and all freight , installation , tax or ( ii ) the fair market value assigned to such item of Used Equipment by mutual agreement of Borrower and Bank at the time of making of the Equipment Advance .
Answer:","Borrower, PER
Borrower, PER
Bank, ORG","[O, O, O, O, O, O, O, O, O, O, O, O, O, O, O, O, O, O, O, O, O, O, B-PER, O, O, O, O, O, O, O, O, O, O, O, O, O, O, O, O, O, O, O, O, O, O, O, O, O, O, O, O, O, O, O, O, O, O, O, B-PER, O, B-ORG, O, O, O, O, O, O, O, O, O, O]",""" Original Stated Cost "" is ( i ) the original cost of the New Equipment , the original cost to the Borrower of the item of New Equipment net of any and all freight , installation , tax or ( ii ) the fair market value assigned to such item of Used Equipment by mutual agreement of Borrower and Bank at the time of making of the Equipment Advance ."
"In the sentences extracted from financial agreements in U.S. SEC filings, identify the named entities that represent a person ('PER'), an organization ('ORG'), or a location ('LOC'). The required answer format is: 'entity name, entity type'.
Text: If any Financed Equipment is subject to an Event of Loss and Borrower is required to or elects to prepay the Equipment Advance with respect to such
Answer:","Borrower, PER","[O, O, O, O, O, O, O, O, O, O, O, O, B-PER, O, O, O, O, O, O, O, O, O, O, O, O, O, O]",If any Financed Equipment is subject to an Event of Loss and Borrower is required to or elects to prepay the Equipment Advance with respect to such
"In the sentences extracted from financial agreements in U.S. SEC filings, identify the named entities that represent a person ('PER'), an organization ('ORG'), or a location ('LOC'). The required answer format is: 'entity name, entity type'.
Text: If the Equipment Advances are accelerated following the occurrence of an Event of Default or otherwise ( other than following an Event of Loss ), then Borrower will immediately pay to Bank ( i ) all unpaid Scheduled Payments with respect to each Equipment Advance due prior to the date of prepayment , ( ii ) the Stipulated Loss Value with respect to each Equipment Advance , and ( iii ) all other sums , if any , that shall have become due and payable with respect to any Equipment Advance .
Answer:","Borrower, PER
Bank, ORG","[O, O, O, O, O, O, O, O, O, O, O, O, O, O, O, O, O, O, O, O, O, O, O, O, O, O, B-PER, O, O, O, O, B-ORG, O, O, O, O, O, O, O, O, O, O, O, O, O, O, O, O, O, O, O, O, O, O, O, O, O, O, O, O, O, O, O, O, O, O, O, O, O, O, O, O, O, O, O, O, O, O, O, O, O, O, O, O, O, O, O, O, O, O, O, O]","If the Equipment Advances are accelerated following the occurrence of an Event of Default or otherwise ( other than following an Event of Loss ), then Borrower will immediately pay to Bank ( i ) all unpaid Scheduled Payments with respect to each Equipment Advance due prior to the date of prepayment , ( ii ) the Stipulated Loss Value with respect to each Equipment Advance , and ( iii ) all other sums , if any , that shall have become due and payable with respect to any Equipment Advance ."
"In the sentences extracted from financial agreements in U.S. SEC filings, identify the named entities that represent a person ('PER'), an organization ('ORG'), or a location ('LOC'). The required answer format is: 'entity name, entity type'.
Text: ( g ) Borrower will repay the Equipment Advances on the terms provided in the Loan Supplement .
Answer:","Borrower, PER","[O, O, O, B-PER, O, O, O, O, O, O, O, O, O, O, O, O, O, O]",( g ) Borrower will repay the Equipment Advances on the terms provided in the Loan Supplement .
"In the sentences extracted from financial agreements in U.S. SEC filings, identify the named entities that represent a person ('PER'), an organization ('ORG'), or a location ('LOC'). The required answer format is: 'entity name, entity type'.
Text: An Equipment Advance may be prepaid only upon payment of a prepayment premium specified from time to time by Bank .
Answer:","Bank, ORG","[O, O, O, O, O, O, O, O, O, O, O, O, O, O, O, O, O, O, O, B-ORG, O]",An Equipment Advance may be prepaid only upon payment of a prepayment premium specified from time to time by Bank .
"In the sentences extracted from financial agreements in U.S. SEC filings, identify the named entities that represent a person ('PER'), an organization ('ORG'), or a location ('LOC'). The required answer format is: 'entity name, entity type'.
Text: If any change in the law increases Bank ' s expenses or decreases its return from the Equipment Advances , Borrower will pay Bank upon request the amount of such increase or decrease .
Answer:","Bank, ORG
Borrower, PER
Bank, ORG","[O, O, O, O, O, O, O, B-ORG, O, O, O, O, O, O, O, O, O, O, O, O, B-PER, O, O, B-ORG, O, O, O, O, O, O, O, O, O, O]","If any change in the law increases Bank ' s expenses or decreases its return from the Equipment Advances , Borrower will pay Bank upon request the amount of such increase or decrease ."
"In the sentences extracted from financial agreements in U.S. SEC filings, identify the named entities that represent a person ('PER'), an organization ('ORG'), or a location ('LOC'). The required answer format is: 'entity name, entity type'.
Text: ( h ) Bank may debit any of Borrower ' s deposit accounts including Account Number _____________ for principal and interest payments or any amounts Borrower owes Bank .
Answer:","Bank, ORG
Borrower, PER
Borrower, PER
Bank, ORG","[O, O, O, B-ORG, O, O, O, O, B-PER, O, O, O, O, O, O, O, O, O, O, O, O, O, O, O, O, B-PER, O, B-ORG, O]",( h ) Bank may debit any of Borrower ' s deposit accounts including Account Number _____________ for principal and interest payments or any amounts Borrower owes Bank .
"In the sentences extracted from financial agreements in U.S. SEC filings, identify the named entities that represent a person ('PER'), an organization ('ORG'), or a location ('LOC'). The required answer format is: 'entity name, entity type'.
Text: Bank will notify Borrower when it debits Borrower ' s accounts .
Answer:","Bank, ORG
Borrower, PER
Borrower, PER","[B-ORG, O, O, B-PER, O, O, O, B-PER, O, O, O, O]",Bank will notify Borrower when it debits Borrower ' s accounts .
"In the sentences extracted from financial agreements in U.S. SEC filings, identify the named entities that represent a person ('PER'), an organization ('ORG'), or a location ('LOC'). The required answer format is: 'entity name, entity type'.
Text: Payments received after 12 : 00 noon Eastern time are considered received at the opening of business on the next Business Day .
Answer:","Eastern, LOC","[O, O, O, O, O, O, O, B-LOC, O, O, O, O, O, O, O, O, O, O, O, O, O, O, O]",Payments received after 12 : 00 noon Eastern time are considered received at the opening of business on the next Business Day .
"In the sentences extracted from financial agreements in U.S. SEC filings, identify the named entities that represent a person ('PER'), an organization ('ORG'), or a location ('LOC'). The required answer format is: 'entity name, entity type'.
Text: Borrower will pay :
Answer:","Borrower, PER","[B-PER, O, O, O]",Borrower will pay :
"In the sentences extracted from financial agreements in U.S. SEC filings, identify the named entities that represent a person ('PER'), an organization ('ORG'), or a location ('LOC'). The required answer format is: 'entity name, entity type'.
Text: ( a ) Bank Expenses .
Answer:","Bank, ORG","[O, O, O, B-ORG, O, O]",( a ) Bank Expenses .
"In the sentences extracted from financial agreements in U.S. SEC filings, identify the named entities that represent a person ('PER'), an organization ('ORG'), or a location ('LOC'). The required answer format is: 'entity name, entity type'.
Text: All Bank Expenses ( including reasonable attorneys ' fees and expenses ) incurred through and after the date of this Agreement , are payable when due .
Answer:","Bank, ORG","[O, B-ORG, O, O, O, O, O, O, O, O, O, O, O, O, O, O, O, O, O, O, O, O, O, O, O, O, O]","All Bank Expenses ( including reasonable attorneys ' fees and expenses ) incurred through and after the date of this Agreement , are payable when due ."
"In the sentences extracted from financial agreements in U.S. SEC filings, identify the named entities that represent a person ('PER'), an organization ('ORG'), or a location ('LOC'). The required answer format is: 'entity name, entity type'.
Text: Bank ' s obligation to make the initial Credit Extension is subject to the condition precedent that it receive the agreements , documents and fees it requires .
Answer:","Bank, ORG","[B-ORG, O, O, O, O, O, O, O, O, O, O, O, O, O, O, O, O, O, O, O, O, O, O, O, O, O, O, O]","Bank ' s obligation to make the initial Credit Extension is subject to the condition precedent that it receive the agreements , documents and fees it requires ."
"In the sentences extracted from financial agreements in U.S. SEC filings, identify the named entities that represent a person ('PER'), an organization ('ORG'), or a location ('LOC'). The required answer format is: 'entity name, entity type'.
Text: Bank ' s obligations to make each Credit Extension , including the initial Credit Extension , is subject to the following :
Answer:","Bank, ORG","[B-ORG, O, O, O, O, O, O, O, O, O, O, O, O, O, O, O, O, O, O, O, O, O]","Bank ' s obligations to make each Credit Extension , including the initial Credit Extension , is subject to the following :"
"In the sentences extracted from financial agreements in U.S. SEC filings, identify the named entities that represent a person ('PER'), an organization ('ORG'), or a location ('LOC'). The required answer format is: 'entity name, entity type'.
Text: Each Credit Extension is Borrower ' s representation and warranty on that date that the representations and warranties of Section 5 remain true .
Answer:","Borrower, PER","[O, O, O, O, B-PER, O, O, O, O, O, O, O, O, O, O, O, O, O, O, O, O, O, O, O]",Each Credit Extension is Borrower ' s representation and warranty on that date that the representations and warranties of Section 5 remain true .
"In the sentences extracted from financial agreements in U.S. SEC filings, identify the named entities that represent a person ('PER'), an organization ('ORG'), or a location ('LOC'). The required answer format is: 'entity name, entity type'.
Text: Borrower grants Bank a continuing security interest in all presently existing and later acquired Collateral to secure all Obligations and performance of each of Borrowers duties under the Loan Documents .
Answer:","Borrower, PER
Bank, ORG","[B-PER, O, B-ORG, O, O, O, O, O, O, O, O, O, O, O, O, O, O, O, O, O, O, O, O, O, O, O, O, O, O, O, O]",Borrower grants Bank a continuing security interest in all presently existing and later acquired Collateral to secure all Obligations and performance of each of Borrowers duties under the Loan Documents .
"In the sentences extracted from financial agreements in U.S. SEC filings, identify the named entities that represent a person ('PER'), an organization ('ORG'), or a location ('LOC'). The required answer format is: 'entity name, entity type'.
Text: Bank may place a "" hold "" on any deposit account pledged as Collateral .
Answer:","Bank, ORG","[B-ORG, O, O, O, O, O, O, O, O, O, O, O, O, O, O]","Bank may place a "" hold "" on any deposit account pledged as Collateral ."
"In the sentences extracted from financial agreements in U.S. SEC filings, identify the named entities that represent a person ('PER'), an organization ('ORG'), or a location ('LOC'). The required answer format is: 'entity name, entity type'.
Text: Borrower represents and warrants as follows :
Answer:","Borrower, PER","[B-PER, O, O, O, O, O, O]",Borrower represents and warrants as follows :
"In the sentences extracted from financial agreements in U.S. SEC filings, identify the named entities that represent a person ('PER'), an organization ('ORG'), or a location ('LOC'). The required answer format is: 'entity name, entity type'.
Text: Borrower and each Subsidiary is duly existing and in good standing in its state of formation and qualified and licensed to do business in , and in good standing in , any state in which the conduct of its business or its ownership of property requires that it be qualified .
Answer:","Borrower, PER","[B-PER, O, O, O, O, O, O, O, O, O, O, O, O, O, O, O, O, O, O, O, O, O, O, O, O, O, O, O, O, O, O, O, O, O, O, O, O, O, O, O, O, O, O, O, O, O, O, O, O, O, O]","Borrower and each Subsidiary is duly existing and in good standing in its state of formation and qualified and licensed to do business in , and in good standing in , any state in which the conduct of its business or its ownership of property requires that it be qualified ."
"In the sentences extracted from financial agreements in U.S. SEC filings, identify the named entities that represent a person ('PER'), an organization ('ORG'), or a location ('LOC'). The required answer format is: 'entity name, entity type'.
Text: The execution , delivery and performance of the Loan Documents have been duly authorized , and do not conflict with Borrower ' s formation documents , nor constitute an event of default under any material agreement by which Borrower is bound .
Answer:","Borrower, PER
Borrower, PER","[O, O, O, O, O, O, O, O, O, O, O, O, O, O, O, O, O, O, O, O, B-PER, O, O, O, O, O, O, O, O, O, O, O, O, O, O, O, O, O, B-PER, O, O, O]","The execution , delivery and performance of the Loan Documents have been duly authorized , and do not conflict with Borrower ' s formation documents , nor constitute an event of default under any material agreement by which Borrower is bound ."
"In the sentences extracted from financial agreements in U.S. SEC filings, identify the named entities that represent a person ('PER'), an organization ('ORG'), or a location ('LOC'). The required answer format is: 'entity name, entity type'.
Text: Borrower is not in default under any agreement to which or by which it is bound in which the default could cause a Material Adverse Change .
Answer:","Borrower, PER","[B-PER, O, O, O, O, O, O, O, O, O, O, O, O, O, O, O, O, O, O, O, O, O, O, O, O, O, O]",Borrower is not in default under any agreement to which or by which it is bound in which the default could cause a Material Adverse Change .
"In the sentences extracted from financial agreements in U.S. SEC filings, identify the named entities that represent a person ('PER'), an organization ('ORG'), or a location ('LOC'). The required answer format is: 'entity name, entity type'.
Text: Borrower has good title to the Collateral , free from liens .
Answer:","Borrower, PER","[B-PER, O, O, O, O, O, O, O, O, O, O, O]","Borrower has good title to the Collateral , free from liens ."
"In the sentences extracted from financial agreements in U.S. SEC filings, identify the named entities that represent a person ('PER'), an organization ('ORG'), or a location ('LOC'). The required answer format is: 'entity name, entity type'.
Text: Except as shown in the Schedule , there are no actions or proceedings pending or , to Borrower ' s knowledge , threatened by or against Borrower or any Subsidiary in which an adverse decision could cause a Material Adverse Change .
Answer:","Borrower, PER
Borrower, PER","[O, O, O, O, O, O, O, O, O, O, O, O, O, O, O, O, O, B-PER, O, O, O, O, O, O, O, O, B-PER, O, O, O, O, O, O, O, O, O, O, O, O, O, O, O]","Except as shown in the Schedule , there are no actions or proceedings pending or , to Borrower ' s knowledge , threatened by or against Borrower or any Subsidiary in which an adverse decision could cause a Material Adverse Change ."
"In the sentences extracted from financial agreements in U.S. SEC filings, identify the named entities that represent a person ('PER'), an organization ('ORG'), or a location ('LOC'). The required answer format is: 'entity name, entity type'.
Text: All consolidated financial statements for Borrower , and any Subsidiary , delivered to Bank fairly present in all material respects Borrower ' s consolidated financial condition and Borrower ' s consolidated results of operations .
Answer:","Borrower, PER
Bank, ORG
Borrower, PER
Borrower, PER","[O, O, O, O, O, B-PER, O, O, O, O, O, O, O, B-ORG, O, O, O, O, O, O, B-PER, O, O, O, O, O, O, B-PER, O, O, O, O, O, O, O]","All consolidated financial statements for Borrower , and any Subsidiary , delivered to Bank fairly present in all material respects Borrower ' s consolidated financial condition and Borrower ' s consolidated results of operations ."
"In the sentences extracted from financial agreements in U.S. SEC filings, identify the named entities that represent a person ('PER'), an organization ('ORG'), or a location ('LOC'). The required answer format is: 'entity name, entity type'.
Text: There has not been any material deterioration in Borrower ' s consolidated financial condition since the date of the most recent financial statements submitted to Bank .
Answer:","Borrower, PER
Bank, ORG","[O, O, O, O, O, O, O, O, B-PER, O, O, O, O, O, O, O, O, O, O, O, O, O, O, O, O, B-ORG, O]",There has not been any material deterioration in Borrower ' s consolidated financial condition since the date of the most recent financial statements submitted to Bank .
"In the sentences extracted from financial agreements in U.S. SEC filings, identify the named entities that represent a person ('PER'), an organization ('ORG'), or a location ('LOC'). The required answer format is: 'entity name, entity type'.
Text: The fair salable value of Borrowers assets ( including goodwill minus disposition costs ) exceeds the fair value of its liabilities ; the Borrower is not left with unreasonably small capital after the transactions in this Agreement ; and Borrower is able to pay its debts ( including trade debts ) as they mature .
Answer:","Borrower, PER
Borrower, PER","[O, O, O, O, O, O, O, O, O, O, O, O, O, O, O, O, O, O, O, O, O, O, O, B-PER, O, O, O, O, O, O, O, O, O, O, O, O, O, O, O, B-PER, O, O, O, O, O, O, O, O, O, O, O, O, O, O, O]",The fair salable value of Borrowers assets ( including goodwill minus disposition costs ) exceeds the fair value of its liabilities ; the Borrower is not left with unreasonably small capital after the transactions in this Agreement ; and Borrower is able to pay its debts ( including trade debts ) as they mature .
"In the sentences extracted from financial agreements in U.S. SEC filings, identify the named entities that represent a person ('PER'), an organization ('ORG'), or a location ('LOC'). The required answer format is: 'entity name, entity type'.
Text: Borrower is not an "" investment company "" or a company "" controlled "" by an "" investment company "" under the Investment Company Act .
Answer:","Borrower, PER","[B-PER, O, O, O, O, O, O, O, O, O, O, O, O, O, O, O, O, O, O, O, O, O, O, O, O, O]","Borrower is not an "" investment company "" or a company "" controlled "" by an "" investment company "" under the Investment Company Act ."
"In the sentences extracted from financial agreements in U.S. SEC filings, identify the named entities that represent a person ('PER'), an organization ('ORG'), or a location ('LOC'). The required answer format is: 'entity name, entity type'.
Text: Borrower is not engaged as one of its important activities in extending credit for margin stock ( under Regulations G , T and U of the Federal Reserve Board of Governors ).
Answer:","Borrower, PER
Federal Reserve Board of Governors, ORG","[B-PER, O, O, O, O, O, O, O, O, O, O, O, O, O, O, O, O, O, O, O, O, O, O, O, O, O, B-ORG, I-ORG, I-ORG, I-ORG, I-ORG, O]","Borrower is not engaged as one of its important activities in extending credit for margin stock ( under Regulations G , T and U of the Federal Reserve Board of Governors )."
"In the sentences extracted from financial agreements in U.S. SEC filings, identify the named entities that represent a person ('PER'), an organization ('ORG'), or a location ('LOC'). The required answer format is: 'entity name, entity type'.
Text: Borrower has complied with the Federal Fair Labor Standards Act .
Answer:","Borrower, PER","[B-PER, O, O, O, O, O, O, O, O, O, O]",Borrower has complied with the Federal Fair Labor Standards Act .
"In the sentences extracted from financial agreements in U.S. SEC filings, identify the named entities that represent a person ('PER'), an organization ('ORG'), or a location ('LOC'). The required answer format is: 'entity name, entity type'.
Text: Borrower has not violated
Answer:","Borrower, PER","[B-PER, O, O, O]",Borrower has not violated
"In the sentences extracted from financial agreements in U.S. SEC filings, identify the named entities that represent a person ('PER'), an organization ('ORG'), or a location ('LOC'). The required answer format is: 'entity name, entity type'.
Text: None of Borrower ' s or any Subsidiary ' s properties or assets has been used by Borrower or any Subsidiary or , to the best of Borrower ' s knowledge , by previous Persons , in disposing , producing , storing , treating , or transporting any hazardous substance other than legally .
Answer:","Borrower, PER
Borrower, PER
Borrower, PER","[O, O, B-PER, O, O, O, O, O, O, O, O, O, O, O, O, O, O, B-PER, O, O, O, O, O, O, O, O, O, B-PER, O, O, O, O, O, O, O, O, O, O, O, O, O, O, O, O, O, O, O, O, O, O, O, O, O, O]","None of Borrower ' s or any Subsidiary ' s properties or assets has been used by Borrower or any Subsidiary or , to the best of Borrower ' s knowledge , by previous Persons , in disposing , producing , storing , treating , or transporting any hazardous substance other than legally ."
"In the sentences extracted from financial agreements in U.S. SEC filings, identify the named entities that represent a person ('PER'), an organization ('ORG'), or a location ('LOC'). The required answer format is: 'entity name, entity type'.
Text: Borrower and each Subsidiary has timely filed all required tax returns and paid , or made adequate provision to pay , all taxes , except those being contested in good faith with adequate reserves under GAAP .
Answer:","Borrower, PER","[B-PER, O, O, O, O, O, O, O, O, O, O, O, O, O, O, O, O, O, O, O, O, O, O, O, O, O, O, O, O, O, O, O, O, O, O, O, O]","Borrower and each Subsidiary has timely filed all required tax returns and paid , or made adequate provision to pay , all taxes , except those being contested in good faith with adequate reserves under GAAP ."
"In the sentences extracted from financial agreements in U.S. SEC filings, identify the named entities that represent a person ('PER'), an organization ('ORG'), or a location ('LOC'). The required answer format is: 'entity name, entity type'.
Text: Borrower and each Subsidiary has obtained all consents , approvals and authorizations of , made all declarations or filings with , and given all notices to , all government authorities that are necessary to continue its business as currently conducted .
Answer:","Borrower, PER","[B-PER, O, O, O, O, O, O, O, O, O, O, O, O, O, O, O, O, O, O, O, O, O, O, O, O, O, O, O, O, O, O, O, O, O, O, O, O, O, O, O, O]","Borrower and each Subsidiary has obtained all consents , approvals and authorizations of , made all declarations or filings with , and given all notices to , all government authorities that are necessary to continue its business as currently conducted ."
"In the sentences extracted from financial agreements in U.S. SEC filings, identify the named entities that represent a person ('PER'), an organization ('ORG'), or a location ('LOC'). The required answer format is: 'entity name, entity type'.
Text: No representation , warranty or other statement of Borrower in any certificate or written statement given to Bank contains any untrue statement of a material fact or omits to state a material fact necessary to make the statements contained in the certificates or statements not misleading .
Answer:","Borrower, PER
Bank, ORG","[O, O, O, O, O, O, O, O, B-PER, O, O, O, O, O, O, O, O, B-ORG, O, O, O, O, O, O, O, O, O, O, O, O, O, O, O, O, O, O, O, O, O, O, O, O, O, O, O, O, O]","No representation , warranty or other statement of Borrower in any certificate or written statement given to Bank contains any untrue statement of a material fact or omits to state a material fact necessary to make the statements contained in the certificates or statements not misleading ."
"In the sentences extracted from financial agreements in U.S. SEC filings, identify the named entities that represent a person ('PER'), an organization ('ORG'), or a location ('LOC'). The required answer format is: 'entity name, entity type'.
Text: Borrower will do all of the following :
Answer:","Borrower, PER","[B-PER, O, O, O, O, O, O, O]",Borrower will do all of the following :
"In the sentences extracted from financial agreements in U.S. SEC filings, identify the named entities that represent a person ('PER'), an organization ('ORG'), or a location ('LOC'). The required answer format is: 'entity name, entity type'.
Text: Borrower will maintain its and all Subsidiaries ' legal existence and good standing in its jurisdiction of formation and maintain qualification in each jurisdiction in which the failure to so qualify could have a material adverse effect on Borrower ' s business or operations .
Answer:","Borrower, PER
Borrower, PER","[B-PER, O, O, O, O, O, O, O, O, O, O, O, O, O, O, O, O, O, O, O, O, O, O, O, O, O, O, O, O, O, O, O, O, O, O, O, O, O, B-PER, O, O, O, O, O, O]",Borrower will maintain its and all Subsidiaries ' legal existence and good standing in its jurisdiction of formation and maintain qualification in each jurisdiction in which the failure to so qualify could have a material adverse effect on Borrower ' s business or operations .
"In the sentences extracted from financial agreements in U.S. SEC filings, identify the named entities that represent a person ('PER'), an organization ('ORG'), or a location ('LOC'). The required answer format is: 'entity name, entity type'.
Text: Borrower will comply , and have each Subsidiary comply , with all laws , ordinances and regulations to which it is subject , noncompliance with which could have a material adverse effect on Borrower ' s business or operations or cause a Material Adverse Change .
Answer:","Borrower, PER
Borrower, PER","[B-PER, O, O, O, O, O, O, O, O, O, O, O, O, O, O, O, O, O, O, O, O, O, O, O, O, O, O, O, O, O, O, O, O, B-PER, O, O, O, O, O, O, O, O, O, O, O, O]","Borrower will comply , and have each Subsidiary comply , with all laws , ordinances and regulations to which it is subject , noncompliance with which could have a material adverse effect on Borrower ' s business or operations or cause a Material Adverse Change ."
"In the sentences extracted from financial agreements in U.S. SEC filings, identify the named entities that represent a person ('PER'), an organization ('ORG'), or a location ('LOC'). The required answer format is: 'entity name, entity type'.
Text: ( a ) Borrower will deliver to Bank : ( i ) as soon as available , but not later than 30 days after the last day of each month , a company prepared consolidated balance sheet and income statement covering Borrower ' s consolidated operations during the period , in a form and certified by a Responsible Officer acceptable to Bank ; ( ii ) as soon as available , but not later than 90 days after the last day of Borrower ' s fiscal year , audited consolidated financial statements prepared under GAAP , consistently applied , together with an unqualified opinion on the financial statements from Pricewaterhouse Coopers , LLP or another independent certified public accounting firm reasonable acceptable to Bank ; ( iii ) a prompt report of any legal actions pending or threatened against Borrower or any Subsidiary that could result in damages or costs to Borrower or any Subsidiary of $ 100 , 000 or more ; and ( iv ) budgets , sales projections , operating plans or other financial information Bank requests .
Answer:","Borrower, PER
Bank, ORG
Borrower, PER
Bank, ORG
Borrower, PER
Bank, ORG
Borrower, PER
Borrower, PER
Bank, ORG","[O, O, O, B-PER, O, O, O, B-ORG, O, O, O, O, O, O, O, O, O, O, O, O, O, O, O, O, O, O, O, O, O, O, O, O, O, O, O, O, O, O, O, O, O, B-PER, O, O, O, O, O, O, O, O, O, O, O, O, O, O, O, O, O, O, O, B-ORG, O, O, O, O, O, O, O, O, O, O, O, O, O, O, O, O, O, O, O, O, B-PER, O, O, O, O, O, O, O, O, O, O, O, O, O, O, O, O, O, O, O, O, O, O, O, O, O, O, O, O, O, O, O, O, O, O, O, O, O, O, O, O, B-ORG, O, O, O, O, O, O, O, O, O, O, O, O, O, O, O, B-PER, O, O, O, O, O, O, O, O, O, O, O, B-PER, O, O, O, O, O, O, O, O, O, O, O, O, O, O, O, O, O, O, O, O, O, O, O, O, O, O, B-ORG, O, O]","( a ) Borrower will deliver to Bank : ( i ) as soon as available , but not later than 30 days after the last day of each month , a company prepared consolidated balance sheet and income statement covering Borrower ' s consolidated operations during the period , in a form and certified by a Responsible Officer acceptable to Bank ; ( ii ) as soon as available , but not later than 90 days after the last day of Borrower ' s fiscal year , audited consolidated financial statements prepared under GAAP , consistently applied , together with an unqualified opinion on the financial statements from Pricewaterhouse Coopers , LLP or another independent certified public accounting firm reasonable acceptable to Bank ; ( iii ) a prompt report of any legal actions pending or threatened against Borrower or any Subsidiary that could result in damages or costs to Borrower or any Subsidiary of $ 100 , 000 or more ; and ( iv ) budgets , sales projections , operating plans or other financial information Bank requests ."
"In the sentences extracted from financial agreements in U.S. SEC filings, identify the named entities that represent a person ('PER'), an organization ('ORG'), or a location ('LOC'). The required answer format is: 'entity name, entity type'.
Text: ( b ) Bank has the right to audit Borrower ' s Collateral upon an Event of Default has occurred and is continuing .
Answer:","Bank, ORG
Borrower, PER","[O, O, O, B-ORG, O, O, O, O, O, B-PER, O, O, O, O, O, O, O, O, O, O, O, O, O, O]",( b ) Bank has the right to audit Borrower ' s Collateral upon an Event of Default has occurred and is continuing .
"In the sentences extracted from financial agreements in U.S. SEC filings, identify the named entities that represent a person ('PER'), an organization ('ORG'), or a location ('LOC'). The required answer format is: 'entity name, entity type'.
Text: Borrower will make , and cause each Subsidiary to make , timely payment of all material federal , state , and local taxes or assessments and will deliver to Bank , on demand , appropriate certificates attesting to the payment .
Answer:","Borrower, PER
Bank, ORG","[B-PER, O, O, O, O, O, O, O, O, O, O, O, O, O, O, O, O, O, O, O, O, O, O, O, O, O, O, O, O, B-ORG, O, O, O, O, O, O, O, O, O, O, O]","Borrower will make , and cause each Subsidiary to make , timely payment of all material federal , state , and local taxes or assessments and will deliver to Bank , on demand , appropriate certificates attesting to the payment ."
"In the sentences extracted from financial agreements in U.S. SEC filings, identify the named entities that represent a person ('PER'), an organization ('ORG'), or a location ('LOC'). The required answer format is: 'entity name, entity type'.
Text: Borrower will keep its business and the Collateral insured for risks and in amounts , as Bank requests .
Answer:","Borrower, PER
Bank, ORG","[B-PER, O, O, O, O, O, O, O, O, O, O, O, O, O, O, O, B-ORG, O, O]","Borrower will keep its business and the Collateral insured for risks and in amounts , as Bank requests ."
"In the sentences extracted from financial agreements in U.S. SEC filings, identify the named entities that represent a person ('PER'), an organization ('ORG'), or a location ('LOC'). The required answer format is: 'entity name, entity type'.
Text: Insurance policies will be in a form , with companies , and in amounts that are satisfactory to Bank .
Answer:","Bank, ORG","[O, O, O, O, O, O, O, O, O, O, O, O, O, O, O, O, O, O, B-ORG, O]","Insurance policies will be in a form , with companies , and in amounts that are satisfactory to Bank ."
"In the sentences extracted from financial agreements in U.S. SEC filings, identify the named entities that represent a person ('PER'), an organization ('ORG'), or a location ('LOC'). The required answer format is: 'entity name, entity type'.
Text: All property policies will have a lender ' s loss payable endorsement showing Bank as an additional loss payee and all liability policies will show the Bank as an additional insured and provide that the insurer must give Bank at least 20 days notice before canceling its policy .
Answer:","lender, PER
Bank, ORG
Bank, ORG
Bank, ORG","[O, O, O, O, O, O, B-PER, O, O, O, O, O, O, B-ORG, O, O, O, O, O, O, O, O, O, O, O, O, B-ORG, O, O, O, O, O, O, O, O, O, O, O, B-ORG, O, O, O, O, O, O, O, O, O, O]",All property policies will have a lender ' s loss payable endorsement showing Bank as an additional loss payee and all liability policies will show the Bank as an additional insured and provide that the insurer must give Bank at least 20 days notice before canceling its policy .
"In the sentences extracted from financial agreements in U.S. SEC filings, identify the named entities that represent a person ('PER'), an organization ('ORG'), or a location ('LOC'). The required answer format is: 'entity name, entity type'.
Text: At Bank ' s request , Borrower will deliver certified copies of policies and evidence of all premium payments .
Answer:","Bank, ORG
Borrower, PER","[O, B-ORG, O, O, O, O, B-PER, O, O, O, O, O, O, O, O, O, O, O, O, O]","At Bank ' s request , Borrower will deliver certified copies of policies and evidence of all premium payments ."
"In the sentences extracted from financial agreements in U.S. SEC filings, identify the named entities that represent a person ('PER'), an organization ('ORG'), or a location ('LOC'). The required answer format is: 'entity name, entity type'.
Text: Proceeds payable under any policy will , at Bank ' s option , be payable to Bank on account of the Obligations .
Answer:","Bank, ORG
Bank, ORG","[O, O, O, O, O, O, O, O, B-ORG, O, O, O, O, O, O, O, B-ORG, O, O, O, O, O, O]","Proceeds payable under any policy will , at Bank ' s option , be payable to Bank on account of the Obligations ."
"In the sentences extracted from financial agreements in U.S. SEC filings, identify the named entities that represent a person ('PER'), an organization ('ORG'), or a location ('LOC'). The required answer format is: 'entity name, entity type'.
Text: Borrower will maintain its primary depository and operating accounts with Bank .
Answer:","Borrower, PER
Bank, ORG","[B-PER, O, O, O, O, O, O, O, O, O, B-ORG, O]",Borrower will maintain its primary depository and operating accounts with Bank .
"In the sentences extracted from financial agreements in U.S. SEC filings, identify the named entities that represent a person ('PER'), an organization ('ORG'), or a location ('LOC'). The required answer format is: 'entity name, entity type'.
Text: Borrower will execute any further instruments and take further action as Bank requests to perfect or continue Bank ' s security interest in the Collateral or to effect the purposes of this Agreement .
Answer:","Borrower, PER
Bank, ORG
Bank, ORG","[B-PER, O, O, O, O, O, O, O, O, O, O, B-ORG, O, O, O, O, O, B-ORG, O, O, O, O, O, O, O, O, O, O, O, O, O, O, O, O]",Borrower will execute any further instruments and take further action as Bank requests to perfect or continue Bank ' s security interest in the Collateral or to effect the purposes of this Agreement .
"In the sentences extracted from financial agreements in U.S. SEC filings, identify the named entities that represent a person ('PER'), an organization ('ORG'), or a location ('LOC'). The required answer format is: 'entity name, entity type'.
Text: Borrower will bear the risk of the Collateral being lost , stolen , destroyed , or damaged .
Answer:","Borrower, PER","[B-PER, O, O, O, O, O, O, O, O, O, O, O, O, O, O, O, O, O]","Borrower will bear the risk of the Collateral being lost , stolen , destroyed , or damaged ."
"In the sentences extracted from financial agreements in U.S. SEC filings, identify the named entities that represent a person ('PER'), an organization ('ORG'), or a location ('LOC'). The required answer format is: 'entity name, entity type'.
Text: If any item of Collateral is lost , stolen , destroyed , or damaged , then Borrower will pay Bank an amount equal to the sum of ( i ) all accrued and unpaid Scheduled Payments due prior to the next such Payment Date and ( ii ) a prepayment in an amount equal to the Stipulated Loan Value as to such Collateral .
Answer:","Borrower, PER
Bank, ORG","[O, O, O, O, O, O, O, O, O, O, O, O, O, O, O, O, B-PER, O, O, B-ORG, O, O, O, O, O, O, O, O, O, O, O, O, O, O, O, O, O, O, O, O, O, O, O, O, O, O, O, O, O, O, O, O, O, O, O, O, O, O, O, O, O, O, O, O]","If any item of Collateral is lost , stolen , destroyed , or damaged , then Borrower will pay Bank an amount equal to the sum of ( i ) all accrued and unpaid Scheduled Payments due prior to the next such Payment Date and ( ii ) a prepayment in an amount equal to the Stipulated Loan Value as to such Collateral ."
"In the sentences extracted from financial agreements in U.S. SEC filings, identify the named entities that represent a person ('PER'), an organization ('ORG'), or a location ('LOC'). The required answer format is: 'entity name, entity type'.
Text: If during the term of this Agreement any item of Financed Equipment is lost , stolen , destroyed , damaged beyond repair , rendered permanently unfit for use , or seized by a governmental authority for any reason whatsoever for a period equal to at least the remainder of the term of this Agreement ( an "" Event of Loss ""), then in each case Bank will receive from the proceeds of insurance maintained pursuant to Section 6 , from any award paid by the seizing governmental authority or , to the extent not received from the proceeds of insurance or award or both , from Borrower , on or before the Payment Date next succeeding such Event of Loss for each such item of Financed Equipment subject to an Event of Loss , an amount equal to the sum of : ( i ) all accrued and unpaid Scheduled Payments with respect to such Loan due prior to the next such Payment Date , ( ii ) a prepayment in an amount equal to the Stipulated Loss Value and ( iii ) all other sums , if any , that shall have become due and payable , including interest at the Default Rate with respect to any past due amounts .
Answer:","Bank, ORG
Borrower, PER","[O, O, O, O, O, O, O, O, O, O, O, O, O, O, O, O, O, O, O, O, O, O, O, O, O, O, O, O, O, O, O, O, O, O, O, O, O, O, O, O, O, O, O, O, O, O, O, O, O, O, O, O, O, O, O, O, O, O, O, O, O, O, O, O, O, B-ORG, O, O, O, O, O, O, O, O, O, O, O, O, O, O, O, O, O, O, O, O, O, O, O, O, O, O, O, O, O, O, O, O, O, O, O, O, O, O, O, O, B-PER, O, O, O, O, O, O, O, O, O, O, O, O, O, O, O, O, O, O, O, O, O, O, O, O, O, O, O, O, O, O, O, O, O, O, O, O, O, O, O, O, O, O, O, O, O, O, O, O, O, O, O, O, O, O, O, O, O, O, O, O, O, O, O, O, O, O, O, O, O, O, O, O, O, O, O, O, O, O, O, O, O, O, O, O, O, O, O, O, O, O, O, O, O, O, O, O, O, O, O, O, O, O, O, O, O]","If during the term of this Agreement any item of Financed Equipment is lost , stolen , destroyed , damaged beyond repair , rendered permanently unfit for use , or seized by a governmental authority for any reason whatsoever for a period equal to at least the remainder of the term of this Agreement ( an "" Event of Loss ""), then in each case Bank will receive from the proceeds of insurance maintained pursuant to Section 6 , from any award paid by the seizing governmental authority or , to the extent not received from the proceeds of insurance or award or both , from Borrower , on or before the Payment Date next succeeding such Event of Loss for each such item of Financed Equipment subject to an Event of Loss , an amount equal to the sum of : ( i ) all accrued and unpaid Scheduled Payments with respect to such Loan due prior to the next such Payment Date , ( ii ) a prepayment in an amount equal to the Stipulated Loss Value and ( iii ) all other sums , if any , that shall have become due and payable , including interest at the Default Rate with respect to any past due amounts ."
"In the sentences extracted from financial agreements in U.S. SEC filings, identify the named entities that represent a person ('PER'), an organization ('ORG'), or a location ('LOC'). The required answer format is: 'entity name, entity type'.
Text: On the date of receipt by Bank of the amount specified above with respect to each such item of Financed Equipment subject to an Event of Loss , this Agreement shall terminate as to such Financed Equipment .
Answer:","Bank, ORG","[O, O, O, O, O, O, B-ORG, O, O, O, O, O, O, O, O, O, O, O, O, O, O, O, O, O, O, O, O, O, O, O, O, O, O, O, O, O, O, O]","On the date of receipt by Bank of the amount specified above with respect to each such item of Financed Equipment subject to an Event of Loss , this Agreement shall terminate as to such Financed Equipment ."
"In the sentences extracted from financial agreements in U.S. SEC filings, identify the named entities that represent a person ('PER'), an organization ('ORG'), or a location ('LOC'). The required answer format is: 'entity name, entity type'.
Text: Any proceeds of insurance maintained by Borrower pursuant to this Section and received by Borrower will be paid to Bank , promptly upon their receipt by Borrower .
Answer:","Borrower, PER
Borrower, PER
Bank, ORG
Borrower, PER","[O, O, O, O, O, O, B-PER, O, O, O, O, O, O, O, B-PER, O, O, O, O, B-ORG, O, O, O, O, O, O, B-PER, O]","Any proceeds of insurance maintained by Borrower pursuant to this Section and received by Borrower will be paid to Bank , promptly upon their receipt by Borrower ."
"In the sentences extracted from financial agreements in U.S. SEC filings, identify the named entities that represent a person ('PER'), an organization ('ORG'), or a location ('LOC'). The required answer format is: 'entity name, entity type'.
Text: If any proceeds of insurance or awards received from governmental authorities are in excess of the amount owed under this Section , Bank shall promptly remit to Borrower the amount in excess of the amount owed to Bank .
Answer:","Bank, ORG
Borrower, PER
Bank, ORG","[O, O, O, O, O, O, O, O, O, O, O, O, O, O, O, O, O, O, O, O, O, O, B-ORG, O, O, O, O, B-PER, O, O, O, O, O, O, O, O, O, B-ORG, O]","If any proceeds of insurance or awards received from governmental authorities are in excess of the amount owed under this Section , Bank shall promptly remit to Borrower the amount in excess of the amount owed to Bank ."
"In the sentences extracted from financial agreements in U.S. SEC filings, identify the named entities that represent a person ('PER'), an organization ('ORG'), or a location ('LOC'). The required answer format is: 'entity name, entity type'.
Text: 7 . 1 BORROWER WILL NOT DO ANY OF THE FOLLOWING :
Answer:","BORROWER, PER","[O, O, O, B-PER, O, O, O, O, O, O, O, O]",7 . 1 BORROWER WILL NOT DO ANY OF THE FOLLOWING :
"In the sentences extracted from financial agreements in U.S. SEC filings, identify the named entities that represent a person ('PER'), an organization ('ORG'), or a location ('LOC'). The required answer format is: 'entity name, entity type'.
Text: Change its name or the chief executive office or principal place of business , move or dispose of any interest in the Collateral , permit any lien or security interest to attach to the Collateral , or enter into any transaction outside the ordinary course of Borrower ' s business .
Answer:","Borrower, PER","[O, O, O, O, O, O, O, O, O, O, O, O, O, O, O, O, O, O, O, O, O, O, O, O, O, O, O, O, O, O, O, O, O, O, O, O, O, O, O, O, O, O, O, O, O, O, B-PER, O, O, O, O]","Change its name or the chief executive office or principal place of business , move or dispose of any interest in the Collateral , permit any lien or security interest to attach to the Collateral , or enter into any transaction outside the ordinary course of Borrower ' s business ."
"In the sentences extracted from financial agreements in U.S. SEC filings, identify the named entities that represent a person ('PER'), an organization ('ORG'), or a location ('LOC'). The required answer format is: 'entity name, entity type'.
Text: 9 < PAGE > 10 Become an "" investment company "" or a company controlled by an "" investment company ,"" under the Investment Company Act of 1940 or undertake as one of its important activities extending credit to purchase or carry margin stock , or use the proceeds of any Advance for that purpose ; fail to meet the minimum funding requirements of ERISA , permit a Reportable Event or Prohibited Transaction , as defined in ERISA , to occur , fail to comply with the Federal Fair Labor Standards Act or violate any other law or regulation , if the violation could have a material adverse effect on Borrower ' s business or operations or cause a Material Adverse Change , or permit any of its Subsidiaries to do so .
Answer:","ERISA, ORG
ERISA, ORG
Borrower, PER","[O, O, O, O, O, O, O, O, O, O, O, O, O, O, O, O, O, O, O, O, O, O, O, O, O, O, O, O, O, O, O, O, O, O, O, O, O, O, O, O, O, O, O, O, O, O, O, O, O, O, O, O, O, O, O, O, O, O, O, O, O, O, O, O, B-ORG, O, O, O, O, O, O, O, O, O, O, O, O, B-ORG, O, O, O, O, O, O, O, O, O, O, O, O, O, O, O, O, O, O, O, O, O, O, O, O, O, O, O, O, O, O, O, O, B-PER, O, O, O, O, O, O, O, O, O, O, O, O, O, O, O, O, O, O, O, O, O, O]","9 < PAGE > 10 Become an "" investment company "" or a company controlled by an "" investment company ,"" under the Investment Company Act of 1940 or undertake as one of its important activities extending credit to purchase or carry margin stock , or use the proceeds of any Advance for that purpose ; fail to meet the minimum funding requirements of ERISA , permit a Reportable Event or Prohibited Transaction , as defined in ERISA , to occur , fail to comply with the Federal Fair Labor Standards Act or violate any other law or regulation , if the violation could have a material adverse effect on Borrower ' s business or operations or cause a Material Adverse Change , or permit any of its Subsidiaries to do so ."
"In the sentences extracted from financial agreements in U.S. SEC filings, identify the named entities that represent a person ('PER'), an organization ('ORG'), or a location ('LOC'). The required answer format is: 'entity name, entity type'.
Text: Borrower fails to pay any of the Obligations when due ;
Answer:","Borrower, PER","[B-PER, O, O, O, O, O, O, O, O, O, O]",Borrower fails to pay any of the Obligations when due ;
"In the sentences extracted from financial agreements in U.S. SEC filings, identify the named entities that represent a person ('PER'), an organization ('ORG'), or a location ('LOC'). The required answer format is: 'entity name, entity type'.
Text: If Borrower violates any covenant in Section 7 or does not perform or observe any other material term , condition or covenant in this Agreement , any Loan Documents , or in any agreement between Borrower and Bank and as to any default under a term , condition or covenant that can be cured , has not cured the default within 10 days after it occurs , or if the default cannot be cured within 10 days or cannot be cured after Borrower ' s attempts within 10 day period , and the default may be cured within a reasonable time , then Borrower has an additional period ( of not more than 30 days ) to attempt to cure the default .
Answer:","Borrower, PER
Borrower, PER
Bank, ORG
Borrower, PER
Borrower, PER","[O, B-PER, O, O, O, O, O, O, O, O, O, O, O, O, O, O, O, O, O, O, O, O, O, O, O, O, O, O, O, O, O, O, O, O, O, B-PER, O, B-ORG, O, O, O, O, O, O, O, O, O, O, O, O, O, O, O, O, O, O, O, O, O, O, O, O, O, O, O, O, O, O, O, O, O, O, O, O, O, O, O, O, O, O, O, O, B-PER, O, O, O, O, O, O, O, O, O, O, O, O, O, O, O, O, O, O, O, O, B-PER, O, O, O, O, O, O, O, O, O, O, O, O, O, O, O, O, O, O, O]","If Borrower violates any covenant in Section 7 or does not perform or observe any other material term , condition or covenant in this Agreement , any Loan Documents , or in any agreement between Borrower and Bank and as to any default under a term , condition or covenant that can be cured , has not cured the default within 10 days after it occurs , or if the default cannot be cured within 10 days or cannot be cured after Borrower ' s attempts within 10 day period , and the default may be cured within a reasonable time , then Borrower has an additional period ( of not more than 30 days ) to attempt to cure the default ."
"In the sentences extracted from financial agreements in U.S. SEC filings, identify the named entities that represent a person ('PER'), an organization ('ORG'), or a location ('LOC'). The required answer format is: 'entity name, entity type'.
Text: If there ( i ) occurs a material adverse change in the business , operations , or condition ( financial or otherwise ) of the Borrower , or ( ii ) is a material impairment of the prospect of repayment of any portion of the Obligations .
Answer:","Borrower, PER","[O, O, O, O, O, O, O, O, O, O, O, O, O, O, O, O, O, O, O, O, O, O, O, O, O, B-PER, O, O, O, O, O, O, O, O, O, O, O, O, O, O, O, O, O, O, O, O, O]","If there ( i ) occurs a material adverse change in the business , operations , or condition ( financial or otherwise ) of the Borrower , or ( ii ) is a material impairment of the prospect of repayment of any portion of the Obligations ."
"In the sentences extracted from financial agreements in U.S. SEC filings, identify the named entities that represent a person ('PER'), an organization ('ORG'), or a location ('LOC'). The required answer format is: 'entity name, entity type'.
Text: If any material portion of Borrower ' s assets is attached , seized , levied on , or comes into possession of a trustee or receiver and the attachment , seizure or levy is not removed in 10 days , or if Borrower is enjoined , restrained , or prevented by court order from conducting a material part of its business or if a judgment or other claim becomes a Lien on a material portion of Borrower ' s assets , or if a notice of lien , levy , or assessment is filed against any of Borrower ' s assets by any government agency and not paid within 10 days after Borrower receives notice .
Answer:","Borrower, PER
Borrower, PER
Borrower, PER
Borrower, PER
Borrower, PER","[O, O, O, O, O, B-PER, O, O, O, O, O, O, O, O, O, O, O, O, O, O, O, O, O, O, O, O, O, O, O, O, O, O, O, O, O, O, O, O, O, O, O, O, B-PER, O, O, O, O, O, O, O, O, O, O, O, O, O, O, O, O, O, O, O, O, O, O, O, O, O, O, O, O, O, O, O, O, O, B-PER, O, O, O, O, O, O, O, O, O, O, O, O, O, O, O, O, O, O, O, O, B-PER, O, O, O, O, O, O, O, O, O, O, O, O, O, O, B-PER, O, O, O]","If any material portion of Borrower ' s assets is attached , seized , levied on , or comes into possession of a trustee or receiver and the attachment , seizure or levy is not removed in 10 days , or if Borrower is enjoined , restrained , or prevented by court order from conducting a material part of its business or if a judgment or other claim becomes a Lien on a material portion of Borrower ' s assets , or if a notice of lien , levy , or assessment is filed against any of Borrower ' s assets by any government agency and not paid within 10 days after Borrower receives notice ."
"In the sentences extracted from financial agreements in U.S. SEC filings, identify the named entities that represent a person ('PER'), an organization ('ORG'), or a location ('LOC'). The required answer format is: 'entity name, entity type'.
Text: These are not Events of Default if stayed or if a bond is posted pending contest by Borrower ( but no Credit Extensions will be made during the cure period );
Answer:","Borrower, PER","[O, O, O, O, O, O, O, O, O, O, O, O, O, O, O, O, O, B-PER, O, O, O, O, O, O, O, O, O, O, O, O, O]",These are not Events of Default if stayed or if a bond is posted pending contest by Borrower ( but no Credit Extensions will be made during the cure period );
"In the sentences extracted from financial agreements in U.S. SEC filings, identify the named entities that represent a person ('PER'), an organization ('ORG'), or a location ('LOC'). The required answer format is: 'entity name, entity type'.
Text: If Borrower becomes insolvent or if Borrower begins an Insolvency Proceeding or an Insolvency Proceeding is begun against Borrower and not dismissed or stayed within 30 days ( but no Credit Extensions will be made before any Insolvency Proceeding is dismissed );
Answer:","Borrower, PER
Borrower, PER
Borrower, PER","[O, B-PER, O, O, O, O, B-PER, O, O, O, O, O, O, O, O, O, O, O, B-PER, O, O, O, O, O, O, O, O, O, O, O, O, O, O, O, O, O, O, O, O, O, O, O]",If Borrower becomes insolvent or if Borrower begins an Insolvency Proceeding or an Insolvency Proceeding is begun against Borrower and not dismissed or stayed within 30 days ( but no Credit Extensions will be made before any Insolvency Proceeding is dismissed );
"In the sentences extracted from financial agreements in U.S. SEC filings, identify the named entities that represent a person ('PER'), an organization ('ORG'), or a location ('LOC'). The required answer format is: 'entity name, entity type'.
Text: If there is a default in any agreement between Borrower and a third party that gives the third party the right to accelerate any Indebtedness exceeding $ 100 , 000 or that could cause a Material Adverse Change ;
Answer:","Borrower, PER","[O, O, O, O, O, O, O, O, O, B-PER, O, O, O, O, O, O, O, O, O, O, O, O, O, O, O, O, O, O, O, O, O, O, O, O, O, O, O, O, O]","If there is a default in any agreement between Borrower and a third party that gives the third party the right to accelerate any Indebtedness exceeding $ 100 , 000 or that could cause a Material Adverse Change ;"
"In the sentences extracted from financial agreements in U.S. SEC filings, identify the named entities that represent a person ('PER'), an organization ('ORG'), or a location ('LOC'). The required answer format is: 'entity name, entity type'.
Text: If a money judgment ( s ) in the aggregate of at least $ 50 , 000 is rendered against Borrower and is unsatisfied and unstayed for 10 days ( but no Advances will be made before the judgment is stayed or satisfied ); or
Answer:","Borrower, PER","[O, O, O, O, O, O, O, O, O, O, O, O, O, O, O, O, O, O, O, O, B-PER, O, O, O, O, O, O, O, O, O, O, O, O, O, O, O, O, O, O, O, O, O, O, O, O]","If a money judgment ( s ) in the aggregate of at least $ 50 , 000 is rendered against Borrower and is unsatisfied and unstayed for 10 days ( but no Advances will be made before the judgment is stayed or satisfied ); or"
"In the sentences extracted from financial agreements in U.S. SEC filings, identify the named entities that represent a person ('PER'), an organization ('ORG'), or a location ('LOC'). The required answer format is: 'entity name, entity type'.
Text: If Borrower or any Person acting for Borrower makes any material misrepresentation or material misstatement now or later in any warranty or representation in this Agreement or in any writing delivered to Bank or to induce Bank to enter this Agreement or any Loan Document .
Answer:","Borrower, PER
Borrower, PER
Bank, ORG
Bank, ORG","[O, B-PER, O, O, O, O, O, B-PER, O, O, O, O, O, O, O, O, O, O, O, O, O, O, O, O, O, O, O, O, O, O, O, O, B-ORG, O, O, O, B-ORG, O, O, O, O, O, O, O, O, O]",If Borrower or any Person acting for Borrower makes any material misrepresentation or material misstatement now or later in any warranty or representation in this Agreement or in any writing delivered to Bank or to induce Bank to enter this Agreement or any Loan Document .
"In the sentences extracted from financial agreements in U.S. SEC filings, identify the named entities that represent a person ('PER'), an organization ('ORG'), or a location ('LOC'). The required answer format is: 'entity name, entity type'.
Text: 9 BANK ' S RIGHTS AND REMEDIES
Answer:","BANK, ORG","[O, B-ORG, O, O, O, O, O]",9 BANK ' S RIGHTS AND REMEDIES
"In the sentences extracted from financial agreements in U.S. SEC filings, identify the named entities that represent a person ('PER'), an organization ('ORG'), or a location ('LOC'). The required answer format is: 'entity name, entity type'.
Text: When an Event of Default occurs and continues Bank may , without notice or demand , do any or all of the following :
Answer:","Bank, ORG","[O, O, O, O, O, O, O, O, B-ORG, O, O, O, O, O, O, O, O, O, O, O, O, O, O, O]","When an Event of Default occurs and continues Bank may , without notice or demand , do any or all of the following :"
"In the sentences extracted from financial agreements in U.S. SEC filings, identify the named entities that represent a person ('PER'), an organization ('ORG'), or a location ('LOC'). The required answer format is: 'entity name, entity type'.
Text: ( a ) Declare all Obligations immediately due and payable ( but if an Event of Default described in Section 8 . 5 occurs all Obligations are immediately due and payable without any action by Bank );
Answer:","Bank, ORG","[O, O, O, O, O, O, O, O, O, O, O, O, O, O, O, O, O, O, O, O, O, O, O, O, O, O, O, O, O, O, O, O, O, O, O, B-ORG, O]",( a ) Declare all Obligations immediately due and payable ( but if an Event of Default described in Section 8 . 5 occurs all Obligations are immediately due and payable without any action by Bank );
"In the sentences extracted from financial agreements in U.S. SEC filings, identify the named entities that represent a person ('PER'), an organization ('ORG'), or a location ('LOC'). The required answer format is: 'entity name, entity type'.
Text: ( b ) Stop advancing money or extending credit for Borrower ' s benefit under this Agreement or under any other agreement between Borrower and Bank ;
Answer:","Borrower, PER
Borrower, PER
Bank, ORG","[O, O, O, O, O, O, O, O, O, O, B-PER, O, O, O, O, O, O, O, O, O, O, O, O, B-PER, O, B-ORG, O]",( b ) Stop advancing money or extending credit for Borrower ' s benefit under this Agreement or under any other agreement between Borrower and Bank ;
"In the sentences extracted from financial agreements in U.S. SEC filings, identify the named entities that represent a person ('PER'), an organization ('ORG'), or a location ('LOC'). The required answer format is: 'entity name, entity type'.
Text: Borrower will assemble the Collateral if Bank requires and make it available as Bank designates .
Answer:","Borrower, PER
Bank, ORG
Bank, ORG","[B-PER, O, O, O, O, O, B-ORG, O, O, O, O, O, O, B-ORG, O, O]",Borrower will assemble the Collateral if Bank requires and make it available as Bank designates .
"In the sentences extracted from financial agreements in U.S. SEC filings, identify the named entities that represent a person ('PER'), an organization ('ORG'), or a location ('LOC'). The required answer format is: 'entity name, entity type'.
Text: Bank may enter premises where the Collateral is located , take and maintain possession of any part of the Collateral , and pay , purchase , contest , or compromise any Lien which appears to be prior or superior to its security interest and pay all expenses incurred .
Answer:","Bank, ORG","[B-ORG, O, O, O, O, O, O, O, O, O, O, O, O, O, O, O, O, O, O, O, O, O, O, O, O, O, O, O, O, O, O, O, O, O, O, O, O, O, O, O, O, O, O, O, O, O, O, O, O]","Bank may enter premises where the Collateral is located , take and maintain possession of any part of the Collateral , and pay , purchase , contest , or compromise any Lien which appears to be prior or superior to its security interest and pay all expenses incurred ."
"In the sentences extracted from financial agreements in U.S. SEC filings, identify the named entities that represent a person ('PER'), an organization ('ORG'), or a location ('LOC'). The required answer format is: 'entity name, entity type'.
Text: Borrower grants Bank a license to enter and occupy any of its premises , without charge , to exercise any of Bank ' s rights or remedies ;
Answer:","Borrower, PER
Bank, ORG
Bank, ORG","[B-PER, O, B-ORG, O, O, O, O, O, O, O, O, O, O, O, O, O, O, O, O, O, O, B-ORG, O, O, O, O, O, O]","Borrower grants Bank a license to enter and occupy any of its premises , without charge , to exercise any of Bank ' s rights or remedies ;"
"In the sentences extracted from financial agreements in U.S. SEC filings, identify the named entities that represent a person ('PER'), an organization ('ORG'), or a location ('LOC'). The required answer format is: 'entity name, entity type'.
Text: ( d ) Apply to the Obligations any ( i ) balances and deposits of Borrower it holds , or ( ii ) any amount held by Bank owing to or for the credit or the account of Borrower ;
Answer:","Borrower, PER
Bank, ORG
Borrower, PER","[O, O, O, O, O, O, O, O, O, O, O, O, O, O, O, B-PER, O, O, O, O, O, O, O, O, O, O, O, B-ORG, O, O, O, O, O, O, O, O, O, O, B-PER, O]","( d ) Apply to the Obligations any ( i ) balances and deposits of Borrower it holds , or ( ii ) any amount held by Bank owing to or for the credit or the account of Borrower ;"
"In the sentences extracted from financial agreements in U.S. SEC filings, identify the named entities that represent a person ('PER'), an organization ('ORG'), or a location ('LOC'). The required answer format is: 'entity name, entity type'.
Text: Effective only when an Event of Default occurs and continues , Borrower irrevocably appoints Bank as its lawful attorney to : ( i ) transfer the Collateral into the name of Bank or a third party as the Code permits .
Answer:","Borrower, PER
Bank, ORG
Bank, ORG","[O, O, O, O, O, O, O, O, O, O, O, B-PER, O, O, B-ORG, O, O, O, O, O, O, O, O, O, O, O, O, O, O, O, O, B-ORG, O, O, O, O, O, O, O, O, O]","Effective only when an Event of Default occurs and continues , Borrower irrevocably appoints Bank as its lawful attorney to : ( i ) transfer the Collateral into the name of Bank or a third party as the Code permits ."
"In the sentences extracted from financial agreements in U.S. SEC filings, identify the named entities that represent a person ('PER'), an organization ('ORG'), or a location ('LOC'). The required answer format is: 'entity name, entity type'.
Text: Bank may exercise the power of attorney to sign Borrower ' s name on any documents necessary to perfect or continue the perfection of any security interest regardless of whether an Event of Default has occurred .
Answer:","Bank, ORG
Borrower, PER","[B-ORG, O, O, O, O, O, O, O, O, B-PER, O, O, O, O, O, O, O, O, O, O, O, O, O, O, O, O, O, O, O, O, O, O, O, O, O, O, O]",Bank may exercise the power of attorney to sign Borrower ' s name on any documents necessary to perfect or continue the perfection of any security interest regardless of whether an Event of Default has occurred .
"In the sentences extracted from financial agreements in U.S. SEC filings, identify the named entities that represent a person ('PER'), an organization ('ORG'), or a location ('LOC'). The required answer format is: 'entity name, entity type'.
Text: Bank ' s appointment as Borrower ' s attorney in fact , and all of Bank ' s rights and powers , coupled
Answer:","Bank, ORG
Borrower, PER
Bank, ORG","[B-ORG, O, O, O, O, B-PER, O, O, O, O, O, O, O, O, O, B-ORG, O, O, O, O, O, O, O]","Bank ' s appointment as Borrower ' s attorney in fact , and all of Bank ' s rights and powers , coupled"
"In the sentences extracted from financial agreements in U.S. SEC filings, identify the named entities that represent a person ('PER'), an organization ('ORG'), or a location ('LOC'). The required answer format is: 'entity name, entity type'.
Text: 11 < PAGE > 12 with an interest , are irrevocable until all Obligations have been fully repaid and performed and Bank ' s obligation to provide Credit Extensions terminates .
Answer:","Bank, ORG","[O, O, O, O, O, O, O, O, O, O, O, O, O, O, O, O, O, O, O, O, O, B-ORG, O, O, O, O, O, O, O, O, O]","11 < PAGE > 12 with an interest , are irrevocable until all Obligations have been fully repaid and performed and Bank ' s obligation to provide Credit Extensions terminates ."
"In the sentences extracted from financial agreements in U.S. SEC filings, identify the named entities that represent a person ('PER'), an organization ('ORG'), or a location ('LOC'). The required answer format is: 'entity name, entity type'.
Text: 9 . 3 BANK EXPENSES .
Answer:","BANK, ORG","[O, O, O, B-ORG, O, O]",9 . 3 BANK EXPENSES .
"In the sentences extracted from financial agreements in U.S. SEC filings, identify the named entities that represent a person ('PER'), an organization ('ORG'), or a location ('LOC'). The required answer format is: 'entity name, entity type'.
Text: If Borrower fails to pay any amount or furnish any required proof of payment to third persons Bank may make all or part of the payment or obtain insurance policies required in Section 6 . 4 , and take any action under the policies Bank deems prudent Any amounts paid by Bank are Bank Expenses and immediately due and payable , bearing interest at the then applicable rate and secured by the Collateral .
Answer:","Borrower, PER
Bank, ORG
Bank, ORG
Bank, ORG
Bank, ORG","[O, B-PER, O, O, O, O, O, O, O, O, O, O, O, O, O, O, O, B-ORG, O, O, O, O, O, O, O, O, O, O, O, O, O, O, O, O, O, O, O, O, O, O, O, O, O, O, B-ORG, O, O, O, O, O, O, B-ORG, O, B-ORG, O, O, O, O, O, O, O, O, O, O, O, O, O, O, O, O, O, O, O, O]","If Borrower fails to pay any amount or furnish any required proof of payment to third persons Bank may make all or part of the payment or obtain insurance policies required in Section 6 . 4 , and take any action under the policies Bank deems prudent Any amounts paid by Bank are Bank Expenses and immediately due and payable , bearing interest at the then applicable rate and secured by the Collateral ."
"In the sentences extracted from financial agreements in U.S. SEC filings, identify the named entities that represent a person ('PER'), an organization ('ORG'), or a location ('LOC'). The required answer format is: 'entity name, entity type'.
Text: No payments by Bank are deemed an agreement to make similar payments in the future or Bank ' s waiver of any Event of Default .
Answer:","Bank, ORG
Bank, ORG","[O, O, O, B-ORG, O, O, O, O, O, O, O, O, O, O, O, O, B-ORG, O, O, O, O, O, O, O, O, O]",No payments by Bank are deemed an agreement to make similar payments in the future or Bank ' s waiver of any Event of Default .
"In the sentences extracted from financial agreements in U.S. SEC filings, identify the named entities that represent a person ('PER'), an organization ('ORG'), or a location ('LOC'). The required answer format is: 'entity name, entity type'.
Text: 9 . 4 BANK ' S LIABILITY FOR COLLATERAL .
Answer:","BANK, ORG","[O, O, O, B-ORG, O, O, O, O, O, O]",9 . 4 BANK ' S LIABILITY FOR COLLATERAL .
"In the sentences extracted from financial agreements in U.S. SEC filings, identify the named entities that represent a person ('PER'), an organization ('ORG'), or a location ('LOC'). The required answer format is: 'entity name, entity type'.
Text: If Bank complies with reasonable banking practices it is not liable for ( a ) the safekeeping of the Collateral ; ( b ) any loss or damage to the Collateral ; ( c ) any diminution in the value of the Collateral ; or ( d ) any act or default of any carrier , warehouseman , bailee , or other person .
Answer:","Bank, ORG","[O, B-ORG, O, O, O, O, O, O, O, O, O, O, O, O, O, O, O, O, O, O, O, O, O, O, O, O, O, O, O, O, O, O, O, O, O, O, O, O, O, O, O, O, O, O, O, O, O, O, O, O, O, O, O, O, O, O, O, O, O, O, O, O, O, O]","If Bank complies with reasonable banking practices it is not liable for ( a ) the safekeeping of the Collateral ; ( b ) any loss or damage to the Collateral ; ( c ) any diminution in the value of the Collateral ; or ( d ) any act or default of any carrier , warehouseman , bailee , or other person ."
"In the sentences extracted from financial agreements in U.S. SEC filings, identify the named entities that represent a person ('PER'), an organization ('ORG'), or a location ('LOC'). The required answer format is: 'entity name, entity type'.
Text: Borrower bears all risk of loss , damage or destruction of the Collateral .
Answer:","Borrower, PER","[B-PER, O, O, O, O, O, O, O, O, O, O, O, O, O]","Borrower bears all risk of loss , damage or destruction of the Collateral ."
"In the sentences extracted from financial agreements in U.S. SEC filings, identify the named entities that represent a person ('PER'), an organization ('ORG'), or a location ('LOC'). The required answer format is: 'entity name, entity type'.
Text: Bank ' s rights and remedies under this Agreement , the Loan Documents , and all other agreements are cumulative .
Answer:","Bank, ORG","[B-ORG, O, O, O, O, O, O, O, O, O, O, O, O, O, O, O, O, O, O, O, O]","Bank ' s rights and remedies under this Agreement , the Loan Documents , and all other agreements are cumulative ."
"In the sentences extracted from financial agreements in U.S. SEC filings, identify the named entities that represent a person ('PER'), an organization ('ORG'), or a location ('LOC'). The required answer format is: 'entity name, entity type'.
Text: Bank has all rights and remedies provided under the Code , by law , or in equity .
Answer:","Bank, ORG","[B-ORG, O, O, O, O, O, O, O, O, O, O, O, O, O, O, O, O, O]","Bank has all rights and remedies provided under the Code , by law , or in equity ."
"In the sentences extracted from financial agreements in U.S. SEC filings, identify the named entities that represent a person ('PER'), an organization ('ORG'), or a location ('LOC'). The required answer format is: 'entity name, entity type'.
Text: Bank ' s exercise of one right or remedy is not an election , and Bank ' s waiver of any Event of Default is not a continuing waiver .
Answer:","Bank, ORG
Bank, ORG","[B-ORG, O, O, O, O, O, O, O, O, O, O, O, O, O, O, B-ORG, O, O, O, O, O, O, O, O, O, O, O, O, O, O]","Bank ' s exercise of one right or remedy is not an election , and Bank ' s waiver of any Event of Default is not a continuing waiver ."
"In the sentences extracted from financial agreements in U.S. SEC filings, identify the named entities that represent a person ('PER'), an organization ('ORG'), or a location ('LOC'). The required answer format is: 'entity name, entity type'.
Text: Bank ' s delay is not a waiver , election , or acquiescence .
Answer:","Bank, ORG","[B-ORG, O, O, O, O, O, O, O, O, O, O, O, O, O]","Bank ' s delay is not a waiver , election , or acquiescence ."
"In the sentences extracted from financial agreements in U.S. SEC filings, identify the named entities that represent a person ('PER'), an organization ('ORG'), or a location ('LOC'). The required answer format is: 'entity name, entity type'.
Text: No waiver is effective unless signed by Bank and then is only effective for the specific instance and purpose for which it was given .
Answer:","Bank, ORG","[O, O, O, O, O, O, O, B-ORG, O, O, O, O, O, O, O, O, O, O, O, O, O, O, O, O, O]",No waiver is effective unless signed by Bank and then is only effective for the specific instance and purpose for which it was given .
"In the sentences extracted from financial agreements in U.S. SEC filings, identify the named entities that represent a person ('PER'), an organization ('ORG'), or a location ('LOC'). The required answer format is: 'entity name, entity type'.
Text: Borrower waives demand , notice of default or dishonor , notice of payment and nonpayment , notice of any default , nonpayment at maturity , release , compromise , settlement , extension , or renewal of accounts , documents , instruments , chattel paper , and guarantees held by Bank on , which Borrower is liable .
Answer:","Borrower, PER
Bank, ORG
Borrower, PER","[B-PER, O, O, O, O, O, O, O, O, O, O, O, O, O, O, O, O, O, O, O, O, O, O, O, O, O, O, O, O, O, O, O, O, O, O, O, O, O, O, O, O, O, O, O, O, O, O, O, O, B-ORG, O, O, O, B-PER, O, O, O]","Borrower waives demand , notice of default or dishonor , notice of payment and nonpayment , notice of any default , nonpayment at maturity , release , compromise , settlement , extension , or renewal of accounts , documents , instruments , chattel paper , and guarantees held by Bank on , which Borrower is liable ."
"In the sentences extracted from financial agreements in U.S. SEC filings, identify the named entities that represent a person ('PER'), an organization ('ORG'), or a location ('LOC'). The required answer format is: 'entity name, entity type'.
Text: THIS AGREEMENT SHALL BE GOVERNED BY , AND CONSTRUED IN ACCORDANCE WITH , THE INTERNAL LAWS OF THE COMMONWEALTH OF MASSACHUSETTS WITHOUT REGARD TO PRINCIPLES OF CONFLICTS OF LAW .
Answer:","COMMONWEALTH OF MASSACHUSETTS, LOC","[O, O, O, O, O, O, O, O, O, O, O, O, O, O, O, O, O, O, B-LOC, I-LOC, I-LOC, O, O, O, O, O, O, O, O, O]","THIS AGREEMENT SHALL BE GOVERNED BY , AND CONSTRUED IN ACCORDANCE WITH , THE INTERNAL LAWS OF THE COMMONWEALTH OF MASSACHUSETTS WITHOUT REGARD TO PRINCIPLES OF CONFLICTS OF LAW ."
"In the sentences extracted from financial agreements in U.S. SEC filings, identify the named entities that represent a person ('PER'), an organization ('ORG'), or a location ('LOC'). The required answer format is: 'entity name, entity type'.
Text: EACH OF BORROWER AND BANK HEREBY SUBMITS TO THE EXCLUSIVE JURISDICTION OF THE STATE AND FEDERAL COURTS LOCATED IN THE COMMONWEALTH OF MASSACHUSETTS , BUT IF FOR ANY REASON THE BANK IS DENIED ACCESS TO SUCH COURTS , THEN THE VENUE WILL BE IN THE STATE AND FEDERAL COURTS LOCATED IN THE COUNTY OF SANTA CLARA , STATE OF CALIFORNIA .
Answer:","BORROWER, PER
BANK, ORG
COMMONWEALTH OF MASSACHUSETTS, LOC
BANK, ORG
SANTA CLARA, LOC
CALIFORNIA, LOC","[O, O, B-PER, O, B-ORG, O, O, O, O, O, O, O, O, O, O, O, O, O, O, O, B-LOC, I-LOC, I-LOC, O, O, O, O, O, O, O, B-ORG, O, O, O, O, O, O, O, O, O, O, O, O, O, O, O, O, O, O, O, O, O, O, O, B-LOC, I-LOC, O, O, O, B-LOC, O]","EACH OF BORROWER AND BANK HEREBY SUBMITS TO THE EXCLUSIVE JURISDICTION OF THE STATE AND FEDERAL COURTS LOCATED IN THE COMMONWEALTH OF MASSACHUSETTS , BUT IF FOR ANY REASON THE BANK IS DENIED ACCESS TO SUCH COURTS , THEN THE VENUE WILL BE IN THE STATE AND FEDERAL COURTS LOCATED IN THE COUNTY OF SANTA CLARA , STATE OF CALIFORNIA ."
"In the sentences extracted from financial agreements in U.S. SEC filings, identify the named entities that represent a person ('PER'), an organization ('ORG'), or a location ('LOC'). The required answer format is: 'entity name, entity type'.
Text: BORROWER AND BANK EACH HEREBY WAIVE THEIR RESPECTIVE RIGHTS TO A JURY TRIAL OF ANY CLAIM OR CAUSE OF ACTION BASED UPON OR ARISING OUT OF ANY OF THE LOAN DOCUMENTS OR ANY OF THE TRANSACTIONS CONTEMPLATED THEREIN , INCLUDING
Answer:","BORROWER, PER
BANK, ORG","[B-PER, O, B-ORG, O, O, O, O, O, O, O, O, O, O, O, O, O, O, O, O, O, O, O, O, O, O, O, O, O, O, O, O, O, O, O, O, O, O, O, O, O]","BORROWER AND BANK EACH HEREBY WAIVE THEIR RESPECTIVE RIGHTS TO A JURY TRIAL OF ANY CLAIM OR CAUSE OF ACTION BASED UPON OR ARISING OUT OF ANY OF THE LOAN DOCUMENTS OR ANY OF THE TRANSACTIONS CONTEMPLATED THEREIN , INCLUDING"
"In the sentences extracted from financial agreements in U.S. SEC filings, identify the named entities that represent a person ('PER'), an organization ('ORG'), or a location ('LOC'). The required answer format is: 'entity name, entity type'.
Text: Borrower may not assign this Agreement or any rights under it without Bank ' s prior written consent which may be granted or withheld in Bank ' s discretion .
Answer:","Borrower, PER
Bank, ORG
Bank, ORG","[B-PER, O, O, O, O, O, O, O, O, O, O, O, B-ORG, O, O, O, O, O, O, O, O, O, O, O, O, B-ORG, O, O, O, O]",Borrower may not assign this Agreement or any rights under it without Bank ' s prior written consent which may be granted or withheld in Bank ' s discretion .
"In the sentences extracted from financial agreements in U.S. SEC filings, identify the named entities that represent a person ('PER'), an organization ('ORG'), or a location ('LOC'). The required answer format is: 'entity name, entity type'.
Text: Bank has the right , without the consent of or notice to Borrower , to sell , transfer , negotiate , or grant participation in all or any part of , or any interest in , Bank ' s obligations , rights and benefits under this Agreement .
Answer:","Bank, ORG
Borrower, PER
Bank, ORG","[B-ORG, O, O, O, O, O, O, O, O, O, O, O, B-PER, O, O, O, O, O, O, O, O, O, O, O, O, O, O, O, O, O, O, O, O, O, O, O, B-ORG, O, O, O, O, O, O, O, O, O, O, O]","Bank has the right , without the consent of or notice to Borrower , to sell , transfer , negotiate , or grant participation in all or any part of , or any interest in , Bank ' s obligations , rights and benefits under this Agreement ."
"In the sentences extracted from financial agreements in U.S. SEC filings, identify the named entities that represent a person ('PER'), an organization ('ORG'), or a location ('LOC'). The required answer format is: 'entity name, entity type'.
Text: Borrower will indemnify , defend and hold harmless Bank and its officers , employees , and agents against : ( a ) all obligations , demands , claims , and liabilities asserted by any other party in connection with the transactions contemplated by the Loan Documents ; and ( b ) all losses or Bank Expenses incurred , or paid by Bank from , following , or consequential to transactions between Bank and Borrower ( including reasonable attorneys fees and expenses ), except for losses caused by Bank ' s gross negligence or willful misconduct .
Answer:","Borrower, PER
Bank, ORG
Bank, ORG
Bank, ORG
Bank, ORG
Borrower, PER
Bank, ORG","[B-PER, O, O, O, O, O, O, O, B-ORG, O, O, O, O, O, O, O, O, O, O, O, O, O, O, O, O, O, O, O, O, O, O, O, O, O, O, O, O, O, O, O, O, O, O, O, O, O, O, O, O, O, O, O, O, O, B-ORG, O, O, O, O, O, O, B-ORG, O, O, O, O, O, O, O, O, O, B-ORG, O, B-PER, O, O, O, O, O, O, O, O, O, O, O, O, O, B-ORG, O, O, O, O, O, O, O, O]","Borrower will indemnify , defend and hold harmless Bank and its officers , employees , and agents against : ( a ) all obligations , demands , claims , and liabilities asserted by any other party in connection with the transactions contemplated by the Loan Documents ; and ( b ) all losses or Bank Expenses incurred , or paid by Bank from , following , or consequential to transactions between Bank and Borrower ( including reasonable attorneys fees and expenses ), except for losses caused by Bank ' s gross negligence or willful misconduct ."
"In the sentences extracted from financial agreements in U.S. SEC filings, identify the named entities that represent a person ('PER'), an organization ('ORG'), or a location ('LOC'). The required answer format is: 'entity name, entity type'.
Text: All amendments to this Agreement must be in writing and signed by Borrower and Bank .
Answer:","Borrower, PER
Bank, ORG","[O, O, O, O, O, O, O, O, O, O, O, O, B-PER, O, B-ORG, O]",All amendments to this Agreement must be in writing and signed by Borrower and Bank .
"In the sentences extracted from financial agreements in U.S. SEC filings, identify the named entities that represent a person ('PER'), an organization ('ORG'), or a location ('LOC'). The required answer format is: 'entity name, entity type'.
Text: The obligations of Borrower in Section 12 . 2 to indemnify Bank will survive until all statutes of limitations for actions that may be brought against Bank have run .
Answer:","Borrower, PER
Bank, ORG
Bank, ORG","[O, O, O, B-PER, O, O, O, O, O, O, O, B-ORG, O, O, O, O, O, O, O, O, O, O, O, O, O, O, B-ORG, O, O, O]",The obligations of Borrower in Section 12 . 2 to indemnify Bank will survive until all statutes of limitations for actions that may be brought against Bank have run .
"In the sentences extracted from financial agreements in U.S. SEC filings, identify the named entities that represent a person ('PER'), an organization ('ORG'), or a location ('LOC'). The required answer format is: 'entity name, entity type'.
Text: In handling any confidential information , Bank will exercise the same degree of care that it exercises for its own proprietary information , but disclosure of information may be made ( i ) to Bank ' s subsidiaries or affiliates in connection with their business with Borrower , ( ii ) to prospective transferees or purchasers of any interest in the Loans , ( iii ) as required by law , regulation , subpoena , or other order , ( iv ) as required in connection with Bank ' s examination or audit and ( v ) as Bank considers appropriate exercising remedies under this Agreement .
Answer:","Bank, ORG
Bank, ORG
Borrower, PER
Bank, ORG
Bank, ORG","[O, O, O, O, O, O, B-ORG, O, O, O, O, O, O, O, O, O, O, O, O, O, O, O, O, O, O, O, O, O, O, O, O, O, O, O, B-ORG, O, O, O, O, O, O, O, O, O, O, O, B-PER, O, O, O, O, O, O, O, O, O, O, O, O, O, O, O, O, O, O, O, O, O, O, O, O, O, O, O, O, O, O, O, O, O, O, O, O, O, O, O, O, B-ORG, O, O, O, O, O, O, O, O, O, O, B-ORG, O, O, O, O, O, O, O, O]","In handling any confidential information , Bank will exercise the same degree of care that it exercises for its own proprietary information , but disclosure of information may be made ( i ) to Bank ' s subsidiaries or affiliates in connection with their business with Borrower , ( ii ) to prospective transferees or purchasers of any interest in the Loans , ( iii ) as required by law , regulation , subpoena , or other order , ( iv ) as required in connection with Bank ' s examination or audit and ( v ) as Bank considers appropriate exercising remedies under this Agreement ."
"In the sentences extracted from financial agreements in U.S. SEC filings, identify the named entities that represent a person ('PER'), an organization ('ORG'), or a location ('LOC'). The required answer format is: 'entity name, entity type'.
Text: Confidential information does not include information that either : ( a ) is in the public domain or in Bank ' s possession when disclosed to Bank , or becomes part of the public domain after disclosure to Bank ; or ( b ) is disclosed to Bank by a third party , if Bank does not know that the third party is prohibited from disclosing the information .
Answer:","Bank, ORG
Bank, ORG
Bank, ORG
Bank, ORG
Bank, ORG","[O, O, O, O, O, O, O, O, O, O, O, O, O, O, O, O, O, O, O, B-ORG, O, O, O, O, O, O, B-ORG, O, O, O, O, O, O, O, O, O, O, O, B-ORG, O, O, O, O, O, O, O, O, B-ORG, O, O, O, O, O, O, B-ORG, O, O, O, O, O, O, O, O, O, O, O, O, O, O]","Confidential information does not include information that either : ( a ) is in the public domain or in Bank ' s possession when disclosed to Bank , or becomes part of the public domain after disclosure to Bank ; or ( b ) is disclosed to Bank by a third party , if Bank does not know that the third party is prohibited from disclosing the information ."
"In the sentences extracted from financial agreements in U.S. SEC filings, identify the named entities that represent a person ('PER'), an organization ('ORG'), or a location ('LOC'). The required answer format is: 'entity name, entity type'.
Text: This Agreement shall become effective only when it shall have been executed by Borrower and Bank ( provided , however , in no event shall this Agreement become effective until signed by an officer of Bank in California ).
Answer:","Borrower, PER
Bank, ORG
Bank, ORG
California, LOC","[O, O, O, O, O, O, O, O, O, O, O, O, O, B-PER, O, B-ORG, O, O, O, O, O, O, O, O, O, O, O, O, O, O, O, O, O, O, O, B-ORG, O, B-LOC, O]","This Agreement shall become effective only when it shall have been executed by Borrower and Bank ( provided , however , in no event shall this Agreement become effective until signed by an officer of Bank in California )."
"In the sentences extracted from financial agreements in U.S. SEC filings, identify the named entities that represent a person ('PER'), an organization ('ORG'), or a location ('LOC'). The required answer format is: 'entity name, entity type'.
Text: In any action or proceeding between Borrower and Bank arising out of the Loan Documents , the prevailing party will be entitled to recover its reasonable attorneys ' fees and other costs and expenses incurred , in addition to any other relief to which it may be entitled .
Answer:","Borrower, PER
Bank, ORG","[O, O, O, O, O, O, B-PER, O, B-ORG, O, O, O, O, O, O, O, O, O, O, O, O, O, O, O, O, O, O, O, O, O, O, O, O, O, O, O, O, O, O, O, O, O, O, O, O, O, O, O, O]","In any action or proceeding between Borrower and Bank arising out of the Loan Documents , the prevailing party will be entitled to recover its reasonable attorneys ' fees and other costs and expenses incurred , in addition to any other relief to which it may be entitled ."
"In the sentences extracted from financial agreements in U.S. SEC filings, identify the named entities that represent a person ('PER'), an organization ('ORG'), or a location ('LOC'). The required answer format is: 'entity name, entity type'.
Text: "" ACCOUNTS "" are all existing and later arising accounts , contract rights , and other obligations owed Borrower in connection with its sale or lease of goods ( including licensing software and other technology ) or provision of services , all credit insurance , guaranties , other security and all merchandise returned or reclaimed by Borrower and Borrower ' s Books relating to any of the foregoing .
Answer:","Borrower, PER
Borrower, PER
Borrower, PER","[O, O, O, O, O, O, O, O, O, O, O, O, O, O, O, O, O, O, B-PER, O, O, O, O, O, O, O, O, O, O, O, O, O, O, O, O, O, O, O, O, O, O, O, O, O, O, O, O, O, O, O, O, O, O, O, O, O, B-PER, O, B-PER, O, O, O, O, O, O, O, O, O, O]",""" ACCOUNTS "" are all existing and later arising accounts , contract rights , and other obligations owed Borrower in connection with its sale or lease of goods ( including licensing software and other technology ) or provision of services , all credit insurance , guaranties , other security and all merchandise returned or reclaimed by Borrower and Borrower ' s Books relating to any of the foregoing ."
"In the sentences extracted from financial agreements in U.S. SEC filings, identify the named entities that represent a person ('PER'), an organization ('ORG'), or a location ('LOC'). The required answer format is: 'entity name, entity type'.
Text: "" BANK EXPENSES "" are all audit fees and expenses and reasonable costs or expenses ( including reasonable attorneys ' fees and expenses ) for preparing , negotiating , administering , defending and enforcing the Loan Documents ( including appeals or Insolvency Proceedings ).
Answer:","BANK, ORG","[O, B-ORG, O, O, O, O, O, O, O, O, O, O, O, O, O, O, O, O, O, O, O, O, O, O, O, O, O, O, O, O, O, O, O, O, O, O, O, O, O, O, O, O, O, O]",""" BANK EXPENSES "" are all audit fees and expenses and reasonable costs or expenses ( including reasonable attorneys ' fees and expenses ) for preparing , negotiating , administering , defending and enforcing the Loan Documents ( including appeals or Insolvency Proceedings )."
"In the sentences extracted from financial agreements in U.S. SEC filings, identify the named entities that represent a person ('PER'), an organization ('ORG'), or a location ('LOC'). The required answer format is: 'entity name, entity type'.
Text: "" BORROWER ' S BOOKS "" are all Borrower ' s books and records including ledgers , records regarding Borrower ' s assets or liabilities , the Collateral , business operations or financial condition and all computer programs or discs or any equipment containing the information .
Answer:","BORROWER, PER
Borrower, PER
Borrower, PER","[O, B-PER, O, O, O, O, O, O, B-PER, O, O, O, O, O, O, O, O, O, O, B-PER, O, O, O, O, O, O, O, O, O, O, O, O, O, O, O, O, O, O, O, O, O, O, O, O, O, O, O]",""" BORROWER ' S BOOKS "" are all Borrower ' s books and records including ledgers , records regarding Borrower ' s assets or liabilities , the Collateral , business operations or financial condition and all computer programs or discs or any equipment containing the information ."
"In the sentences extracted from financial agreements in U.S. SEC filings, identify the named entities that represent a person ('PER'), an organization ('ORG'), or a location ('LOC'). The required answer format is: 'entity name, entity type'.
Text: "" BUSINESS DAY "" is any day that is not a Saturday , Sunday or a day on which the Bank is closed .
Answer:","Bank, ORG","[O, O, O, O, O, O, O, O, O, O, O, O, O, O, O, O, O, O, O, O, B-ORG, O, O, O]",""" BUSINESS DAY "" is any day that is not a Saturday , Sunday or a day on which the Bank is closed ."
"In the sentences extracted from financial agreements in U.S. SEC filings, identify the named entities that represent a person ('PER'), an organization ('ORG'), or a location ('LOC'). The required answer format is: 'entity name, entity type'.
Text: "" CODE "" is the Massachusetts Uniform Commercial Code .
Answer:","Massachusetts, LOC","[O, O, O, O, O, B-LOC, O, O, O, O]",""" CODE "" is the Massachusetts Uniform Commercial Code ."
"In the sentences extracted from financial agreements in U.S. SEC filings, identify the named entities that represent a person ('PER'), an organization ('ORG'), or a location ('LOC'). The required answer format is: 'entity name, entity type'.
Text: "" CREDIT EXTENSION "" is each Equipment Advance or any other extension of credit by Bank for Borrower ' s benefit .
Answer:","Bank, ORG
Borrower, PER","[O, O, O, O, O, O, O, O, O, O, O, O, O, O, O, B-ORG, O, B-PER, O, O, O, O]",""" CREDIT EXTENSION "" is each Equipment Advance or any other extension of credit by Bank for Borrower ' s benefit ."
"In the sentences extracted from financial agreements in U.S. SEC filings, identify the named entities that represent a person ('PER'), an organization ('ORG'), or a location ('LOC'). The required answer format is: 'entity name, entity type'.
Text: "" ELIGIBLE EQUIPMENT "" is general purpose computer equipment , office equipment , test and laboratory equipment , furnishings , and , subject to the limitations set forth below , Other Equipment that complies with all of Borrower ' s representations and warranties to Bank and which is acceptable to Bank in all respects .
Answer:","Borrower, PER
Bank, ORG
Bank, ORG","[O, O, O, O, O, O, O, O, O, O, O, O, O, O, O, O, O, O, O, O, O, O, O, O, O, O, O, O, O, O, O, O, O, O, O, O, O, B-PER, O, O, O, O, O, O, B-ORG, O, O, O, O, O, B-ORG, O, O, O, O]",""" ELIGIBLE EQUIPMENT "" is general purpose computer equipment , office equipment , test and laboratory equipment , furnishings , and , subject to the limitations set forth below , Other Equipment that complies with all of Borrower ' s representations and warranties to Bank and which is acceptable to Bank in all respects ."
"In the sentences extracted from financial agreements in U.S. SEC filings, identify the named entities that represent a person ('PER'), an organization ('ORG'), or a location ('LOC'). The required answer format is: 'entity name, entity type'.
Text: Unless otherwise agreed to by Bank : not more than 25 % of the Equipment financed with the proceeds of each Equipment Advance shall consist of Other Equipment .
Answer:","Bank, ORG","[O, O, O, O, O, B-ORG, O, O, O, O, O, O, O, O, O, O, O, O, O, O, O, O, O, O, O, O, O, O, O]",Unless otherwise agreed to by Bank : not more than 25 % of the Equipment financed with the proceeds of each Equipment Advance shall consist of Other Equipment .
"In the sentences extracted from financial agreements in U.S. SEC filings, identify the named entities that represent a person ('PER'), an organization ('ORG'), or a location ('LOC'). The required answer format is: 'entity name, entity type'.
Text: Equipment to be located outside of the United States shall be limited to a maximum of $ 150 , 000 .
Answer:","United States, LOC","[O, O, O, O, O, O, O, B-LOC, I-LOC, O, O, O, O, O, O, O, O, O, O, O, O]","Equipment to be located outside of the United States shall be limited to a maximum of $ 150 , 000 ."
"In the sentences extracted from financial agreements in U.S. SEC filings, identify the named entities that represent a person ('PER'), an organization ('ORG'), or a location ('LOC'). The required answer format is: 'entity name, entity type'.
Text: "" EQUIPMENT "" is all present and future machinery , equipment , tenant improvements , furniture , fixtures , vehicles , tools , parts and attachments in which Borrower has any interest .
Answer:","Borrower, PER","[O, O, O, O, O, O, O, O, O, O, O, O, O, O, O, O, O, O, O, O, O, O, O, O, O, O, O, O, B-PER, O, O, O, O]",""" EQUIPMENT "" is all present and future machinery , equipment , tenant improvements , furniture , fixtures , vehicles , tools , parts and attachments in which Borrower has any interest ."
"In the sentences extracted from financial agreements in U.S. SEC filings, identify the named entities that represent a person ('PER'), an organization ('ORG'), or a location ('LOC'). The required answer format is: 'entity name, entity type'.
Text: "" ERISA "" is the Employment Retirement Income Security Act of 1974 , and its regulations .
Answer:","ERISA, ORG","[O, B-ORG, O, O, O, O, O, O, O, O, O, O, O, O, O, O, O]",""" ERISA "" is the Employment Retirement Income Security Act of 1974 , and its regulations ."
"In the sentences extracted from financial agreements in U.S. SEC filings, identify the named entities that represent a person ('PER'), an organization ('ORG'), or a location ('LOC'). The required answer format is: 'entity name, entity type'.
Text: "" FUNDING DATE "" is any date on which an Equipment Advance is made to or on account of Borrower .
Answer:","Borrower, PER","[O, O, O, O, O, O, O, O, O, O, O, O, O, O, O, O, O, O, O, B-PER, O]",""" FUNDING DATE "" is any date on which an Equipment Advance is made to or on account of Borrower ."
"In the sentences extracted from financial agreements in U.S. SEC filings, identify the named entities that represent a person ('PER'), an organization ('ORG'), or a location ('LOC'). The required answer format is: 'entity name, entity type'.
Text: "" INSOLVENCY PROCEEDING "" are proceedings by or against any Person under the United States Bankruptcy Code , or any other bankruptcy or insolvency law , including assignments for the benefit of creditors , compositions , extensions generally with its creditors , or proceedings seeking reorganization , arrangement , or other relief .
Answer:","United States, LOC","[O, O, O, O, O, O, O, O, O, O, O, O, O, B-LOC, I-LOC, O, O, O, O, O, O, O, O, O, O, O, O, O, O, O, O, O, O, O, O, O, O, O, O, O, O, O, O, O, O, O, O, O, O, O, O, O, O]",""" INSOLVENCY PROCEEDING "" are proceedings by or against any Person under the United States Bankruptcy Code , or any other bankruptcy or insolvency law , including assignments for the benefit of creditors , compositions , extensions generally with its creditors , or proceedings seeking reorganization , arrangement , or other relief ."
"In the sentences extracted from financial agreements in U.S. SEC filings, identify the named entities that represent a person ('PER'), an organization ('ORG'), or a location ('LOC'). The required answer format is: 'entity name, entity type'.
Text: "" LOAN DOCUMENTS "" are , collectively , this Agreement , any note , or notes or guaranties executed by Borrower or Guarantor , and any other present or future agreement between Borrower and / or for the benefit of Bank in connection with this Agreement , all as amended , extended or restated .
Answer:","Borrower, PER
Borrower, PER
Bank, ORG","[O, O, O, O, O, O, O, O, O, O, O, O, O, O, O, O, O, O, O, O, B-PER, O, O, O, O, O, O, O, O, O, O, O, B-PER, O, O, O, O, O, O, O, B-ORG, O, O, O, O, O, O, O, O, O, O, O, O, O, O]",""" LOAN DOCUMENTS "" are , collectively , this Agreement , any note , or notes or guaranties executed by Borrower or Guarantor , and any other present or future agreement between Borrower and / or for the benefit of Bank in connection with this Agreement , all as amended , extended or restated ."
"In the sentences extracted from financial agreements in U.S. SEC filings, identify the named entities that represent a person ('PER'), an organization ('ORG'), or a location ('LOC'). The required answer format is: 'entity name, entity type'.
Text: "" OBLIGATIONS "" are debts , principal , interest , Bank Expenses and other amounts Borrower owes Bank now or later , including letters of credit and exchange contracts and including interest accruing after Insolvency Proceedings begin and debts , liabilities , or obligations of Borrower assigned to Bank .
Answer:","Bank, ORG
Borrower, PER
Bank, ORG
Borrower, PER
Bank, ORG","[O, O, O, O, O, O, O, O, O, O, B-ORG, O, O, O, O, B-PER, O, B-ORG, O, O, O, O, O, O, O, O, O, O, O, O, O, O, O, O, O, O, O, O, O, O, O, O, O, O, O, B-PER, O, O, B-ORG, O]",""" OBLIGATIONS "" are debts , principal , interest , Bank Expenses and other amounts Borrower owes Bank now or later , including letters of credit and exchange contracts and including interest accruing after Insolvency Proceedings begin and debts , liabilities , or obligations of Borrower assigned to Bank ."
"In the sentences extracted from financial agreements in U.S. SEC filings, identify the named entities that represent a person ('PER'), an organization ('ORG'), or a location ('LOC'). The required answer format is: 'entity name, entity type'.
Text: "" OTHER EQUIPMENT "" is leasehold improvements , intangible property such as computer software and software licenses , equipment specifically designed or manufactured for Borrower , other intangible property , limited use property and other similar property and soft costs , including sales tax , freight and installation expenses .
Answer:","Borrower, PER","[O, O, O, O, O, O, O, O, O, O, O, O, O, O, O, O, O, O, O, O, O, O, O, O, B-PER, O, O, O, O, O, O, O, O, O, O, O, O, O, O, O, O, O, O, O, O, O, O, O, O, O]",""" OTHER EQUIPMENT "" is leasehold improvements , intangible property such as computer software and software licenses , equipment specifically designed or manufactured for Borrower , other intangible property , limited use property and other similar property and soft costs , including sales tax , freight and installation expenses ."
"In the sentences extracted from financial agreements in U.S. SEC filings, identify the named entities that represent a person ('PER'), an organization ('ORG'), or a location ('LOC'). The required answer format is: 'entity name, entity type'.
Text: "" PRIME RATE "" is Bank ' s most recently announced "" prime rate ,"" even if it is not Bank ' s lowest rate .
Answer:","Bank, ORG
Bank, ORG","[O, O, O, O, O, B-ORG, O, O, O, O, O, O, O, O, O, O, O, O, O, O, B-ORG, O, O, O, O, O]",""" PRIME RATE "" is Bank ' s most recently announced "" prime rate ,"" even if it is not Bank ' s lowest rate ."
"In the sentences extracted from financial agreements in U.S. SEC filings, identify the named entities that represent a person ('PER'), an organization ('ORG'), or a location ('LOC'). The required answer format is: 'entity name, entity type'.
Text: "" RESPONSIBLE OFFICER "" is each of the Chief Executive Officer , the President , the Chief Financial Officer and the Controller of Borrower .
Answer:","Chief Financial Officer, ORG
Borrower, PER","[O, O, O, O, O, O, O, O, O, O, O, O, O, O, O, O, B-ORG, I-ORG, I-ORG, O, O, O, O, B-PER, O]",""" RESPONSIBLE OFFICER "" is each of the Chief Executive Officer , the President , the Chief Financial Officer and the Controller of Borrower ."
"In the sentences extracted from financial agreements in U.S. SEC filings, identify the named entities that represent a person ('PER'), an organization ('ORG'), or a location ('LOC'). The required answer format is: 'entity name, entity type'.
Text: "" STATED COST "" is ( i ) with respect to new equipment , the original cost to Borrower of the item of new equipment net of any and all freight , installation , tax and other soft costs or ( ii ) with respect to used equipment , the net book value assigned to such item of used equipment by Bank , after consultation with Borrower , at the time of the making of the equipment Advance such item of used equipment .
Answer:","Borrower, PER
Bank, ORG
Borrower, PER","[O, O, O, O, O, O, O, O, O, O, O, O, O, O, O, O, O, O, B-PER, O, O, O, O, O, O, O, O, O, O, O, O, O, O, O, O, O, O, O, O, O, O, O, O, O, O, O, O, O, O, O, O, O, O, O, O, O, O, O, O, O, O, B-ORG, O, O, O, O, B-PER, O, O, O, O, O, O, O, O, O, O, O, O, O, O, O, O, O]",""" STATED COST "" is ( i ) with respect to new equipment , the original cost to Borrower of the item of new equipment net of any and all freight , installation , tax and other soft costs or ( ii ) with respect to used equipment , the net book value assigned to such item of used equipment by Bank , after consultation with Borrower , at the time of the making of the equipment Advance such item of used equipment ."
"In the sentences extracted from financial agreements in U.S. SEC filings, identify the named entities that represent a person ('PER'), an organization ('ORG'), or a location ('LOC'). The required answer format is: 'entity name, entity type'.
Text: "" SUBORDINATED DEBT "" is debt incurred by Borrower subordinated to Borrowers debt to Bank ( and identified as subordinated by Borrower and Bank ).
Answer:","Borrower, PER
Bank, ORG
Borrower, PER
Bank, ORG","[O, O, O, O, O, O, O, O, B-PER, O, O, O, O, O, B-ORG, O, O, O, O, O, O, B-PER, O, B-ORG, O]",""" SUBORDINATED DEBT "" is debt incurred by Borrower subordinated to Borrowers debt to Bank ( and identified as subordinated by Borrower and Bank )."
"In the sentences extracted from financial agreements in U.S. SEC filings, identify the named entities that represent a person ('PER'), an organization ('ORG'), or a location ('LOC'). The required answer format is: 'entity name, entity type'.
Text: BORROWER :
Answer:","BORROWER, PER","[B-PER, O]",BORROWER :
"In the sentences extracted from financial agreements in U.S. SEC filings, identify the named entities that represent a person ('PER'), an organization ('ORG'), or a location ('LOC'). The required answer format is: 'entity name, entity type'.
Text: Akamai Technologies , Inc .
Answer:","Akamai Technologies, ORG","[B-ORG, I-ORG, O, O, O]","Akamai Technologies , Inc ."
"In the sentences extracted from financial agreements in U.S. SEC filings, identify the named entities that represent a person ('PER'), an organization ('ORG'), or a location ('LOC'). The required answer format is: 'entity name, entity type'.
Text: By : / s / Paul Sagan ----------------------------- Title : VP and COO ---------------------------
Answer:","Paul Sagan, PER","[O, O, O, O, O, B-PER, I-PER, O, O, O, O, O, O, O]",By : / s / Paul Sagan ----------------------------- Title : VP and COO ---------------------------
"In the sentences extracted from financial agreements in U.S. SEC filings, identify the named entities that represent a person ('PER'), an organization ('ORG'), or a location ('LOC'). The required answer format is: 'entity name, entity type'.
Text: BANK :
Answer:","BANK, ORG","[B-ORG, O]",BANK :
"In the sentences extracted from financial agreements in U.S. SEC filings, identify the named entities that represent a person ('PER'), an organization ('ORG'), or a location ('LOC'). The required answer format is: 'entity name, entity type'.
Text: SILICON VALLEY BANK , doing business as SILICON VALLEY EAST
Answer:","SILICON VALLEY BANK, ORG
SILICON VALLEY EAST, LOC","[B-ORG, I-ORG, I-ORG, O, O, O, O, B-LOC, I-LOC, I-LOC]","SILICON VALLEY BANK , doing business as SILICON VALLEY EAST"
"In the sentences extracted from financial agreements in U.S. SEC filings, identify the named entities that represent a person ('PER'), an organization ('ORG'), or a location ('LOC'). The required answer format is: 'entity name, entity type'.
Text: By : / s / Nancy E . Funkhouser ----------------------------- Title : Assistant Vice President ---------------------------
Answer:","Nancy E, PER","[O, O, O, O, O, B-PER, I-PER, O, O, O, O, O, O, O, O, O]",By : / s / Nancy E . Funkhouser ----------------------------- Title : Assistant Vice President ---------------------------
"In the sentences extracted from financial agreements in U.S. SEC filings, identify the named entities that represent a person ('PER'), an organization ('ORG'), or a location ('LOC'). The required answer format is: 'entity name, entity type'.
Text: SILICON VALLEY BANK
Answer:","SILICON VALLEY BANK, ORG","[B-ORG, I-ORG, I-ORG]",SILICON VALLEY BANK
"In the sentences extracted from financial agreements in U.S. SEC filings, identify the named entities that represent a person ('PER'), an organization ('ORG'), or a location ('LOC'). The required answer format is: 'entity name, entity type'.
Text: By : / s / [ illegible ] ----------------------------- Title : AVP --------------------------- executed in Santa Clara County , California
Answer:","Santa Clara, LOC
California, LOC","[O, O, O, O, O, O, O, O, O, O, O, O, O, O, O, B-LOC, I-LOC, O, O, B-LOC]","By : / s / [ illegible ] ----------------------------- Title : AVP --------------------------- executed in Santa Clara County , California"
"In the sentences extracted from financial agreements in U.S. SEC filings, identify the named entities that represent a person ('PER'), an organization ('ORG'), or a location ('LOC'). The required answer format is: 'entity name, entity type'.
Text: Dated March 31 , 2007 Thinkplus Investments Limited ( as the Lender ) AND Airland International Limited Bizexpress Limited ( as the Borrower ) Loan Agreement Contents
Answer:","Thinkplus Investments Limited, ORG
Lender, PER
Airland International Limited Bizexpress Limited, ORG
Borrower, PER","[O, O, O, O, O, B-ORG, I-ORG, I-ORG, O, O, O, B-PER, O, O, B-ORG, I-ORG, I-ORG, I-ORG, I-ORG, O, O, O, B-PER, O, O, O, O]","Dated March 31 , 2007 Thinkplus Investments Limited ( as the Lender ) AND Airland International Limited Bizexpress Limited ( as the Borrower ) Loan Agreement Contents"
"In the sentences extracted from financial agreements in U.S. SEC filings, identify the named entities that represent a person ('PER'), an organization ('ORG'), or a location ('LOC'). The required answer format is: 'entity name, entity type'.
Text: Page Article Article 1 Definitions 3 Article 2 Loan 5 Article 3 Security for the Loan 6 Article 4 Representations and Warranties by the Company 6 Article 5 Representations and Warranties by the Borrower 7 Article 6 Confidentiality 8 Article 7 Taxes and Expenses 8 Article 8 Succession and Assignment 8 Article 9 Notices 8 Article 10 Applicable Law and Dispute Resolution 9 Article 11 Effectiveness
Answer:","Borrower, PER","[O, O, O, O, O, O, O, O, O, O, O, O, O, O, O, O, O, O, O, O, O, O, O, O, O, O, O, O, O, O, O, O, O, B-PER, O, O, O, O, O, O, O, O, O, O, O, O, O, O, O, O, O, O, O, O, O, O, O, O, O, O, O, O, O, O, O, O]",Page Article Article 1 Definitions 3 Article 2 Loan 5 Article 3 Security for the Loan 6 Article 4 Representations and Warranties by the Company 6 Article 5 Representations and Warranties by the Borrower 7 Article 6 Confidentiality 8 Article 7 Taxes and Expenses 8 Article 8 Succession and Assignment 8 Article 9 Notices 8 Article 10 Applicable Law and Dispute Resolution 9 Article 11 Effectiveness
"In the sentences extracted from financial agreements in U.S. SEC filings, identify the named entities that represent a person ('PER'), an organization ('ORG'), or a location ('LOC'). The required answer format is: 'entity name, entity type'.
Text: 9 THIS LOAN AGREEMENT ("" this Agreement "") is entered into by and between the parties below in Beijing , China as of March 31 , 2007 : Thinkplus Investments Limited ., a corporation incorporated under the laws of the Cayman Islands , whose registered address is Codan Trust Company ( Cayman ) Limited , Century Yard , Cricket Square , Hutchins Drive , P . O .
Answer:","Beijing, LOC
China, LOC
Thinkplus Investments Limited, ORG
Cayman Islands, LOC
Codan Trust Company, LOC
Cayman, LOC
Century Yard, LOC
Cricket Square, LOC
Hutchins Drive, LOC","[O, O, O, O, O, O, O, O, O, O, O, O, O, O, O, O, O, O, B-LOC, O, B-LOC, O, O, O, O, O, O, O, B-ORG, I-ORG, I-ORG, O, O, O, O, O, O, O, O, O, B-LOC, I-LOC, O, O, O, O, O, B-LOC, I-LOC, I-LOC, O, B-LOC, O, O, O, B-LOC, I-LOC, O, B-LOC, I-LOC, O, B-LOC, I-LOC, O, O, O, O, O]","9 THIS LOAN AGREEMENT ("" this Agreement "") is entered into by and between the parties below in Beijing , China as of March 31 , 2007 : Thinkplus Investments Limited ., a corporation incorporated under the laws of the Cayman Islands , whose registered address is Codan Trust Company ( Cayman ) Limited , Century Yard , Cricket Square , Hutchins Drive , P . O ."
"In the sentences extracted from financial agreements in U.S. SEC filings, identify the named entities that represent a person ('PER'), an organization ('ORG'), or a location ('LOC'). The required answer format is: 'entity name, entity type'.
Text: Box 2681GT , George Town , Grand Cayman , British West Indies , hereinafter referred to as the "" Company ""; Airland International Limited , a corporation incorporated under the laws of the British Virgin Islands , whose registered address is 2nd floor , Abbott Building Road Town , Tortola , British Virgin Islands , hereinafter referred to as the "" Airland ""; AND Bizexpress Limited , a corporation incorporated under the laws of the British Virgin Islands , whose registered address is 2nd floor , Abbott Building Road Town , Tortola , British Virgin Islands , hereinafter referred to as the "" Bizexpress "" Airland and Bizexpress are collectively referred to as the "" Borrower "".
Answer:","George Town, LOC
Grand Cayman, LOC
British West Indies, LOC
Airland International Limited, ORG
British Virgin Islands, LOC
2nd floor, LOC
Abbott Building Road Town, LOC
Tortola, LOC
British Virgin Islands, LOC
Bizexpress Limited, LOC
British Virgin Islands, LOC
2nd floor, LOC
Abbott Building Road Town, LOC
Tortola, LOC
British Virgin Islands, LOC
Bizexpress, ORG
Airland, ORG
Bizexpress, ORG
Borrower, PER","[O, O, O, B-LOC, I-LOC, O, B-LOC, I-LOC, O, B-LOC, I-LOC, I-LOC, O, O, O, O, O, O, O, O, O, B-ORG, I-ORG, I-ORG, O, O, O, O, O, O, O, O, O, B-LOC, I-LOC, I-LOC, O, O, O, O, O, B-LOC, I-LOC, O, B-LOC, I-LOC, I-LOC, I-LOC, O, B-LOC, O, B-LOC, I-LOC, I-LOC, O, O, O, O, O, O, O, O, O, O, B-LOC, I-LOC, O, O, O, O, O, O, O, O, O, B-LOC, I-LOC, I-LOC, O, O, O, O, O, B-LOC, I-LOC, O, B-LOC, I-LOC, I-LOC, I-LOC, O, B-LOC, O, B-LOC, I-LOC, I-LOC, O, O, O, O, O, O, O, B-ORG, O, B-ORG, O, B-ORG, O, O, O, O, O, O, O, B-PER, O]","Box 2681GT , George Town , Grand Cayman , British West Indies , hereinafter referred to as the "" Company ""; Airland International Limited , a corporation incorporated under the laws of the British Virgin Islands , whose registered address is 2nd floor , Abbott Building Road Town , Tortola , British Virgin Islands , hereinafter referred to as the "" Airland ""; AND Bizexpress Limited , a corporation incorporated under the laws of the British Virgin Islands , whose registered address is 2nd floor , Abbott Building Road Town , Tortola , British Virgin Islands , hereinafter referred to as the "" Bizexpress "" Airland and Bizexpress are collectively referred to as the "" Borrower ""."
"In the sentences extracted from financial agreements in U.S. SEC filings, identify the named entities that represent a person ('PER'), an organization ('ORG'), or a location ('LOC'). The required answer format is: 'entity name, entity type'.
Text: The Company and the Borrower are collectively referred to as the "" Parties "" and individually as a "" Party "".
Answer:","Borrower, PER","[O, O, O, O, B-PER, O, O, O, O, O, O, O, O, O, O, O, O, O, O, O, O]","The Company and the Borrower are collectively referred to as the "" Parties "" and individually as a "" Party ""."
"In the sentences extracted from financial agreements in U.S. SEC filings, identify the named entities that represent a person ('PER'), an organization ('ORG'), or a location ('LOC'). The required answer format is: 'entity name, entity type'.
Text: The Company and the Borrower have signed the Subscription Agreement ( as defined below ) on the date of this Agreement and Worksoft , Zhang Jilun and Shi Rongbin have signed the Equity Transfer Contract ( as defined below ) on the date of this Agreement ;
Answer:","Borrower, PER
Worksoft, ORG
Zhang Jilun, PER
Shi Rongbin, PER","[O, O, O, O, B-PER, O, O, O, O, O, O, O, O, O, O, O, O, O, O, O, O, O, B-ORG, O, B-PER, I-PER, O, B-PER, I-PER, O, O, O, O, O, O, O, O, O, O, O, O, O, O, O, O, O, O]","The Company and the Borrower have signed the Subscription Agreement ( as defined below ) on the date of this Agreement and Worksoft , Zhang Jilun and Shi Rongbin have signed the Equity Transfer Contract ( as defined below ) on the date of this Agreement ;"
"In the sentences extracted from financial agreements in U.S. SEC filings, identify the named entities that represent a person ('PER'), an organization ('ORG'), or a location ('LOC'). The required answer format is: 'entity name, entity type'.
Text: Subject to the terms and conditions of this Agreement , the Company agrees to provide the Loan to the Borrower and the Borrower agrees to pledge part of its shares in the Company to the Company as a security for the Loan .
Answer:","Borrower, PER
Borrower, PER","[O, O, O, O, O, O, O, O, O, O, O, O, O, O, O, O, O, O, O, B-PER, O, O, B-PER, O, O, O, O, O, O, O, O, O, O, O, O, O, O, O, O, O, O, O, O]","Subject to the terms and conditions of this Agreement , the Company agrees to provide the Loan to the Borrower and the Borrower agrees to pledge part of its shares in the Company to the Company as a security for the Loan ."
"In the sentences extracted from financial agreements in U.S. SEC filings, identify the named entities that represent a person ('PER'), an organization ('ORG'), or a location ('LOC'). The required answer format is: 'entity name, entity type'.
Text: ( a ) "" Account "" means the USD account opened by the Borrower outside of China for the Loan .
Answer:","Borrower, PER
China, LOC","[O, O, O, O, O, O, O, O, O, O, O, O, O, B-PER, O, O, B-LOC, O, O, O, O]","( a ) "" Account "" means the USD account opened by the Borrower outside of China for the Loan ."
"In the sentences extracted from financial agreements in U.S. SEC filings, identify the named entities that represent a person ('PER'), an organization ('ORG'), or a location ('LOC'). The required answer format is: 'entity name, entity type'.
Text: ( b ) "" Business Day "" means any day other than a Saturday , a Sunday or a day on which banks in the PRC or Hong Kong Special Administrative Region ("" Hong Kong "") are authorized or obliged by applicable law to be closed .
Answer:","Hong Kong Special Administrative Region, LOC
Hong Kong, LOC","[O, O, O, O, O, O, O, O, O, O, O, O, O, O, O, O, O, O, O, O, O, O, O, O, O, O, O, B-LOC, I-LOC, I-LOC, I-LOC, I-LOC, O, B-LOC, I-LOC, O, O, O, O, O, O, O, O, O, O, O, O]","( b ) "" Business Day "" means any day other than a Saturday , a Sunday or a day on which banks in the PRC or Hong Kong Special Administrative Region ("" Hong Kong "") are authorized or obliged by applicable law to be closed ."
"In the sentences extracted from financial agreements in U.S. SEC filings, identify the named entities that represent a person ('PER'), an organization ('ORG'), or a location ('LOC'). The required answer format is: 'entity name, entity type'.
Text: "" Funding Date "" means the 7th working day after Worksoft is registered as a
Answer:","Worksoft, ORG","[O, O, O, O, O, O, O, O, O, O, B-ORG, O, O, O, O]",""" Funding Date "" means the 7th working day after Worksoft is registered as a"
"In the sentences extracted from financial agreements in U.S. SEC filings, identify the named entities that represent a person ('PER'), an organization ('ORG'), or a location ('LOC'). The required answer format is: 'entity name, entity type'.
Text: shareholder of Shanghai Solutions and holds the 75 % equity interest of Shanghai Solutions and one representative appointed by Worksoft is registered as the director of Shanghai Solutions .
Answer:","Shanghai Solutions, ORG
Shanghai Solutions, ORG
Worksoft, ORG
Shanghai Solutions, ORG","[O, O, B-ORG, I-ORG, O, O, O, O, O, O, O, O, B-ORG, I-ORG, O, O, O, O, O, B-ORG, O, O, O, O, O, O, B-ORG, I-ORG, O]",shareholder of Shanghai Solutions and holds the 75 % equity interest of Shanghai Solutions and one representative appointed by Worksoft is registered as the director of Shanghai Solutions .
"In the sentences extracted from financial agreements in U.S. SEC filings, identify the named entities that represent a person ('PER'), an organization ('ORG'), or a location ('LOC'). The required answer format is: 'entity name, entity type'.
Text: ( e ) "" Equity Transfer Contract "" means the Equity Transfer Contract signed by Worksoft Creative Software Technology Ltd . ("" Worksoft "", a wholly owned subsidiary of the Company in China ), Zhang Jilun and Shi Rongbin with respect to Zhang Jilun and Shi Rongbin transferring part of their equity interests in Shanghai Solutions Software Co ., Ltd . ("" Shanghai Solutions "") to Worksoft on the date of this Agreement .
Answer:","Worksoft Creative Software Technology Ltd, ORG
Worksoft, ORG
China, LOC
Zhang Jilun, PER
Shi Rongbin, PER
Zhang Jilun, PER
Shi Rongbin, PER
Shanghai Solutions Software Co, ORG
Shanghai Solutions, ORG
Worksoft, ORG","[O, O, O, O, O, O, O, O, O, O, O, O, O, O, O, B-ORG, I-ORG, I-ORG, I-ORG, I-ORG, O, O, B-ORG, O, O, O, O, O, O, O, O, O, B-LOC, O, B-PER, I-PER, O, B-PER, I-PER, O, O, O, B-PER, I-PER, O, B-PER, I-PER, O, O, O, O, O, O, O, B-ORG, I-ORG, I-ORG, I-ORG, O, O, O, O, B-ORG, I-ORG, O, O, B-ORG, O, O, O, O, O, O, O]","( e ) "" Equity Transfer Contract "" means the Equity Transfer Contract signed by Worksoft Creative Software Technology Ltd . ("" Worksoft "", a wholly owned subsidiary of the Company in China ), Zhang Jilun and Shi Rongbin with respect to Zhang Jilun and Shi Rongbin transferring part of their equity interests in Shanghai Solutions Software Co ., Ltd . ("" Shanghai Solutions "") to Worksoft on the date of this Agreement ."
"In the sentences extracted from financial agreements in U.S. SEC filings, identify the named entities that represent a person ('PER'), an organization ('ORG'), or a location ('LOC'). The required answer format is: 'entity name, entity type'.
Text: ( f ) "" PRC "" means the People ' s Republic of China excluding , for the purpose of this Agreement , Hong Kong Special Administrative Region , Macao Special Administrative Region and Taiwan .
Answer:","Republic of China, LOC
Hong Kong Special Administrative Region, LOC
Macao Special Administrative Region, LOC
Taiwan, LOC","[O, O, O, O, O, O, O, O, O, O, O, B-LOC, I-LOC, I-LOC, O, O, O, O, O, O, O, O, O, B-LOC, I-LOC, I-LOC, I-LOC, I-LOC, O, B-LOC, I-LOC, I-LOC, I-LOC, O, B-LOC, O]","( f ) "" PRC "" means the People ' s Republic of China excluding , for the purpose of this Agreement , Hong Kong Special Administrative Region , Macao Special Administrative Region and Taiwan ."
"In the sentences extracted from financial agreements in U.S. SEC filings, identify the named entities that represent a person ('PER'), an organization ('ORG'), or a location ('LOC'). The required answer format is: 'entity name, entity type'.
Text: ( k ) "" Subscription Agreement "" means the Subscription Agreement regarding the issue by the Company of the Shares and the Stock Options to the Borrower signed by the Company and the Borrower on the date of this Agreement .
Answer:","Borrower, PER
Borrower, PER","[O, O, O, O, O, O, O, O, O, O, O, O, O, O, O, O, O, O, O, O, O, O, O, O, O, O, B-PER, O, O, O, O, O, O, B-PER, O, O, O, O, O, O, O]","( k ) "" Subscription Agreement "" means the Subscription Agreement regarding the issue by the Company of the Shares and the Stock Options to the Borrower signed by the Company and the Borrower on the date of this Agreement ."
"In the sentences extracted from financial agreements in U.S. SEC filings, identify the named entities that represent a person ('PER'), an organization ('ORG'), or a location ('LOC'). The required answer format is: 'entity name, entity type'.
Text: ( n ) "" USD "" means US dollars , the lawful currency of the United State of America .
Answer:","United State of America, LOC","[O, O, O, O, O, O, O, O, O, O, O, O, O, O, O, B-LOC, I-LOC, I-LOC, I-LOC, O]","( n ) "" USD "" means US dollars , the lawful currency of the United State of America ."
"In the sentences extracted from financial agreements in U.S. SEC filings, identify the named entities that represent a person ('PER'), an organization ('ORG'), or a location ('LOC'). The required answer format is: 'entity name, entity type'.
Text: 2 . 1 Loan Subject to Article 3 of this Agreement , the Company hereby undertakes to grant to the Borrower , and the Borrower agrees to borrow from the Company , a loan in an aggregate amount of no more than the USD equivalent to RMB 20 , 000 , 000 ( the "" Loan ""), in which the USD equivalent to RMB 14 , 613 , 000 shall be granted to Airland and the USD equivalent to RMB 5 , 387 , 000 shall be granted to Bizexpress .
Answer:","Borrower, PER
Borrower, PER
Airland, ORG
Bizexpress, ORG","[O, O, O, O, O, O, O, O, O, O, O, O, O, O, O, O, O, O, O, O, B-PER, O, O, O, B-PER, O, O, O, O, O, O, O, O, O, O, O, O, O, O, O, O, O, O, O, O, O, O, O, O, O, O, O, O, O, O, O, O, O, O, O, O, O, O, O, O, O, O, O, O, O, O, O, O, B-ORG, O, O, O, O, O, O, O, O, O, O, O, O, O, O, O, B-ORG, O]","2 . 1 Loan Subject to Article 3 of this Agreement , the Company hereby undertakes to grant to the Borrower , and the Borrower agrees to borrow from the Company , a loan in an aggregate amount of no more than the USD equivalent to RMB 20 , 000 , 000 ( the "" Loan ""), in which the USD equivalent to RMB 14 , 613 , 000 shall be granted to Airland and the USD equivalent to RMB 5 , 387 , 000 shall be granted to Bizexpress ."
"In the sentences extracted from financial agreements in U.S. SEC filings, identify the named entities that represent a person ('PER'), an organization ('ORG'), or a location ('LOC'). The required answer format is: 'entity name, entity type'.
Text: ( a ) The Borrower shall inform the Company in writing of account information on the date preceding the Funding Date .
Answer:","Borrower, PER","[O, O, O, O, B-PER, O, O, O, O, O, O, O, O, O, O, O, O, O, O, O, O, O]",( a ) The Borrower shall inform the Company in writing of account information on the date preceding the Funding Date .
"In the sentences extracted from financial agreements in U.S. SEC filings, identify the named entities that represent a person ('PER'), an organization ('ORG'), or a location ('LOC'). The required answer format is: 'entity name, entity type'.
Text: ( b ) On the Funding Date , the Borrower shall issue a receipt to the Company evidencing that it has fully received the Loan .
Answer:","Borrower, PER","[O, O, O, O, O, O, O, O, O, B-PER, O, O, O, O, O, O, O, O, O, O, O, O, O, O, O, O]","( b ) On the Funding Date , the Borrower shall issue a receipt to the Company evidencing that it has fully received the Loan ."
"In the sentences extracted from financial agreements in U.S. SEC filings, identify the named entities that represent a person ('PER'), an organization ('ORG'), or a location ('LOC'). The required answer format is: 'entity name, entity type'.
Text: ( c ) The Loan shall be granted to the Borrower in USD .
Answer:","Borrower, PER","[O, O, O, O, O, O, O, O, O, O, B-PER, O, O, O]",( c ) The Loan shall be granted to the Borrower in USD .
"In the sentences extracted from financial agreements in U.S. SEC filings, identify the named entities that represent a person ('PER'), an organization ('ORG'), or a location ('LOC'). The required answer format is: 'entity name, entity type'.
Text: The exchange rate between USD and RMB shall be the exchange rate published by the People ' s Bank of China on the date preceding the Funding Date .
Answer:","Bank of China, ORG","[O, O, O, O, O, O, O, O, O, O, O, O, O, O, O, O, O, O, B-ORG, I-ORG, I-ORG, O, O, O, O, O, O, O, O]",The exchange rate between USD and RMB shall be the exchange rate published by the People ' s Bank of China on the date preceding the Funding Date .
"In the sentences extracted from financial agreements in U.S. SEC filings, identify the named entities that represent a person ('PER'), an organization ('ORG'), or a location ('LOC'). The required answer format is: 'entity name, entity type'.
Text: 2 . 4 Repayment of the Loan The Borrower shall fully repay the Loan and the accrued interest according to the following arrangement on the First Repayment Date and / or the Second Repayment Date :
Answer:","Borrower, PER","[O, O, O, O, O, O, O, O, B-PER, O, O, O, O, O, O, O, O, O, O, O, O, O, O, O, O, O, O, O, O, O, O, O, O, O, O, O]",2 . 4 Repayment of the Loan The Borrower shall fully repay the Loan and the accrued interest according to the following arrangement on the First Repayment Date and / or the Second Repayment Date :
"In the sentences extracted from financial agreements in U.S. SEC filings, identify the named entities that represent a person ('PER'), an organization ('ORG'), or a location ('LOC'). The required answer format is: 'entity name, entity type'.
Text: ( i ) The Borrower shall make the first repayment on the First Repayment Date ;
Answer:","Borrower, PER","[O, O, O, O, B-PER, O, O, O, O, O, O, O, O, O, O, O]",( i ) The Borrower shall make the first repayment on the First Repayment Date ;
"In the sentences extracted from financial agreements in U.S. SEC filings, identify the named entities that represent a person ('PER'), an organization ('ORG'), or a location ('LOC'). The required answer format is: 'entity name, entity type'.
Text: If the Tranche B Cash Payment is equal to or more than the Loan ( including accrued interest ), the Borrower does not need to repay the Loan and the Loan shall be deemed as having been repaid in full ;
Answer:","Borrower, PER","[O, O, O, O, O, O, O, O, O, O, O, O, O, O, O, O, O, O, O, O, B-PER, O, O, O, O, O, O, O, O, O, O, O, O, O, O, O, O, O, O, O, O]","If the Tranche B Cash Payment is equal to or more than the Loan ( including accrued interest ), the Borrower does not need to repay the Loan and the Loan shall be deemed as having been repaid in full ;"
"In the sentences extracted from financial agreements in U.S. SEC filings, identify the named entities that represent a person ('PER'), an organization ('ORG'), or a location ('LOC'). The required answer format is: 'entity name, entity type'.
Text: the difference between the Loan ( including accrued interest ) and Tranche B Cash Payment ("" Tranche B Repayment "") shall be repaid by the Borrower to the Company on the Second Repayment Date .
Answer:","Borrower, PER","[O, O, O, O, O, O, O, O, O, O, O, O, O, O, O, O, O, O, O, O, O, O, O, O, O, B-PER, O, O, O, O, O, O, O, O, O]","the difference between the Loan ( including accrued interest ) and Tranche B Cash Payment ("" Tranche B Repayment "") shall be repaid by the Borrower to the Company on the Second Repayment Date ."
"In the sentences extracted from financial agreements in U.S. SEC filings, identify the named entities that represent a person ('PER'), an organization ('ORG'), or a location ('LOC'). The required answer format is: 'entity name, entity type'.
Text: ( b ) Second Repayment On the Second Repayment Date , the Borrower makes the second repayment , i . e .
Answer:","Borrower, PER","[O, O, O, O, O, O, O, O, O, O, O, O, B-PER, O, O, O, O, O, O, O, O, O]","( b ) Second Repayment On the Second Repayment Date , the Borrower makes the second repayment , i . e ."
"In the sentences extracted from financial agreements in U.S. SEC filings, identify the named entities that represent a person ('PER'), an organization ('ORG'), or a location ('LOC'). The required answer format is: 'entity name, entity type'.
Text: 3 . 1 Security for the Loan To secure the Loan provided by the Company to the Borrower , the Borrower agrees to pledge all the Tranche A Shares to the Company on the Funding Date as a security for the Loan and upon request by the Company , to sign all documents and take all actions necessary or appropriate to effect such pledge .
Answer:","Borrower, PER
Borrower, PER","[O, O, O, O, O, O, O, O, O, O, O, O, O, O, O, O, O, B-PER, O, O, B-PER, O, O, O, O, O, O, O, O, O, O, O, O, O, O, O, O, O, O, O, O, O, O, O, O, O, O, O, O, O, O, O, O, O, O, O, O, O, O, O, O, O, O, O, O]","3 . 1 Security for the Loan To secure the Loan provided by the Company to the Borrower , the Borrower agrees to pledge all the Tranche A Shares to the Company on the Funding Date as a security for the Loan and upon request by the Company , to sign all documents and take all actions necessary or appropriate to effect such pledge ."
"In the sentences extracted from financial agreements in U.S. SEC filings, identify the named entities that represent a person ('PER'), an organization ('ORG'), or a location ('LOC'). The required answer format is: 'entity name, entity type'.
Text: Article 4 Representations and Warranties by the Company The Company represents and warrants to the Borrower that each of the following representations is true and accurate and not misleading in any material respect on the date of this Agreement and will be true and accurate and not misleading in any material respect as at the Funding Date :
Answer:","Borrower, PER","[O, O, O, O, O, O, O, O, O, O, O, O, O, O, O, B-PER, O, O, O, O, O, O, O, O, O, O, O, O, O, O, O, O, O, O, O, O, O, O, O, O, O, O, O, O, O, O, O, O, O, O, O, O, O, O, O, O, O, O]",Article 4 Representations and Warranties by the Company The Company represents and warrants to the Borrower that each of the following representations is true and accurate and not misleading in any material respect on the date of this Agreement and will be true and accurate and not misleading in any material respect as at the Funding Date :
"In the sentences extracted from financial agreements in U.S. SEC filings, identify the named entities that represent a person ('PER'), an organization ('ORG'), or a location ('LOC'). The required answer format is: 'entity name, entity type'.
Text: Article 5 Representations and Warranties by the Borrower The Borrower represents and warrants to the Company that each of the following representations is true and accurate and not misleading in any material respect on the date of this Agreement and will be true and accurate and not misleading in any material respect as at the Funding Date and the Repayment Date :
Answer:","Borrower, PER
Borrower, PER","[O, O, O, O, O, O, O, B-PER, O, B-PER, O, O, O, O, O, O, O, O, O, O, O, O, O, O, O, O, O, O, O, O, O, O, O, O, O, O, O, O, O, O, O, O, O, O, O, O, O, O, O, O, O, O, O, O, O, O, O, O, O, O, O, O]",Article 5 Representations and Warranties by the Borrower The Borrower represents and warrants to the Company that each of the following representations is true and accurate and not misleading in any material respect on the date of this Agreement and will be true and accurate and not misleading in any material respect as at the Funding Date and the Repayment Date :
"In the sentences extracted from financial agreements in U.S. SEC filings, identify the named entities that represent a person ('PER'), an organization ('ORG'), or a location ('LOC'). The required answer format is: 'entity name, entity type'.
Text: ( a ) The Borrower shall bear any and all tax obligations arising from this Agreement and the Loan contemplated thereby in accordance with related laws and regulations ;
Answer:","Borrower, PER","[O, O, O, O, B-PER, O, O, O, O, O, O, O, O, O, O, O, O, O, O, O, O, O, O, O, O, O, O, O, O]",( a ) The Borrower shall bear any and all tax obligations arising from this Agreement and the Loan contemplated thereby in accordance with related laws and regulations ;
"In the sentences extracted from financial agreements in U.S. SEC filings, identify the named entities that represent a person ('PER'), an organization ('ORG'), or a location ('LOC'). The required answer format is: 'entity name, entity type'.
Text: ( b ) If the Company is required to pay any tax by any law , regulation or government department due to this Agreement and the Loan contemplated thereby , such tax shall be borne by the Borrower .
Answer:","Borrower, PER","[O, O, O, O, O, O, O, O, O, O, O, O, O, O, O, O, O, O, O, O, O, O, O, O, O, O, O, O, O, O, O, O, O, O, O, O, O, B-PER, O]","( b ) If the Company is required to pay any tax by any law , regulation or government department due to this Agreement and the Loan contemplated thereby , such tax shall be borne by the Borrower ."
"In the sentences extracted from financial agreements in U.S. SEC filings, identify the named entities that represent a person ('PER'), an organization ('ORG'), or a location ('LOC'). The required answer format is: 'entity name, entity type'.
Text: 7 . 2 Expenses The Company and the Borrower shall pay their own legal and other costs and expenses in connection with the negotiation , preparation , execution and completion of this Agreement and other related documentation .
Answer:","Borrower, PER","[O, O, O, O, O, O, O, O, B-PER, O, O, O, O, O, O, O, O, O, O, O, O, O, O, O, O, O, O, O, O, O, O, O, O, O, O, O, O, O]","7 . 2 Expenses The Company and the Borrower shall pay their own legal and other costs and expenses in connection with the negotiation , preparation , execution and completion of this Agreement and other related documentation ."
"In the sentences extracted from financial agreements in U.S. SEC filings, identify the named entities that represent a person ('PER'), an organization ('ORG'), or a location ('LOC'). The required answer format is: 'entity name, entity type'.
Text: Without the prior written consent of the Company , the Borrower shall not transfer any of its rights or obligations under this Agreement .
Answer:","Borrower, PER","[O, O, O, O, O, O, O, O, O, O, B-PER, O, O, O, O, O, O, O, O, O, O, O, O, O]","Without the prior written consent of the Company , the Borrower shall not transfer any of its rights or obligations under this Agreement ."
"In the sentences extracted from financial agreements in U.S. SEC filings, identify the named entities that represent a person ('PER'), an organization ('ORG'), or a location ('LOC'). The required answer format is: 'entity name, entity type'.
Text: : Sidney X . Huang Address : 3F , No . 8 Building , Zhongguancun Software Park , Beijing , China Fax : 86 ( 10 ) 8282 - 5058 If to Airland : Attn .
Answer:","Sidney X . Huang, PER
3F, LOC
Zhongguancun Software Park, LOC
Beijing, LOC
China, LOC
Airland, ORG","[O, B-PER, I-PER, I-PER, I-PER, O, O, B-LOC, O, O, O, O, O, O, B-LOC, I-LOC, I-LOC, O, B-LOC, O, B-LOC, O, O, O, O, O, O, O, O, O, O, O, B-ORG, O, O, O]",": Sidney X . Huang Address : 3F , No . 8 Building , Zhongguancun Software Park , Beijing , China Fax : 86 ( 10 ) 8282 - 5058 If to Airland : Attn ."
"In the sentences extracted from financial agreements in U.S. SEC filings, identify the named entities that represent a person ('PER'), an organization ('ORG'), or a location ('LOC'). The required answer format is: 'entity name, entity type'.
Text: : Zhang Jilun Address : Rm . 701 , 36 #, Lane 100 , Tianlin East Road , Shanghai Fax : 86 ( 10 ) 5424 - 8771 If to Bizexperss : Attn .
Answer:","Zhang Jilun, PER
36, LOC
Lane 100, LOC
Tianlin East Road, LOC
Shanghai, LOC
Bizexperss, ORG","[O, B-PER, I-PER, O, O, O, O, O, O, B-LOC, O, B-LOC, I-LOC, O, B-LOC, I-LOC, I-LOC, O, B-LOC, O, O, O, O, O, O, O, O, O, O, O, B-ORG, O, O, O]",": Zhang Jilun Address : Rm . 701 , 36 #, Lane 100 , Tianlin East Road , Shanghai Fax : 86 ( 10 ) 5424 - 8771 If to Bizexperss : Attn ."
"In the sentences extracted from financial agreements in U.S. SEC filings, identify the named entities that represent a person ('PER'), an organization ('ORG'), or a location ('LOC'). The required answer format is: 'entity name, entity type'.
Text: : Shi Rongbin Address : Rm . 501 , 44 #, Lane 345 , Guidu Road , Shanghai Fax : 86 ( 10 ) 5424 - 8771 Article 10 Applicable Law and Dispute Resolution
Answer:","Shi Rongbin, PER
44, LOC
Lane 345, LOC
Guidu Road, LOC
Shanghai, LOC","[O, B-PER, I-PER, O, O, O, O, O, O, B-LOC, O, B-LOC, I-LOC, O, B-LOC, I-LOC, O, B-LOC, O, O, O, O, O, O, O, O, O, O, O, O, O, O, O, O]",": Shi Rongbin Address : Rm . 501 , 44 #, Lane 345 , Guidu Road , Shanghai Fax : 86 ( 10 ) 5424 - 8771 Article 10 Applicable Law and Dispute Resolution"
"In the sentences extracted from financial agreements in U.S. SEC filings, identify the named entities that represent a person ('PER'), an organization ('ORG'), or a location ('LOC'). The required answer format is: 'entity name, entity type'.
Text: 10 . 1 Applicable Law This Agreement shall be governed by and construed by the laws of Hong Kong .
Answer:","Hong Kong, LOC","[O, O, O, O, O, O, O, O, O, O, O, O, O, O, O, O, O, B-LOC, I-LOC, O]",10 . 1 Applicable Law This Agreement shall be governed by and construed by the laws of Hong Kong .
"In the sentences extracted from financial agreements in U.S. SEC filings, identify the named entities that represent a person ('PER'), an organization ('ORG'), or a location ('LOC'). The required answer format is: 'entity name, entity type'.
Text: In case no resolution can be reached within thirty ( 30 ) days after a Party makes a request for resolution , such Party may refer such dispute to Hong Kong International Arbitration Center for arbitration in accordance with its arbitration rules then in effect .
Answer:","Hong Kong International Arbitration Center, ORG","[O, O, O, O, O, O, O, O, O, O, O, O, O, O, O, O, O, O, O, O, O, O, O, O, O, O, O, O, O, B-ORG, I-ORG, I-ORG, I-ORG, I-ORG, O, O, O, O, O, O, O, O, O, O, O, O]","In case no resolution can be reached within thirty ( 30 ) days after a Party makes a request for resolution , such Party may refer such dispute to Hong Kong International Arbitration Center for arbitration in accordance with its arbitration rules then in effect ."
"In the sentences extracted from financial agreements in U.S. SEC filings, identify the named entities that represent a person ('PER'), an organization ('ORG'), or a location ('LOC'). The required answer format is: 'entity name, entity type'.
Text: Company Thinkplus Investments Limited By : / s / Chen Shuning Name : Chen Shuning Title : Chairman Borrower Airland International Limited By : / s / Zhang Jilun Name : Zhang Jilun Title : Director Bizexpress Limited By : / s / Shi Rongbin Name : Shi Rongbin Title : Director
Answer:","Thinkplus Investments Limited, ORG
Chen Shuning, PER
Chen Shuning, PER
Borrower, PER
Airland International Limited, ORG
Zhang Jilun, PER
Zhang Jilun, PER
Bizexpress Limited, ORG
Shi Rongbin, PER
Shi Rongbin, PER","[O, B-ORG, I-ORG, I-ORG, O, O, O, O, O, B-PER, I-PER, O, O, B-PER, I-PER, O, O, O, B-PER, B-ORG, I-ORG, I-ORG, O, O, O, O, O, B-PER, I-PER, O, O, B-PER, I-PER, O, O, O, B-ORG, I-ORG, O, O, O, O, O, B-PER, I-PER, O, O, B-PER, I-PER, O, O, O]",Company Thinkplus Investments Limited By : / s / Chen Shuning Name : Chen Shuning Title : Chairman Borrower Airland International Limited By : / s / Zhang Jilun Name : Zhang Jilun Title : Director Bizexpress Limited By : / s / Shi Rongbin Name : Shi Rongbin Title : Director
"In the sentences extracted from financial agreements in U.S. SEC filings, identify the named entities that represent a person ('PER'), an organization ('ORG'), or a location ('LOC'). The required answer format is: 'entity name, entity type'.
Text: THIS LOAN AGREEMENT , dated as of September 1 , 2003 , is entered into between PENINSULA PORTS AUTHORITY OF VIRGINIA , a body politic and corporate and a political subdivision of the Commonwealth of Virginia ( the "" Issuer ""), and DOMINION TERMINAL ASSOCIATES , a Virginia general partnership ( the "" Company "").
Answer:","PENINSULA PORTS AUTHORITY, ORG
VIRGINIA, LOC
Commonwealth of Virginia, LOC
DOMINION TERMINAL ASSOCIATES, ORG
Virginia general partnership, ORG","[O, O, O, O, O, O, O, O, O, O, O, O, O, O, O, O, B-ORG, I-ORG, I-ORG, O, B-LOC, O, O, O, O, O, O, O, O, O, O, O, O, B-LOC, I-LOC, I-LOC, O, O, O, O, O, O, B-ORG, I-ORG, I-ORG, O, O, B-ORG, I-ORG, I-ORG, O, O, O, O, O]","THIS LOAN AGREEMENT , dated as of September 1 , 2003 , is entered into between PENINSULA PORTS AUTHORITY OF VIRGINIA , a body politic and corporate and a political subdivision of the Commonwealth of Virginia ( the "" Issuer ""), and DOMINION TERMINAL ASSOCIATES , a Virginia general partnership ( the "" Company "")."
"In the sentences extracted from financial agreements in U.S. SEC filings, identify the named entities that represent a person ('PER'), an organization ('ORG'), or a location ('LOC'). The required answer format is: 'entity name, entity type'.
Text: Chapter 46 of the Acts of Assembly of 1952 of the Commonwealth of Virginia , as amended and supplemented ( the "" Act ""), authorizes the Issuer to issue revenue bonds for any of its purposes and to issue bonds to refund such revenue bonds .
Answer:","Commonwealth of Virginia, LOC","[O, O, O, O, O, O, O, O, O, O, O, B-LOC, I-LOC, I-LOC, O, O, O, O, O, O, O, O, O, O, O, O, O, O, O, O, O, O, O, O, O, O, O, O, O, O, O, O, O, O, O, O]","Chapter 46 of the Acts of Assembly of 1952 of the Commonwealth of Virginia , as amended and supplemented ( the "" Act ""), authorizes the Issuer to issue revenue bonds for any of its purposes and to issue bonds to refund such revenue bonds ."
"In the sentences extracted from financial agreements in U.S. SEC filings, identify the named entities that represent a person ('PER'), an organization ('ORG'), or a location ('LOC'). The required answer format is: 'entity name, entity type'.
Text: The Issuer proposes to issue its $ 43 , 160 , 000 Coal Terminal Revenue Refunding Bonds ( Dominion Terminal Associates Project - Brink ' s Issue ) Series 2003 ( the "" Bonds "") pursuant to the Indenture ( defined below ) in order to refund the Issuer ' s Coal Terminal Revenue Refunding Bonds ( Dominion Terminal Associates Project ) Series 1992 ( the "" 1992 Bonds ""), all on the terms and conditions set forth in this Loan Agreement .
Answer:","Dominion Terminal Associates, ORG
Dominion Terminal Associates, ORG","[O, O, O, O, O, O, O, O, O, O, O, O, O, O, O, O, O, O, B-ORG, I-ORG, I-ORG, O, O, O, O, O, O, O, O, O, O, O, O, O, O, O, O, O, O, O, O, O, O, O, O, O, O, O, O, O, O, O, O, O, O, O, O, B-ORG, I-ORG, I-ORG, O, O, O, O, O, O, O, O, O, O, O, O, O, O, O, O, O, O, O, O, O, O, O]","The Issuer proposes to issue its $ 43 , 160 , 000 Coal Terminal Revenue Refunding Bonds ( Dominion Terminal Associates Project - Brink ' s Issue ) Series 2003 ( the "" Bonds "") pursuant to the Indenture ( defined below ) in order to refund the Issuer ' s Coal Terminal Revenue Refunding Bonds ( Dominion Terminal Associates Project ) Series 1992 ( the "" 1992 Bonds ""), all on the terms and conditions set forth in this Loan Agreement ."
"In the sentences extracted from financial agreements in U.S. SEC filings, identify the named entities that represent a person ('PER'), an organization ('ORG'), or a location ('LOC'). The required answer format is: 'entity name, entity type'.
Text: "" Indenture "" means the Indenture of Trust relating to the Bonds , dated as of the date of this Loan Agreement , between the Issuer and Wachovia Bank , National Association , as Trustee , as amended or supplemented from time to time in accordance with its terms .
Answer:","Wachovia Bank, ORG
National Association, ORG","[O, O, O, O, O, O, O, O, O, O, O, O, O, O, O, O, O, O, O, O, O, O, O, O, O, O, O, B-ORG, I-ORG, O, B-ORG, I-ORG, O, O, O, O, O, O, O, O, O, O, O, O, O, O, O, O, O, O]",""" Indenture "" means the Indenture of Trust relating to the Bonds , dated as of the date of this Loan Agreement , between the Issuer and Wachovia Bank , National Association , as Trustee , as amended or supplemented from time to time in accordance with its terms ."
"In the sentences extracted from financial agreements in U.S. SEC filings, identify the named entities that represent a person ('PER'), an organization ('ORG'), or a location ('LOC'). The required answer format is: 'entity name, entity type'.
Text: ( a ) The Issuer ( i ) is a body politic and corporate and a political subdivision of the Commonwealth , duly organized and existing under the laws of the Commonwealth , ( ii ) has full power and authority to enter into and to consummate the transactions contemplated by this Loan Agreement , the Fifth Supplemental Lease and the Indenture , ( iii ) to the best of its knowledge is not in default under any provisions of the laws of the Commonwealth , ( iv ) by proper corporate action has duly authorized the execution and delivery of this Loan Agreement , the Bonds , the Fifth Supplemental Lease and the Indenture , and ( v ) had and continues to have full legal right , power and authority to enter into and consummate the transactions contemplated by the Lease .
Answer:","Commonwealth, LOC
Commonwealth, LOC
Commonwealth, LOC","[O, O, O, O, O, O, O, O, O, O, O, O, O, O, O, O, O, O, O, O, B-LOC, O, O, O, O, O, O, O, O, O, O, B-LOC, O, O, O, O, O, O, O, O, O, O, O, O, O, O, O, O, O, O, O, O, O, O, O, O, O, O, O, O, O, O, O, O, O, O, O, O, O, O, O, O, O, O, O, O, O, O, O, O, O, O, O, O, B-LOC, O, O, O, O, O, O, O, O, O, O, O, O, O, O, O, O, O, O, O, O, O, O, O, O, O, O, O, O, O, O, O, O, O, O, O, O, O, O, O, O, O, O, O, O, O, O, O, O, O, O, O, O, O, O, O, O, O, O, O]","( a ) The Issuer ( i ) is a body politic and corporate and a political subdivision of the Commonwealth , duly organized and existing under the laws of the Commonwealth , ( ii ) has full power and authority to enter into and to consummate the transactions contemplated by this Loan Agreement , the Fifth Supplemental Lease and the Indenture , ( iii ) to the best of its knowledge is not in default under any provisions of the laws of the Commonwealth , ( iv ) by proper corporate action has duly authorized the execution and delivery of this Loan Agreement , the Bonds , the Fifth Supplemental Lease and the Indenture , and ( v ) had and continues to have full legal right , power and authority to enter into and consummate the transactions contemplated by the Lease ."
"In the sentences extracted from financial agreements in U.S. SEC filings, identify the named entities that represent a person ('PER'), an organization ('ORG'), or a location ('LOC'). The required answer format is: 'entity name, entity type'.
Text: ( f ) The Issuer is not in default under any of the provisions of the laws of the Commonwealth which would affect its existence or its powers referred to in subsection ( a ) of this Section .
Answer:","Commonwealth, LOC","[O, O, O, O, O, O, O, O, O, O, O, O, O, O, O, O, O, O, O, B-LOC, O, O, O, O, O, O, O, O, O, O, O, O, O, O, O, O, O, O, O]",( f ) The Issuer is not in default under any of the provisions of the laws of the Commonwealth which would affect its existence or its powers referred to in subsection ( a ) of this Section .
"In the sentences extracted from financial agreements in U.S. SEC filings, identify the named entities that represent a person ('PER'), an organization ('ORG'), or a location ('LOC'). The required answer format is: 'entity name, entity type'.
Text: ( a ) The Company ( i ) is a general partnership duly organized under the laws of the Commonwealth , ( ii ) has full power to own its properties and conduct its business , ( iii ) has full power and authority to enter into and to consummate the transactions contemplated by this Loan Agreement , the Assignment and the Fifth Supplemental Lease , ( iv ) by proper action has duly authorized the execution and delivery of this Loan Agreement , the Assignment and the Fifth Supplemental Lease , and ( v ) had and continues to have full legal right , power and authority to enter into and to consummate the transactions contemplated by the Lease .
Answer:","Commonwealth, LOC","[O, O, O, O, O, O, O, O, O, O, O, O, O, O, O, O, O, O, O, B-LOC, O, O, O, O, O, O, O, O, O, O, O, O, O, O, O, O, O, O, O, O, O, O, O, O, O, O, O, O, O, O, O, O, O, O, O, O, O, O, O, O, O, O, O, O, O, O, O, O, O, O, O, O, O, O, O, O, O, O, O, O, O, O, O, O, O, O, O, O, O, O, O, O, O, O, O, O, O, O, O, O, O, O, O, O, O, O, O, O, O, O, O, O, O, O, O, O, O, O, O, O, O]","( a ) The Company ( i ) is a general partnership duly organized under the laws of the Commonwealth , ( ii ) has full power to own its properties and conduct its business , ( iii ) has full power and authority to enter into and to consummate the transactions contemplated by this Loan Agreement , the Assignment and the Fifth Supplemental Lease , ( iv ) by proper action has duly authorized the execution and delivery of this Loan Agreement , the Assignment and the Fifth Supplemental Lease , and ( v ) had and continues to have full legal right , power and authority to enter into and to consummate the transactions contemplated by the Lease ."
"In the sentences extracted from financial agreements in U.S. SEC filings, identify the named entities that represent a person ('PER'), an organization ('ORG'), or a location ('LOC'). The required answer format is: 'entity name, entity type'.
Text: The Company will pay directly to the Bank , in accordance with the reimbursement agreement pursuant to which such Letter of Credit was issued , amounts owed with respect to Reimbursement Obligations .
Answer:","Bank, ORG","[O, O, O, O, O, O, O, B-ORG, O, O, O, O, O, O, O, O, O, O, O, O, O, O, O, O, O, O, O, O, O, O, O, O, O]","The Company will pay directly to the Bank , in accordance with the reimbursement agreement pursuant to which such Letter of Credit was issued , amounts owed with respect to Reimbursement Obligations ."
"In the sentences extracted from financial agreements in U.S. SEC filings, identify the named entities that represent a person ('PER'), an organization ('ORG'), or a location ('LOC'). The required answer format is: 'entity name, entity type'.
Text: ( f ) The Company will receive a credit against the amounts payable to the Trustee under this Section for any amounts paid directly to the Trustee by Pittston Coal Terminal Corporation pursuant to the Assignment or by the Parent Company pursuant to the Parent Company Guaranty .
Answer:","Pittston Coal Terminal Corporation, ORG","[O, O, O, O, O, O, O, O, O, O, O, O, O, O, O, O, O, O, O, O, O, O, O, O, O, O, O, O, B-ORG, I-ORG, I-ORG, I-ORG, O, O, O, O, O, O, O, O, O, O, O, O, O, O, O, O]",( f ) The Company will receive a credit against the amounts payable to the Trustee under this Section for any amounts paid directly to the Trustee by Pittston Coal Terminal Corporation pursuant to the Assignment or by the Parent Company pursuant to the Parent Company Guaranty .
"In the sentences extracted from financial agreements in U.S. SEC filings, identify the named entities that represent a person ('PER'), an organization ('ORG'), or a location ('LOC'). The required answer format is: 'entity name, entity type'.
Text: ( b ) The fees and expenses of the Trustee , any Paying Agent , the Remarketing Agent and all other fiduciaries and agents serving under the Indenture ( including any expenses in connection with any redemption of the Bonds ), and all fees and expenses , including attorneys ' fees , of the Trustee and any Paying Agent for any extraordinary services rendered by them under the Indenture .
Answer:","Remarketing Agent, ORG","[O, O, O, O, O, O, O, O, O, O, O, O, O, O, O, O, B-ORG, I-ORG, O, O, O, O, O, O, O, O, O, O, O, O, O, O, O, O, O, O, O, O, O, O, O, O, O, O, O, O, O, O, O, O, O, O, O, O, O, O, O, O, O, O, O, O, O, O, O, O, O, O, O, O]","( b ) The fees and expenses of the Trustee , any Paying Agent , the Remarketing Agent and all other fiduciaries and agents serving under the Indenture ( including any expenses in connection with any redemption of the Bonds ), and all fees and expenses , including attorneys ' fees , of the Trustee and any Paying Agent for any extraordinary services rendered by them under the Indenture ."
"In the sentences extracted from financial agreements in U.S. SEC filings, identify the named entities that represent a person ('PER'), an organization ('ORG'), or a location ('LOC'). The required answer format is: 'entity name, entity type'.
Text: All such fees and expenses are to be paid directly to the Trustee , Paying Agent , the Remarketing Agent or other fiduciary or agent for its own account as and when such fees and expenses become due and payable .
Answer:","Paying Agent, ORG
Remarketing Agent, ORG","[O, O, O, O, O, O, O, O, O, O, O, O, O, O, B-ORG, I-ORG, O, O, B-ORG, I-ORG, O, O, O, O, O, O, O, O, O, O, O, O, O, O, O, O, O, O, O, O, O]","All such fees and expenses are to be paid directly to the Trustee , Paying Agent , the Remarketing Agent or other fiduciary or agent for its own account as and when such fees and expenses become due and payable ."
"In the sentences extracted from financial agreements in U.S. SEC filings, identify the named entities that represent a person ('PER'), an organization ('ORG'), or a location ('LOC'). The required answer format is: 'entity name, entity type'.
Text: Pursuant to the Assignment , the Company will assign to the Issuer all of the Company ' s right , title and interest in and to the payments to be made by Pittston Coal Terminal Corporation with respect to the Bonds under Section 3 . 2 ( a )( ix ) of the Throughput Agreement .
Answer:","Pittston Coal Terminal Corporation, ORG","[O, O, O, O, O, O, O, O, O, O, O, O, O, O, O, O, O, O, O, O, O, O, O, O, O, O, O, O, O, O, O, O, B-ORG, I-ORG, I-ORG, I-ORG, O, O, O, O, O, O, O, O, O, O, O, O, O, O, O, O, O, O, O, O]","Pursuant to the Assignment , the Company will assign to the Issuer all of the Company ' s right , title and interest in and to the payments to be made by Pittston Coal Terminal Corporation with respect to the Bonds under Section 3 . 2 ( a )( ix ) of the Throughput Agreement ."
"In the sentences extracted from financial agreements in U.S. SEC filings, identify the named entities that represent a person ('PER'), an organization ('ORG'), or a location ('LOC'). The required answer format is: 'entity name, entity type'.
Text: Until the principal of and interest on the Bonds have been fully paid or provision for their payment made in accordance with the Indenture , the Company ( i ) will not suspend or discontinue any payments provided for in Section 5 . 1 , ( ii ) will perform all its other agreements in this Loan Agreement , and ( iii ) will not terminate this Loan Agreement for any cause including any acts or circumstances that may constitute failure of consideration , destruction of or damage to the Project , commercial frustration of purpose , any change in the laws of the United States or of the Commonwealth or any political subdivision of either or any failure of the Issuer to perform any of its agreements , whether express or implied , or any duty , liability or obligation arising from or connected with this Loan Agreement .
Answer:","United States, LOC
Commonwealth, LOC","[O, O, O, O, O, O, O, O, O, O, O, O, O, O, O, O, O, O, O, O, O, O, O, O, O, O, O, O, O, O, O, O, O, O, O, O, O, O, O, O, O, O, O, O, O, O, O, O, O, O, O, O, O, O, O, O, O, O, O, O, O, O, O, O, O, O, O, O, O, O, O, O, O, O, O, O, O, O, O, O, O, O, O, O, O, O, O, O, O, O, O, O, O, O, O, O, O, O, O, O, O, O, O, O, B-LOC, I-LOC, O, O, O, B-LOC, O, O, O, O, O, O, O, O, O, O, O, O, O, O, O, O, O, O, O, O, O, O, O, O, O, O, O, O, O, O, O, O, O, O, O, O, O, O, O, O]","Until the principal of and interest on the Bonds have been fully paid or provision for their payment made in accordance with the Indenture , the Company ( i ) will not suspend or discontinue any payments provided for in Section 5 . 1 , ( ii ) will perform all its other agreements in this Loan Agreement , and ( iii ) will not terminate this Loan Agreement for any cause including any acts or circumstances that may constitute failure of consideration , destruction of or damage to the Project , commercial frustration of purpose , any change in the laws of the United States or of the Commonwealth or any political subdivision of either or any failure of the Issuer to perform any of its agreements , whether express or implied , or any duty , liability or obligation arising from or connected with this Loan Agreement ."
"In the sentences extracted from financial agreements in U.S. SEC filings, identify the named entities that represent a person ('PER'), an organization ('ORG'), or a location ('LOC'). The required answer format is: 'entity name, entity type'.
Text: The Company will maintain its existence as a general partnership under the laws of the Commonwealth and will not merge or consolidate with , or sell or otherwise transfer to another legal entity all or substantially all of its assets as an entirety and / or dissolve unless ( i ) there is a surviving , resulting or transferee legal entity organized and existing under the laws of the United States , any state or the District of Columbia , which is solvent and ( if not the Company ) assumes in writing all the obligations of the Company under this Loan Agreement and ( ii ) the Company or the surviving or transferee entity is not immediately after such merger , consolidation or transfer in default in any material respect under this Loan Agreement ; provided , however , this will not be construed as prohibiting changes in the ownership interests of the Partners in the Company .
Answer:","Commonwealth, LOC
United States, LOC
Columbia, LOC","[O, O, O, O, O, O, O, O, O, O, O, O, O, O, O, B-LOC, O, O, O, O, O, O, O, O, O, O, O, O, O, O, O, O, O, O, O, O, O, O, O, O, O, O, O, O, O, O, O, O, O, O, O, O, O, O, O, O, O, O, O, O, O, O, O, O, O, O, O, O, O, B-LOC, I-LOC, O, O, O, O, O, O, O, B-LOC, O, O, O, O, O, O, O, O, O, O, O, O, O, O, O, O, O, O, O, O, O, O, O, O, O, O, O, O, O, O, O, O, O, O, O, O, O, O, O, O, O, O, O, O, O, O, O, O, O, O, O, O, O, O, O, O, O, O, O, O, O, O, O, O, O, O, O, O, O, O, O, O, O, O, O, O, O, O, O, O]","The Company will maintain its existence as a general partnership under the laws of the Commonwealth and will not merge or consolidate with , or sell or otherwise transfer to another legal entity all or substantially all of its assets as an entirety and / or dissolve unless ( i ) there is a surviving , resulting or transferee legal entity organized and existing under the laws of the United States , any state or the District of Columbia , which is solvent and ( if not the Company ) assumes in writing all the obligations of the Company under this Loan Agreement and ( ii ) the Company or the surviving or transferee entity is not immediately after such merger , consolidation or transfer in default in any material respect under this Loan Agreement ; provided , however , this will not be construed as prohibiting changes in the ownership interests of the Partners in the Company ."
"In the sentences extracted from financial agreements in U.S. SEC filings, identify the named entities that represent a person ('PER'), an organization ('ORG'), or a location ('LOC'). The required answer format is: 'entity name, entity type'.
Text: The Company covenants and agrees to notify the Trustee , the Issuer and , if a Letter of Credit is in effect , the Bank of the occurrence of any event of which the Company has notice which would require the Company to prepay the amounts due under this Loan Agreement because of a redemption resulting from a determination of taxability .
Answer:","Bank, ORG","[O, O, O, O, O, O, O, O, O, O, O, O, O, O, O, O, O, O, O, O, O, O, O, O, B-ORG, O, O, O, O, O, O, O, O, O, O, O, O, O, O, O, O, O, O, O, O, O, O, O, O, O, O, O, O, O, O, O, O, O, O, O, O, O]","The Company covenants and agrees to notify the Trustee , the Issuer and , if a Letter of Credit is in effect , the Bank of the occurrence of any event of which the Company has notice which would require the Company to prepay the amounts due under this Loan Agreement because of a redemption resulting from a determination of taxability ."
"In the sentences extracted from financial agreements in U.S. SEC filings, identify the named entities that represent a person ('PER'), an organization ('ORG'), or a location ('LOC'). The required answer format is: 'entity name, entity type'.
Text: The issuance of the Bonds will not directly or indirectly or contingently obligate the Issuer , the Commonwealth or any of its political subdivisions to levy or pledge any form of taxation whatever or to make any appropriation for their payment .
Answer:","Commonwealth, LOC","[O, O, O, O, O, O, O, O, O, O, O, O, O, O, O, O, O, B-LOC, O, O, O, O, O, O, O, O, O, O, O, O, O, O, O, O, O, O, O, O, O, O, O, O]","The issuance of the Bonds will not directly or indirectly or contingently obligate the Issuer , the Commonwealth or any of its political subdivisions to levy or pledge any form of taxation whatever or to make any appropriation for their payment ."
"In the sentences extracted from financial agreements in U.S. SEC filings, identify the named entities that represent a person ('PER'), an organization ('ORG'), or a location ('LOC'). The required answer format is: 'entity name, entity type'.
Text: After the issuance of the Bonds , this Loan Agreement may not be effectively amended or terminated without the written consent of the Trustee and , if a Letter of Credit is in effect , the Bank and in accordance with the provisions of the Indenture .
Answer:","Bank, ORG","[O, O, O, O, O, O, O, O, O, O, O, O, O, O, O, O, O, O, O, O, O, O, O, O, O, O, O, O, O, O, O, O, O, O, O, O, B-ORG, O, O, O, O, O, O, O, O, O, O]","After the issuance of the Bonds , this Loan Agreement may not be effectively amended or terminated without the written consent of the Trustee and , if a Letter of Credit is in effect , the Bank and in accordance with the provisions of the Indenture ."
"In the sentences extracted from financial agreements in U.S. SEC filings, identify the named entities that represent a person ('PER'), an organization ('ORG'), or a location ('LOC'). The required answer format is: 'entity name, entity type'.
Text: This Loan Agreement will be governed by and construed in accordance with the laws of the Commonwealth .
Answer:","Commonwealth, LOC","[O, O, O, O, O, O, O, O, O, O, O, O, O, O, O, O, B-LOC, O]",This Loan Agreement will be governed by and construed in accordance with the laws of the Commonwealth .
"In the sentences extracted from financial agreements in U.S. SEC filings, identify the named entities that represent a person ('PER'), an organization ('ORG'), or a location ('LOC'). The required answer format is: 'entity name, entity type'.
Text: It is specifically understood and agreed that the liability of the Company is limited to the Company ' s interest in the obligations of Pittston Coal Terminal Corporation to make payments with respect to the Bonds under Section 3 . 2 ( a )( ix ) of the Throughput Agreement and is payable solely from those payments and collateral , if any , specifically pledged for such purpose .
Answer:","Pittston Coal Terminal Corporation, ORG","[O, O, O, O, O, O, O, O, O, O, O, O, O, O, O, O, O, O, O, O, O, O, O, O, B-ORG, I-ORG, I-ORG, I-ORG, O, O, O, O, O, O, O, O, O, O, O, O, O, O, O, O, O, O, O, O, O, O, O, O, O, O, O, O, O, O, O, O, O, O, O, O, O, O, O, O, O]","It is specifically understood and agreed that the liability of the Company is limited to the Company ' s interest in the obligations of Pittston Coal Terminal Corporation to make payments with respect to the Bonds under Section 3 . 2 ( a )( ix ) of the Throughput Agreement and is payable solely from those payments and collateral , if any , specifically pledged for such purpose ."
"In the sentences extracted from financial agreements in U.S. SEC filings, identify the named entities that represent a person ('PER'), an organization ('ORG'), or a location ('LOC'). The required answer format is: 'entity name, entity type'.
Text: Section 10 . 12 Limited Nature of Company ' s Obligations ; Pittston Terminal ' s Liability for Obligations of the Company ; Certain Decisions Regarding the Bonds .
Answer:","Pittston Terminal, ORG","[O, O, O, O, O, O, O, O, O, O, O, O, B-ORG, I-ORG, O, O, O, O, O, O, O, O, O, O, O, O, O, O, O]",Section 10 . 12 Limited Nature of Company ' s Obligations ; Pittston Terminal ' s Liability for Obligations of the Company ; Certain Decisions Regarding the Bonds .
"In the sentences extracted from financial agreements in U.S. SEC filings, identify the named entities that represent a person ('PER'), an organization ('ORG'), or a location ('LOC'). The required answer format is: 'entity name, entity type'.
Text: As provided in the Throughput Agreement and the Agreement Regarding 2003 Brink ' s Bonds , dated as of August 15 , 2003 , among the Company , the Partners and Pittston Terminal , all of the Company ' s obligations with respect to the Bonds are payable solely from payments received by the Company from Pittston Terminal pursuant to the Throughput Agreement and Pittston Terminal shall act as the agent of the Company for purposes of making certain Company decisions relating to the Bonds .
Answer:","Pittston Terminal, ORG
Pittston Terminal, ORG
Pittston Terminal, ORG","[O, O, O, O, O, O, O, O, O, O, O, O, O, O, O, O, O, O, O, O, O, O, O, O, O, O, O, O, O, O, O, B-ORG, I-ORG, O, O, O, O, O, O, O, O, O, O, O, O, O, O, O, O, O, O, O, O, O, O, O, B-ORG, I-ORG, O, O, O, O, O, O, B-ORG, I-ORG, O, O, O, O, O, O, O, O, O, O, O, O, O, O, O, O, O, O, O, O]","As provided in the Throughput Agreement and the Agreement Regarding 2003 Brink ' s Bonds , dated as of August 15 , 2003 , among the Company , the Partners and Pittston Terminal , all of the Company ' s obligations with respect to the Bonds are payable solely from payments received by the Company from Pittston Terminal pursuant to the Throughput Agreement and Pittston Terminal shall act as the agent of the Company for purposes of making certain Company decisions relating to the Bonds ."
"In the sentences extracted from financial agreements in U.S. SEC filings, identify the named entities that represent a person ('PER'), an organization ('ORG'), or a location ('LOC'). The required answer format is: 'entity name, entity type'.
Text: PENINSULA PORTS AUTHORITY OF VIRGINIA
Answer:","PENINSULA PORTS AUTHORITY, ORG
VIRGINIA, LOC","[B-ORG, I-ORG, I-ORG, O, B-LOC]",PENINSULA PORTS AUTHORITY OF VIRGINIA
"In the sentences extracted from financial agreements in U.S. SEC filings, identify the named entities that represent a person ('PER'), an organization ('ORG'), or a location ('LOC'). The required answer format is: 'entity name, entity type'.
Text: By : / s / Robert E . Yancey ----------------------------------------- Chairman
Answer:","Robert E, PER
Yancey, PER","[O, O, O, O, O, B-PER, I-PER, O, B-PER, O, O]",By : / s / Robert E . Yancey ----------------------------------------- Chairman
"In the sentences extracted from financial agreements in U.S. SEC filings, identify the named entities that represent a person ('PER'), an organization ('ORG'), or a location ('LOC'). The required answer format is: 'entity name, entity type'.
Text: DOMINION TERMINAL ASSOCIATES , a General Partnership
Answer:","DOMINION TERMINAL ASSOCIATES, ORG","[B-ORG, I-ORG, I-ORG, O, O, O, O]","DOMINION TERMINAL ASSOCIATES , a General Partnership"
"In the sentences extracted from financial agreements in U.S. SEC filings, identify the named entities that represent a person ('PER'), an organization ('ORG'), or a location ('LOC'). The required answer format is: 'entity name, entity type'.
Text: By : / s / Charles E . Brinley ----------------------------------------- President
Answer:","Charles E, PER
Brinley, PER","[O, O, O, O, O, B-PER, I-PER, O, B-PER, O, O]",By : / s / Charles E . Brinley ----------------------------------------- President
"In the sentences extracted from financial agreements in U.S. SEC filings, identify the named entities that represent a person ('PER'), an organization ('ORG'), or a location ('LOC'). The required answer format is: 'entity name, entity type'.
Text: The Dominion Terminal Associates coal facility is sized to have an annual throughput of approximately 20 million tons per year .
Answer:","The Dominion Terminal Associates, ORG","[B-ORG, I-ORG, I-ORG, I-ORG, O, O, O, O, O, O, O, O, O, O, O, O, O, O, O, O, O]",The Dominion Terminal Associates coal facility is sized to have an annual throughput of approximately 20 million tons per year .
"In the sentences extracted from financial agreements in U.S. SEC filings, identify the named entities that represent a person ('PER'), an organization ('ORG'), or a location ('LOC'). The required answer format is: 'entity name, entity type'.
Text: The land on which the facility is located is on the east bank of the James River in Newport News , Virginia .
Answer:","east, LOC
bank, ORG
of the James River in Newport News, LOC
Virginia, LOC","[O, O, O, O, O, O, O, O, O, O, O, B-LOC, B-ORG, B-LOC, I-LOC, I-LOC, I-LOC, I-LOC, I-LOC, I-LOC, O, B-LOC, O]","The land on which the facility is located is on the east bank of the James River in Newport News , Virginia ."
"In the sentences extracted from financial agreements in U.S. SEC filings, identify the named entities that represent a person ('PER'), an organization ('ORG'), or a location ('LOC'). The required answer format is: 'entity name, entity type'.
Text: It is bordered on the northwest by the Pier IX coal terminal and on the southeast by the CSX Piers 14 and 15 properties which are now limited in use , the primary business of Piers 14 and 15 appearing to be the leasing of the piers .
Answer:","northwest, LOC
Pier IX coal terminal, LOC
southeast, LOC
CSX Piers 14 and 15, LOC
Piers 14 and 15, LOC","[O, O, O, O, O, B-LOC, O, O, B-LOC, I-LOC, I-LOC, I-LOC, O, O, O, B-LOC, O, O, B-LOC, I-LOC, I-LOC, I-LOC, I-LOC, O, O, O, O, O, O, O, O, O, O, O, O, B-LOC, I-LOC, I-LOC, I-LOC, O, O, O, O, O, O, O, O, O]","It is bordered on the northwest by the Pier IX coal terminal and on the southeast by the CSX Piers 14 and 15 properties which are now limited in use , the primary business of Piers 14 and 15 appearing to be the leasing of the piers ."
"In the sentences extracted from financial agreements in U.S. SEC filings, identify the named entities that represent a person ('PER'), an organization ('ORG'), or a location ('LOC'). The required answer format is: 'entity name, entity type'.
Text: Road access to the facility is from Harbor Road , which borders the south side of the terminal site .
Answer:","Harbor Road, LOC
south, LOC","[O, O, O, O, O, O, O, B-LOC, I-LOC, O, O, O, O, B-LOC, O, O, O, O, O, O]","Road access to the facility is from Harbor Road , which borders the south side of the terminal site ."
"In the sentences extracted from financial agreements in U.S. SEC filings, identify the named entities that represent a person ('PER'), an organization ('ORG'), or a location ('LOC'). The required answer format is: 'entity name, entity type'.
Text: The coal terminal facility is served by CSX Transportation , Inc . CSX brings loaded cars to the empty tracks .
Answer:","CSX Transportation, ORG
CSX, ORG","[O, O, O, O, O, O, O, B-ORG, I-ORG, O, O, O, B-ORG, O, O, O, O, O, O, O, O]","The coal terminal facility is served by CSX Transportation , Inc . CSX brings loaded cars to the empty tracks ."
"In the sentences extracted from financial agreements in U.S. SEC filings, identify the named entities that represent a person ('PER'), an organization ('ORG'), or a location ('LOC'). The required answer format is: 'entity name, entity type'.
Text: The dredging provides access and berthing areas at the pier which extends towards shore from the Corps of Engineers ' pierhead line .
Answer:","Corps of Engineers, ORG","[O, O, O, O, O, O, O, O, O, O, O, O, O, O, O, O, B-ORG, I-ORG, I-ORG, O, O, O, O]",The dredging provides access and berthing areas at the pier which extends towards shore from the Corps of Engineers ' pierhead line .
"In the sentences extracted from financial agreements in U.S. SEC filings, identify the named entities that represent a person ('PER'), an organization ('ORG'), or a location ('LOC'). The required answer format is: 'entity name, entity type'.
Text: The systems of conveyors leading to and from yard storage are controlled from a central control room atop transfer tower TT2 or from other computer sites .
Answer:","central control room atop transfer tower TT2, LOC","[O, O, O, O, O, O, O, O, O, O, O, O, O, O, B-LOC, I-LOC, I-LOC, I-LOC, I-LOC, I-LOC, I-LOC, O, O, O, O, O, O]",The systems of conveyors leading to and from yard storage are controlled from a central control room atop transfer tower TT2 or from other computer sites .
"In the sentences extracted from financial agreements in U.S. SEC filings, identify the named entities that represent a person ('PER'), an organization ('ORG'), or a location ('LOC'). The required answer format is: 'entity name, entity type'.
Text: Industrial and potable water is available at the coal terminal site .
Answer:","coal terminal site, LOC","[O, O, O, O, O, O, O, O, B-LOC, I-LOC, I-LOC, O]",Industrial and potable water is available at the coal terminal site .
"In the sentences extracted from financial agreements in U.S. SEC filings, identify the named entities that represent a person ('PER'), an organization ('ORG'), or a location ('LOC'). The required answer format is: 'entity name, entity type'.
Text: The sewage is then directed to the Newport News Treatment Plant .
Answer:","Newport News Treatment Plant, LOC","[O, O, O, O, O, O, O, B-LOC, I-LOC, I-LOC, I-LOC, O]",The sewage is then directed to the Newport News Treatment Plant .
"In the sentences extracted from financial agreements in U.S. SEC filings, identify the named entities that represent a person ('PER'), an organization ('ORG'), or a location ('LOC'). The required answer format is: 'entity name, entity type'.
Text: LOAN AND SECURITY AGREEMENT THIS LOAN AND SECURITY AGREEMENT ( this "" Agreement "") dated as of January 29 , 2008 ( the "" Effective Date "") among SILICON VALLEY BANK , a California corporation and with a loan production office located at 535 Fifth Avenue , 27th Floor , New York , New York 10017 ( the "" Agent ""), and the Lenders listed on Schedule 1 . 1 and otherwise party hereto , including without limitation , SVB and GOLD HILL VENTURE LENDING 03 , L . P . ("" Gold Hill ""), and VRINGO , INC ., a Delaware corporation ("" Borrower ""), provides the terms on which Lenders shall lend to Borrower and Borrower shall repay Lenders .
Answer:","SILICON VALLEY BANK, ORG
California, LOC
535 Fifth Avenue, LOC
27th Floor, LOC
New York, LOC
New York, LOC
GOLD HILL VENTURE LENDING, ORG
Gold Hill, ORG
VRINGO, ORG
Delaware corporation, ORG
Borrower, PER
Borrower, PER
Borrower, PER","[O, O, O, O, O, O, O, O, O, O, O, O, O, O, O, O, O, O, O, O, O, O, O, O, O, O, O, O, B-ORG, I-ORG, I-ORG, O, O, B-LOC, O, O, O, O, O, O, O, O, O, B-LOC, I-LOC, I-LOC, O, B-LOC, I-LOC, O, B-LOC, I-LOC, O, B-LOC, I-LOC, O, O, O, O, O, O, O, O, O, O, O, O, O, O, O, O, O, O, O, O, O, O, O, O, O, O, B-ORG, I-ORG, I-ORG, I-ORG, O, O, O, O, O, O, O, B-ORG, I-ORG, O, O, B-ORG, O, O, O, O, B-ORG, I-ORG, O, B-PER, O, O, O, O, O, O, O, O, O, O, B-PER, O, B-PER, O, O, O, O]","LOAN AND SECURITY AGREEMENT THIS LOAN AND SECURITY AGREEMENT ( this "" Agreement "") dated as of January 29 , 2008 ( the "" Effective Date "") among SILICON VALLEY BANK , a California corporation and with a loan production office located at 535 Fifth Avenue , 27th Floor , New York , New York 10017 ( the "" Agent ""), and the Lenders listed on Schedule 1 . 1 and otherwise party hereto , including without limitation , SVB and GOLD HILL VENTURE LENDING 03 , L . P . ("" Gold Hill ""), and VRINGO , INC ., a Delaware corporation ("" Borrower ""), provides the terms on which Lenders shall lend to Borrower and Borrower shall repay Lenders ."
"In the sentences extracted from financial agreements in U.S. SEC filings, identify the named entities that represent a person ('PER'), an organization ('ORG'), or a location ('LOC'). The required answer format is: 'entity name, entity type'.
Text: Borrower hereby unconditionally promises to pay Lenders the outstanding principal amount of all Credit Extensions and accrued and unpaid interest thereon as and when due in accordance with this Agreement .
Answer:","Borrower, PER","[B-PER, O, O, O, O, O, O, O, O, O, O, O, O, O, O, O, O, O, O, O, O, O, O, O, O, O, O, O, O, O, O]",Borrower hereby unconditionally promises to pay Lenders the outstanding principal amount of all Credit Extensions and accrued and unpaid interest thereon as and when due in accordance with this Agreement .
"In the sentences extracted from financial agreements in U.S. SEC filings, identify the named entities that represent a person ('PER'), an organization ('ORG'), or a location ('LOC'). The required answer format is: 'entity name, entity type'.
Text: Subject to the terms and conditions of this Agreement , during the First Draw Period , Lenders agree , severally and not jointly , to make one ( 1 ) or more Term Loans ( each , a "" First Term Loan "") available to Borrower in an amount equal to Three Million Dollars ($ 3 , 000 , 000 ), according to each Lender ' s pro - rata share of the Term Loan based upon the respective Commitment Percentage of each Lender .
Answer:","Borrower, PER
Lender, PER
Lender, PER","[O, O, O, O, O, O, O, O, O, O, O, O, O, O, O, O, O, O, O, O, O, O, O, O, O, O, O, O, O, O, O, O, O, O, O, O, O, O, O, O, O, O, O, O, O, B-PER, O, O, O, O, O, O, O, O, O, O, O, O, O, O, O, O, O, O, B-PER, O, O, O, O, O, O, O, O, O, O, O, O, O, O, O, O, O, O, B-PER, O]","Subject to the terms and conditions of this Agreement , during the First Draw Period , Lenders agree , severally and not jointly , to make one ( 1 ) or more Term Loans ( each , a "" First Term Loan "") available to Borrower in an amount equal to Three Million Dollars ($ 3 , 000 , 000 ), according to each Lender ' s pro - rata share of the Term Loan based upon the respective Commitment Percentage of each Lender ."
"In the sentences extracted from financial agreements in U.S. SEC filings, identify the named entities that represent a person ('PER'), an organization ('ORG'), or a location ('LOC'). The required answer format is: 'entity name, entity type'.
Text: During the Second Draw Period , Lenders agree , severally and not jointly , to make one ( 1 ) Term Loan ( the "" Second Term Loan "") available to Borrower in an amount equal to One Million Dollars ($ 1 , 000 , 000 ), according to each Lender ' s pro rata share of the Term Loan based upon the respective Commitment Percentage of each Lender .
Answer:","Borrower, PER
Lender, PER
Lender, PER","[O, O, O, O, O, O, O, O, O, O, O, O, O, O, O, O, O, O, O, O, O, O, O, O, O, O, O, O, O, O, O, B-PER, O, O, O, O, O, O, O, O, O, O, O, O, O, O, O, O, O, O, B-PER, O, O, O, O, O, O, O, O, O, O, O, O, O, O, O, O, O, B-PER, O]","During the Second Draw Period , Lenders agree , severally and not jointly , to make one ( 1 ) Term Loan ( the "" Second Term Loan "") available to Borrower in an amount equal to One Million Dollars ($ 1 , 000 , 000 ), according to each Lender ' s pro rata share of the Term Loan based upon the respective Commitment Percentage of each Lender ."
"In the sentences extracted from financial agreements in U.S. SEC filings, identify the named entities that represent a person ('PER'), an organization ('ORG'), or a location ('LOC'). The required answer format is: 'entity name, entity type'.
Text: During the Third Draw Period , Lenders agree , severally and not jointly , to make one ( 1 ) Term Loan ( the "" Third Term Loan "") available to Borrower in an amount equal to One Million Dollars ($ 1 , 000 , 000 ), according to each Lender ' s pro rata share of the Term Loan based upon the respective Commitment Percentage of each Lender .
Answer:","Borrower, PER
Lender, PER
Lender, PER","[O, O, O, O, O, O, O, O, O, O, O, O, O, O, O, O, O, O, O, O, O, O, O, O, O, O, O, O, O, O, O, B-PER, O, O, O, O, O, O, O, O, O, O, O, O, O, O, O, O, O, O, B-PER, O, O, O, O, O, O, O, O, O, O, O, O, O, O, O, O, O, B-PER, O]","During the Third Draw Period , Lenders agree , severally and not jointly , to make one ( 1 ) Term Loan ( the "" Third Term Loan "") available to Borrower in an amount equal to One Million Dollars ($ 1 , 000 , 000 ), according to each Lender ' s pro rata share of the Term Loan based upon the respective Commitment Percentage of each Lender ."
"In the sentences extracted from financial agreements in U.S. SEC filings, identify the named entities that represent a person ('PER'), an organization ('ORG'), or a location ('LOC'). The required answer format is: 'entity name, entity type'.
Text: Commencing on the first Payment Date of the month following the month in which each Funding Date occurs ( or commencing on the Funding Date if the Funding Date is the first calendar day of the month ) and continuing thereafter until the applicable Amortization Date , Borrower shall make monthly payments of interest at the rate set forth in Section 2 . 2 ( a ).
Answer:","Borrower, PER","[O, O, O, O, O, O, O, O, O, O, O, O, O, O, O, O, O, O, O, O, O, O, O, O, O, O, O, O, O, O, O, O, O, O, O, O, O, O, O, O, O, O, O, O, O, O, O, B-PER, O, O, O, O, O, O, O, O, O, O, O, O, O, O, O, O, O, O, O]","Commencing on the first Payment Date of the month following the month in which each Funding Date occurs ( or commencing on the Funding Date if the Funding Date is the first calendar day of the month ) and continuing thereafter until the applicable Amortization Date , Borrower shall make monthly payments of interest at the rate set forth in Section 2 . 2 ( a )."
"In the sentences extracted from financial agreements in U.S. SEC filings, identify the named entities that represent a person ('PER'), an organization ('ORG'), or a location ('LOC'). The required answer format is: 'entity name, entity type'.
Text: Commencing on the applicable Amortization Date for each Term Loan and continuing on the Payment Date of each month thereafter , for each Term Loan , Borrower shall make consecutive equal monthly payments of principal and interest , in advance , calculated by Agent based upon : ( 1 ) the amount of the Term Loan , ( 2 ) the effective rate of interest set forth in Section 2 . 2 ( a ), and ( 3 ) the applicable Amortization Schedule .
Answer:","Borrower, PER","[O, O, O, O, O, O, O, O, O, O, O, O, O, O, O, O, O, O, O, O, O, O, O, O, O, O, B-PER, O, O, O, O, O, O, O, O, O, O, O, O, O, O, O, O, O, O, O, O, O, O, O, O, O, O, O, O, O, O, O, O, O, O, O, O, O, O, O, O, O, O, O, O, O, O, O, O, O, O, O, O, O, O, O, O, O]","Commencing on the applicable Amortization Date for each Term Loan and continuing on the Payment Date of each month thereafter , for each Term Loan , Borrower shall make consecutive equal monthly payments of principal and interest , in advance , calculated by Agent based upon : ( 1 ) the amount of the Term Loan , ( 2 ) the effective rate of interest set forth in Section 2 . 2 ( a ), and ( 3 ) the applicable Amortization Schedule ."
"In the sentences extracted from financial agreements in U.S. SEC filings, identify the named entities that represent a person ('PER'), an organization ('ORG'), or a location ('LOC'). The required answer format is: 'entity name, entity type'.
Text: On the Maturity Date ( or earlier as provided in Sections 2 . 1 . 1 ( e ) and 2 . 1 . 1 ( f ) below ) with respect to each Term Loan , Borrower shall pay , in addition to the outstanding principal , accrued and unpaid interest , and all other amounts due on such date with respect to such Term Loan , an amount equal to the Final Payment .
Answer:","Borrower, PER","[O, O, O, O, O, O, O, O, O, O, O, O, O, O, O, O, O, O, O, O, O, O, O, O, O, O, O, O, O, O, O, O, O, O, O, O, O, B-PER, O, O, O, O, O, O, O, O, O, O, O, O, O, O, O, O, O, O, O, O, O, O, O, O, O, O, O, O, O, O, O, O, O, O, O, O, O, O]","On the Maturity Date ( or earlier as provided in Sections 2 . 1 . 1 ( e ) and 2 . 1 . 1 ( f ) below ) with respect to each Term Loan , Borrower shall pay , in addition to the outstanding principal , accrued and unpaid interest , and all other amounts due on such date with respect to such Term Loan , an amount equal to the Final Payment ."
"In the sentences extracted from financial agreements in U.S. SEC filings, identify the named entities that represent a person ('PER'), an organization ('ORG'), or a location ('LOC'). The required answer format is: 'entity name, entity type'.
Text: If the Term Loans are accelerated following the occurrence of an Event of Default , Borrower shall immediately pay to Lenders an amount equal to the sum of : ( i ) all outstanding principal plus accrued and unpaid interest , ( ii ) the Final Payment , ( iii ) the Prepayment Fee , and ( iv ) all other sums , if any , that shall have become due and payable , including interest at the Default Rate with respect to any past due amounts .
Answer:","Borrower, PER","[O, O, O, O, O, O, O, O, O, O, O, O, O, O, O, B-PER, O, O, O, O, O, O, O, O, O, O, O, O, O, O, O, O, O, O, O, O, O, O, O, O, O, O, O, O, O, O, O, O, O, O, O, O, O, O, O, O, O, O, O, O, O, O, O, O, O, O, O, O, O, O, O, O, O, O, O, O, O, O, O, O, O, O, O, O, O, O, O, O]","If the Term Loans are accelerated following the occurrence of an Event of Default , Borrower shall immediately pay to Lenders an amount equal to the sum of : ( i ) all outstanding principal plus accrued and unpaid interest , ( ii ) the Final Payment , ( iii ) the Prepayment Fee , and ( iv ) all other sums , if any , that shall have become due and payable , including interest at the Default Rate with respect to any past due amounts ."
"In the sentences extracted from financial agreements in U.S. SEC filings, identify the named entities that represent a person ('PER'), an organization ('ORG'), or a location ('LOC'). The required answer format is: 'entity name, entity type'.
Text: Borrower shall have the option to prepay all , but not less than all , of the Term Loan advanced by Lenders under this Agreement , provided Borrower ( i ) provides written notice to Agent of its election to prepay the Term Loan at least three ( 3 ) days prior to such prepayment , and ( ii ) pays , on the date of such prepayment ( A ) all outstanding principal plus accrued and unpaid interest , ( B ) the Final Payment , ( C ) the Prepayment Fee , and ( D ) all other sums , if any , that shall have become due and payable , including interest at the Default Rate with respect to any past due amounts .
Answer:","Borrower, PER
Borrower, PER","[B-PER, O, O, O, O, O, O, O, O, O, O, O, O, O, O, O, O, O, O, O, O, O, O, O, O, O, O, B-PER, O, O, O, O, O, O, O, O, O, O, O, O, O, O, O, O, O, O, O, O, O, O, O, O, O, O, O, O, O, O, O, O, O, O, O, O, O, O, O, O, O, O, O, O, O, O, O, O, O, O, O, O, O, O, O, O, O, O, O, O, O, O, O, O, O, O, O, O, O, O, O, O, O, O, O, O, O, O, O, O, O, O, O, O, O, O, O, O, O, O, O, O, O, O, O, O, O, O, O]","Borrower shall have the option to prepay all , but not less than all , of the Term Loan advanced by Lenders under this Agreement , provided Borrower ( i ) provides written notice to Agent of its election to prepay the Term Loan at least three ( 3 ) days prior to such prepayment , and ( ii ) pays , on the date of such prepayment ( A ) all outstanding principal plus accrued and unpaid interest , ( B ) the Final Payment , ( C ) the Prepayment Fee , and ( D ) all other sums , if any , that shall have become due and payable , including interest at the Default Rate with respect to any past due amounts ."
"In the sentences extracted from financial agreements in U.S. SEC filings, identify the named entities that represent a person ('PER'), an organization ('ORG'), or a location ('LOC'). The required answer format is: 'entity name, entity type'.
Text: Agent may debit any of Borrower ' s deposit accounts , including the Designated Deposit Account , for principal and interest payments or any other amounts Borrower owes Lenders hereunder when due .
Answer:","Borrower, PER
Borrower, PER","[O, O, O, O, O, B-PER, O, O, O, O, O, O, O, O, O, O, O, O, O, O, O, O, O, O, O, O, B-PER, O, O, O, O, O, O]","Agent may debit any of Borrower ' s deposit accounts , including the Designated Deposit Account , for principal and interest payments or any other amounts Borrower owes Lenders hereunder when due ."
"In the sentences extracted from financial agreements in U.S. SEC filings, identify the named entities that represent a person ('PER'), an organization ('ORG'), or a location ('LOC'). The required answer format is: 'entity name, entity type'.
Text: Borrower shall pay to Agent : ( a ) Commitment Fee .
Answer:","Borrower, PER","[B-PER, O, O, O, O, O, O, O, O, O, O, O]",Borrower shall pay to Agent : ( a ) Commitment Fee .
"In the sentences extracted from financial agreements in U.S. SEC filings, identify the named entities that represent a person ('PER'), an organization ('ORG'), or a location ('LOC'). The required answer format is: 'entity name, entity type'.
Text: If any new law or regulation increases Agent and / or Lenders ' costs or reduces its income for any loan , Borrower shall pay the increase in cost or reduction in income or additional ; provided , however , that Borrower shall not be liable for any amount attributable to any period before one hundred eighty ( 180 ) days prior to the date Agent notifies Borrower of such increased costs .
Answer:","Borrower, PER
Borrower, PER
Borrower, PER","[O, O, O, O, O, O, O, O, O, O, O, O, O, O, O, O, O, O, O, O, O, O, B-PER, O, O, O, O, O, O, O, O, O, O, O, O, O, O, O, O, O, O, B-PER, O, O, O, O, O, O, O, O, O, O, O, O, O, O, O, O, O, O, O, O, O, O, O, O, O, B-PER, O, O, O, O, O]","If any new law or regulation increases Agent and / or Lenders ' costs or reduces its income for any loan , Borrower shall pay the increase in cost or reduction in income or additional ; provided , however , that Borrower shall not be liable for any amount attributable to any period before one hundred eighty ( 180 ) days prior to the date Agent notifies Borrower of such increased costs ."
"In the sentences extracted from financial agreements in U.S. SEC filings, identify the named entities that represent a person ('PER'), an organization ('ORG'), or a location ('LOC'). The required answer format is: 'entity name, entity type'.
Text: Lenders ' obligation to make the initial Credit Extension is subject to the condition precedent that Agent shall have received , in form and substance satisfactory to Agent , such documents , and completion of such other matters , as Agent may reasonably deem necessary or appropriate , including , without limitation : ( a ) Duly executed original signatures to the Loan Documents to which it is a party ; ( b ) VCOC Letter Agreement ; ( c ) Right to Invest Letter ; ( d ) Borrower shall have delivered its Operating Documents and a good standing certificate of Borrower certified by the Secretary of State of the State of Delaware as of a date no earlier than thirty ( 30 ) days prior to the Effective Date ; ( e ) Duly executed and completed Borrowing Resolutions for Borrower ; ( f ) Agent shall have received certified copies , dated as of a recent date , of financing statement searches , as Agent shall request , accompanied by written evidence ( including any UCC termination statements ) that the Liens indicated in any such financing statements either constitute Permitted Liens or have been or , in connection with the initial Credit Extension , will be terminated or released ; ( g ) Borrower shall have delivered evidence satisfactory to Agent that the insurance policies required by Section 6 . 5 hereof are in full force and effect , together with appropriate evidence showing loss payable and / or additional insured clauses or endorsements in favor of Lenders ; ( h ) Borrower shall have paid the fees and Lenders ' Expenses then due as specified in Section 2 . 3 hereof ; or ( i ) There has not been any material impairment in the general affairs , management , results of operation , financial condition or the prospect of repayment of the Obligations , nor has there been any material adverse deviation by Borrower from the most recent business plan of Borrower presented to and accepted by Agent .
Answer:","Borrower, PER
Borrower, PER
Borrower, PER
Borrower, PER
Borrower, PER
Borrower, PER
Borrower, PER","[O, O, O, O, O, O, O, O, O, O, O, O, O, O, O, O, O, O, O, O, O, O, O, O, O, O, O, O, O, O, O, O, O, O, O, O, O, O, O, O, O, O, O, O, O, O, O, O, O, O, O, O, O, O, O, O, O, O, O, O, O, O, O, O, O, O, O, O, O, O, O, O, O, O, O, O, O, O, O, O, O, O, O, O, O, O, O, O, O, B-PER, O, O, O, O, O, O, O, O, O, O, O, O, B-PER, O, O, O, O, O, O, O, O, O, O, O, O, O, O, O, O, O, O, O, O, O, O, O, O, O, O, O, O, O, O, O, O, O, O, O, O, O, O, O, B-PER, O, O, O, O, O, O, O, O, O, O, O, O, O, O, O, O, O, O, O, O, O, O, O, O, O, O, O, O, O, O, O, O, O, O, O, O, O, O, O, O, O, O, O, O, O, O, O, O, O, O, O, O, O, O, O, O, O, O, O, O, O, O, O, O, O, O, O, O, O, O, O, O, O, O, B-PER, O, O, O, O, O, O, O, O, O, O, O, O, O, O, O, O, O, O, O, O, O, O, O, O, O, O, O, O, O, O, O, O, O, O, O, O, O, O, O, O, O, O, O, O, O, O, O, O, B-PER, O, O, O, O, O, O, O, O, O, O, O, O, O, O, O, O, O, O, O, O, O, O, O, O, O, O, O, O, O, O, O, O, O, O, O, O, O, O, O, O, O, O, O, O, O, O, O, O, O, O, O, O, O, O, O, O, O, O, O, O, O, O, B-PER, O, O, O, O, O, O, O, B-PER, O, O, O, O, O, O, O]","Lenders ' obligation to make the initial Credit Extension is subject to the condition precedent that Agent shall have received , in form and substance satisfactory to Agent , such documents , and completion of such other matters , as Agent may reasonably deem necessary or appropriate , including , without limitation : ( a ) Duly executed original signatures to the Loan Documents to which it is a party ; ( b ) VCOC Letter Agreement ; ( c ) Right to Invest Letter ; ( d ) Borrower shall have delivered its Operating Documents and a good standing certificate of Borrower certified by the Secretary of State of the State of Delaware as of a date no earlier than thirty ( 30 ) days prior to the Effective Date ; ( e ) Duly executed and completed Borrowing Resolutions for Borrower ; ( f ) Agent shall have received certified copies , dated as of a recent date , of financing statement searches , as Agent shall request , accompanied by written evidence ( including any UCC termination statements ) that the Liens indicated in any such financing statements either constitute Permitted Liens or have been or , in connection with the initial Credit Extension , will be terminated or released ; ( g ) Borrower shall have delivered evidence satisfactory to Agent that the insurance policies required by Section 6 . 5 hereof are in full force and effect , together with appropriate evidence showing loss payable and / or additional insured clauses or endorsements in favor of Lenders ; ( h ) Borrower shall have paid the fees and Lenders ' Expenses then due as specified in Section 2 . 3 hereof ; or ( i ) There has not been any material impairment in the general affairs , management , results of operation , financial condition or the prospect of repayment of the Obligations , nor has there been any material adverse deviation by Borrower from the most recent business plan of Borrower presented to and accepted by Agent ."
"In the sentences extracted from financial agreements in U.S. SEC filings, identify the named entities that represent a person ('PER'), an organization ('ORG'), or a location ('LOC'). The required answer format is: 'entity name, entity type'.
Text: Each Credit Extension is Borrower ' s representation and warranty on that date that the representations and warranties in Section 5 remain true in all material respects ; provided , however , that such materiality qualifier shall not be applicable to any representations and warranties that already are qualified or modified by materiality in the text thereof ; and provided , further that those representations and warranties expressly referring to a specific date shall be true , accurate and complete in all material respects as of such date .
Answer:","Borrower, PER","[O, O, O, O, B-PER, O, O, O, O, O, O, O, O, O, O, O, O, O, O, O, O, O, O, O, O, O, O, O, O, O, O, O, O, O, O, O, O, O, O, O, O, O, O, O, O, O, O, O, O, O, O, O, O, O, O, O, O, O, O, O, O, O, O, O, O, O, O, O, O, O, O, O, O, O, O, O, O, O, O, O, O, O, O, O, O, O, O, O, O]","Each Credit Extension is Borrower ' s representation and warranty on that date that the representations and warranties in Section 5 remain true in all material respects ; provided , however , that such materiality qualifier shall not be applicable to any representations and warranties that already are qualified or modified by materiality in the text thereof ; and provided , further that those representations and warranties expressly referring to a specific date shall be true , accurate and complete in all material respects as of such date ."
"In the sentences extracted from financial agreements in U.S. SEC filings, identify the named entities that represent a person ('PER'), an organization ('ORG'), or a location ('LOC'). The required answer format is: 'entity name, entity type'.
Text: Borrower agrees to deliver to Agent each item required to be delivered to Agent under this Agreement as a condition to any Credit Extension .
Answer:","Borrower, PER","[B-PER, O, O, O, O, O, O, O, O, O, O, O, O, O, O, O, O, O, O, O, O, O, O, O, O]",Borrower agrees to deliver to Agent each item required to be delivered to Agent under this Agreement as a condition to any Credit Extension .
"In the sentences extracted from financial agreements in U.S. SEC filings, identify the named entities that represent a person ('PER'), an organization ('ORG'), or a location ('LOC'). The required answer format is: 'entity name, entity type'.
Text: Borrower expressly agrees that the extension of a Credit Extension prior to the receipt by Agent of any such item shall not constitute a waiver by Agent of Borrower ' s obligation to deliver such item , and any such extension in the absence of a required item shall be in Agent ' s sole discretion .
Answer:","Borrower, PER
Borrower, PER","[B-PER, O, O, O, O, O, O, O, O, O, O, O, O, O, O, O, O, O, O, O, O, O, O, O, O, O, O, O, B-PER, O, O, O, O, O, O, O, O, O, O, O, O, O, O, O, O, O, O, O, O, O, O, O, O, O, O, O, O]","Borrower expressly agrees that the extension of a Credit Extension prior to the receipt by Agent of any such item shall not constitute a waiver by Agent of Borrower ' s obligation to deliver such item , and any such extension in the absence of a required item shall be in Agent ' s sole discretion ."
"In the sentences extracted from financial agreements in U.S. SEC filings, identify the named entities that represent a person ('PER'), an organization ('ORG'), or a location ('LOC'). The required answer format is: 'entity name, entity type'.
Text: Subject to the prior satisfaction of all other applicable conditions to the making of a Term Loan set forth in this Agreement , to obtain a Term Loan , Borrower must notify Agent by facsimile or telephone by 12 : 00 p . m . Eastern time ten ( 10 ) Business Days prior to the date the Term Loan is to be made .
Answer:","Borrower, PER","[O, O, O, O, O, O, O, O, O, O, O, O, O, O, O, O, O, O, O, O, O, O, O, O, O, O, O, O, O, B-PER, O, O, O, O, O, O, O, O, O, O, O, O, O, O, O, O, O, O, O, O, O, O, O, O, O, O, O, O, O, O, O, O, O, O, O]","Subject to the prior satisfaction of all other applicable conditions to the making of a Term Loan set forth in this Agreement , to obtain a Term Loan , Borrower must notify Agent by facsimile or telephone by 12 : 00 p . m . Eastern time ten ( 10 ) Business Days prior to the date the Term Loan is to be made ."
"In the sentences extracted from financial agreements in U.S. SEC filings, identify the named entities that represent a person ('PER'), an organization ('ORG'), or a location ('LOC'). The required answer format is: 'entity name, entity type'.
Text: If such notification is by telephone , Borrower must promptly confirm the notification by delivering to Agent a completed Payment / Advance Form in the form attached as Exhibit B ( the Payment / Advance Form ).
Answer:","Borrower, PER","[O, O, O, O, O, O, O, B-PER, O, O, O, O, O, O, O, O, O, O, O, O, O, O, O, O, O, O, O, O, O, O, O, O, O, O, O, O, O]","If such notification is by telephone , Borrower must promptly confirm the notification by delivering to Agent a completed Payment / Advance Form in the form attached as Exhibit B ( the Payment / Advance Form )."
"In the sentences extracted from financial agreements in U.S. SEC filings, identify the named entities that represent a person ('PER'), an organization ('ORG'), or a location ('LOC'). The required answer format is: 'entity name, entity type'.
Text: On the Funding Date , each Lender shall credit and / or transfer ( as applicable ) to Borrower ' s deposit account , an amount equal to its Commitment Percentage multiplied by the amount of the Term Loan .
Answer:","Lender, PER
Borrower, PER","[O, O, O, O, O, O, B-PER, O, O, O, O, O, O, O, O, O, O, O, B-PER, O, O, O, O, O, O, O, O, O, O, O, O, O, O, O, O, O, O, O, O, O]","On the Funding Date , each Lender shall credit and / or transfer ( as applicable ) to Borrower ' s deposit account , an amount equal to its Commitment Percentage multiplied by the amount of the Term Loan ."
"In the sentences extracted from financial agreements in U.S. SEC filings, identify the named entities that represent a person ('PER'), an organization ('ORG'), or a location ('LOC'). The required answer format is: 'entity name, entity type'.
Text: Each Lender may make Term Loans under this Agreement based on instructions from a Responsible Officer or his or her designee .
Answer:","Lender, PER","[O, B-PER, O, O, O, O, O, O, O, O, O, O, O, O, O, O, O, O, O, O, O, O]",Each Lender may make Term Loans under this Agreement based on instructions from a Responsible Officer or his or her designee .
"In the sentences extracted from financial agreements in U.S. SEC filings, identify the named entities that represent a person ('PER'), an organization ('ORG'), or a location ('LOC'). The required answer format is: 'entity name, entity type'.
Text: Each Lender may rely on any telephone notice given by a person whom such Lender reasonably believes is a Responsible Officer or designee .
Answer:","Lender, PER
Lender, PER","[O, B-PER, O, O, O, O, O, O, O, O, O, O, O, O, B-PER, O, O, O, O, O, O, O, O, O]",Each Lender may rely on any telephone notice given by a person whom such Lender reasonably believes is a Responsible Officer or designee .
"In the sentences extracted from financial agreements in U.S. SEC filings, identify the named entities that represent a person ('PER'), an organization ('ORG'), or a location ('LOC'). The required answer format is: 'entity name, entity type'.
Text: Borrower shall indemnify each Lender for any loss Lender suffers due to such reliance .
Answer:","Borrower, PER
Lender, PER
Lender, PER","[B-PER, O, O, O, B-PER, O, O, O, B-PER, O, O, O, O, O, O]",Borrower shall indemnify each Lender for any loss Lender suffers due to such reliance .
"In the sentences extracted from financial agreements in U.S. SEC filings, identify the named entities that represent a person ('PER'), an organization ('ORG'), or a location ('LOC'). The required answer format is: 'entity name, entity type'.
Text: Borrower hereby grants to Agent , for the ratable benefit of Lenders , and to each Lender , to secure the payment and performance in full of all of the Obligations , a continuing security interest in , and pledges to Agent , for the ratable benefit of Lenders , and to each Lender , the Collateral , wherever located , whether now owned or hereafter acquired or arising , and all proceeds and products thereof .
Answer:","Borrower, PER
Lender, PER
Lender, PER","[B-PER, O, O, O, O, O, O, O, O, O, O, O, O, O, O, O, B-PER, O, O, O, O, O, O, O, O, O, O, O, O, O, O, O, O, O, O, O, O, O, O, O, O, O, O, O, O, O, O, O, O, O, O, O, O, B-PER, O, O, O, O, O, O, O, O, O, O, O, O, O, O, O, O, O, O, O, O, O, O, O]","Borrower hereby grants to Agent , for the ratable benefit of Lenders , and to each Lender , to secure the payment and performance in full of all of the Obligations , a continuing security interest in , and pledges to Agent , for the ratable benefit of Lenders , and to each Lender , the Collateral , wherever located , whether now owned or hereafter acquired or arising , and all proceeds and products thereof ."
"In the sentences extracted from financial agreements in U.S. SEC filings, identify the named entities that represent a person ('PER'), an organization ('ORG'), or a location ('LOC'). The required answer format is: 'entity name, entity type'.
Text: Borrower represents , warrants , and covenants that the security interest granted herein is and shall at all times continue to be a first priority perfected security interest in the Collateral ( subject only to Permitted Liens that may have superior priority to Agent and / or Lenders ' Lien under this Agreement ).
Answer:","Borrower, PER","[B-PER, O, O, O, O, O, O, O, O, O, O, O, O, O, O, O, O, O, O, O, O, O, O, O, O, O, O, O, O, O, O, O, O, O, O, O, O, O, O, O, O, O, O, O, O, O, O, O, O, O, O, O, O, O]","Borrower represents , warrants , and covenants that the security interest granted herein is and shall at all times continue to be a first priority perfected security interest in the Collateral ( subject only to Permitted Liens that may have superior priority to Agent and / or Lenders ' Lien under this Agreement )."
"In the sentences extracted from financial agreements in U.S. SEC filings, identify the named entities that represent a person ('PER'), an organization ('ORG'), or a location ('LOC'). The required answer format is: 'entity name, entity type'.
Text: If Borrower shall acquire a commercial tort claim , Borrower shall promptly notify Agent in a writing signed by Borrower of the general details thereof and grant to Agent , for the ratable benefit of Lenders , and to each Lender , in such writing a security interest therein and in the proceeds thereof , all upon the terms of this Agreement , with such writing to be in form and substance reasonably satisfactory to Agent .
Answer:","Borrower, PER
Borrower, PER
Borrower, PER
Lender, PER","[O, B-PER, O, O, O, O, O, O, O, B-PER, O, O, O, O, O, O, O, O, O, B-PER, O, O, O, O, O, O, O, O, O, O, O, O, O, O, O, O, O, O, O, O, B-PER, O, O, O, O, O, O, O, O, O, O, O, O, O, O, O, O, O, O, O, O, O, O, O, O, O, O, O, O, O, O, O, O, O, O, O, O]","If Borrower shall acquire a commercial tort claim , Borrower shall promptly notify Agent in a writing signed by Borrower of the general details thereof and grant to Agent , for the ratable benefit of Lenders , and to each Lender , in such writing a security interest therein and in the proceeds thereof , all upon the terms of this Agreement , with such writing to be in form and substance reasonably satisfactory to Agent ."
"In the sentences extracted from financial agreements in U.S. SEC filings, identify the named entities that represent a person ('PER'), an organization ('ORG'), or a location ('LOC'). The required answer format is: 'entity name, entity type'.
Text: Upon payment in full in cash of the Obligations and at such time as Agent ' s and Lenders ' obligation to make Credit Extensions has terminated , Agent shall , at Borrower ' s sole cost and expense , release its Liens in the Collateral and deliver such documents and make such filings as Borrower shall reasonably request .
Answer:","Borrower, PER
Borrower, PER","[O, O, O, O, O, O, O, O, O, O, O, O, O, O, O, O, O, O, O, O, O, O, O, O, O, O, O, O, O, O, O, O, B-PER, O, O, O, O, O, O, O, O, O, O, O, O, O, O, O, O, O, O, O, O, O, O, B-PER, O, O, O, O]","Upon payment in full in cash of the Obligations and at such time as Agent ' s and Lenders ' obligation to make Credit Extensions has terminated , Agent shall , at Borrower ' s sole cost and expense , release its Liens in the Collateral and deliver such documents and make such filings as Borrower shall reasonably request ."
"In the sentences extracted from financial agreements in U.S. SEC filings, identify the named entities that represent a person ('PER'), an organization ('ORG'), or a location ('LOC'). The required answer format is: 'entity name, entity type'.
Text: Borrower hereby authorizes Agent to file financing statements , without notice to Borrower , with all appropriate jurisdictions to perfect or protect Agent ' s and Lenders ' interest or rights hereunder , including a notice that any disposition of the Collateral , by either Borrower or any other Person , shall be deemed to violate the rights of Lenders under the Code .
Answer:","Borrower, PER
Borrower, PER
Borrower, PER","[B-PER, O, O, O, O, O, O, O, O, O, O, O, B-PER, O, O, O, O, O, O, O, O, O, O, O, O, O, O, O, O, O, O, O, O, O, O, O, O, O, O, O, O, O, O, O, O, B-PER, O, O, O, O, O, O, O, O, O, O, O, O, O, O, O, O, O, O]","Borrower hereby authorizes Agent to file financing statements , without notice to Borrower , with all appropriate jurisdictions to perfect or protect Agent ' s and Lenders ' interest or rights hereunder , including a notice that any disposition of the Collateral , by either Borrower or any other Person , shall be deemed to violate the rights of Lenders under the Code ."
"In the sentences extracted from financial agreements in U.S. SEC filings, identify the named entities that represent a person ('PER'), an organization ('ORG'), or a location ('LOC'). The required answer format is: 'entity name, entity type'.
Text: 5 REPRESENTATIONS AND WARRANTIES Borrower represents and warrants as follows : 5 . 1 Due Organization and Authorization .
Answer:","Borrower, PER","[O, O, O, O, B-PER, O, O, O, O, O, O, O, O, O, O, O, O, O, O]",5 REPRESENTATIONS AND WARRANTIES Borrower represents and warrants as follows : 5 . 1 Due Organization and Authorization .
"In the sentences extracted from financial agreements in U.S. SEC filings, identify the named entities that represent a person ('PER'), an organization ('ORG'), or a location ('LOC'). The required answer format is: 'entity name, entity type'.
Text: Borrower and each of its Subsidiaries , if any , are duly existing and in good standing , as Registered Organizations in their respective jurisdictions of formation and are qualified and licensed to do business and are in good standing in any jurisdiction in which the conduct of their business or their ownership of property requires that they be qualified except where the failure to do so could not reasonably be expected to have a material adverse effect on Borrower ' s business or operations .
Answer:","Borrower, PER
Borrower, PER","[B-PER, O, O, O, O, O, O, O, O, O, O, O, O, O, O, O, O, O, O, O, O, O, O, O, O, O, O, O, O, O, O, O, O, O, O, O, O, O, O, O, O, O, O, O, O, O, O, O, O, O, O, O, O, O, O, O, O, O, O, O, O, O, O, O, O, O, O, O, O, O, O, O, O, O, O, O, O, O, O, B-PER, O, O, O, O, O, O]","Borrower and each of its Subsidiaries , if any , are duly existing and in good standing , as Registered Organizations in their respective jurisdictions of formation and are qualified and licensed to do business and are in good standing in any jurisdiction in which the conduct of their business or their ownership of property requires that they be qualified except where the failure to do so could not reasonably be expected to have a material adverse effect on Borrower ' s business or operations ."
"In the sentences extracted from financial agreements in U.S. SEC filings, identify the named entities that represent a person ('PER'), an organization ('ORG'), or a location ('LOC'). The required answer format is: 'entity name, entity type'.
Text: In connection with this Agreement , Borrower has delivered to Agent and Lenders a completed perfection certificate signed by Borrower ( the "" Perfection Certificate "").
Answer:","Borrower, PER
Borrower, PER","[O, O, O, O, O, O, B-PER, O, O, O, O, O, O, O, O, O, O, O, O, B-PER, O, O, O, O, O, O]","In connection with this Agreement , Borrower has delivered to Agent and Lenders a completed perfection certificate signed by Borrower ( the "" Perfection Certificate "")."
"In the sentences extracted from financial agreements in U.S. SEC filings, identify the named entities that represent a person ('PER'), an organization ('ORG'), or a location ('LOC'). The required answer format is: 'entity name, entity type'.
Text: Borrower represents and warrants to Agent and each Lender that ( a ) Borrower ' s exact legal name is that indicated on the Perfection Certificate and on the signature page hereof ; ( b ) Borrower is an organization of the type and is organized in the jurisdiction set forth in the Perfection Certificate ; ( c ) the Perfection Certificate accurately sets forth Borrower ' s organizational identification number or accurately states that Borrower has none ; ( d ) the Perfection Certificate accurately sets forth Borrower ' s place of business , or , if more than one , its chief executive office as well as Borrower ' s mailing address ( if different than its chief executive office ) ( or as Borrower has given Agent notice pursuant to Section 7 . 2 ); ( e ) except as disclosed on the Perfection Certificate , Borrower ( and each of its predecessors ) has not , in the past five ( 5 ) years , changed its jurisdiction of formation , organizational structure or type , or any organizational number assigned by its jurisdiction ; and ( f ) all other information set forth on the Perfection Certificate pertaining to Borrower and each of its Subsidiaries is accurate and complete .
Answer:","Borrower, PER
Lender, PER
Borrower, PER
Borrower, PER
Borrower, PER
Borrower, PER
Borrower, PER
Borrower, PER
Borrower, PER
Borrower, PER
Borrower, PER","[B-PER, O, O, O, O, O, O, O, B-PER, O, O, O, O, B-PER, O, O, O, O, O, O, O, O, O, O, O, O, O, O, O, O, O, O, O, O, O, O, B-PER, O, O, O, O, O, O, O, O, O, O, O, O, O, O, O, O, O, O, O, O, O, O, O, O, O, O, O, O, B-PER, O, O, O, O, O, O, O, O, O, B-PER, O, O, O, O, O, O, O, O, O, O, O, O, B-PER, O, O, O, O, O, O, O, O, O, O, O, O, O, O, O, O, O, O, O, O, B-PER, O, O, O, O, O, O, O, O, O, O, O, O, O, O, O, O, B-PER, O, O, O, O, O, O, O, O, O, O, O, O, O, O, O, O, O, O, O, O, O, O, B-PER, O, O, O, O, O, O, O, O, O, O, O, O, O, O, O, O, O, O, O, O, O, O, O, O, O, O, O, O, O, O, O, O, O, O, O, O, O, O, O, O, O, O, O, O, O, O, O, O, O, O, O, O, O, O, B-PER, O, O, O, O, O, O, O, O, O, O]","Borrower represents and warrants to Agent and each Lender that ( a ) Borrower ' s exact legal name is that indicated on the Perfection Certificate and on the signature page hereof ; ( b ) Borrower is an organization of the type and is organized in the jurisdiction set forth in the Perfection Certificate ; ( c ) the Perfection Certificate accurately sets forth Borrower ' s organizational identification number or accurately states that Borrower has none ; ( d ) the Perfection Certificate accurately sets forth Borrower ' s place of business , or , if more than one , its chief executive office as well as Borrower ' s mailing address ( if different than its chief executive office ) ( or as Borrower has given Agent notice pursuant to Section 7 . 2 ); ( e ) except as disclosed on the Perfection Certificate , Borrower ( and each of its predecessors ) has not , in the past five ( 5 ) years , changed its jurisdiction of formation , organizational structure or type , or any organizational number assigned by its jurisdiction ; and ( f ) all other information set forth on the Perfection Certificate pertaining to Borrower and each of its Subsidiaries is accurate and complete ."
"In the sentences extracted from financial agreements in U.S. SEC filings, identify the named entities that represent a person ('PER'), an organization ('ORG'), or a location ('LOC'). The required answer format is: 'entity name, entity type'.
Text: If Borrower is not now a Registered Organization but later becomes one , Borrower shall promptly notify Agent of such occurrence and provide Agent with Borrower ' s organizational identification number .
Answer:","Borrower, PER
Borrower, PER
Borrower, PER","[O, B-PER, O, O, O, O, O, O, O, O, O, O, O, B-PER, O, O, O, O, O, O, O, O, O, O, O, B-PER, O, O, O, O, O, O]","If Borrower is not now a Registered Organization but later becomes one , Borrower shall promptly notify Agent of such occurrence and provide Agent with Borrower ' s organizational identification number ."
"In the sentences extracted from financial agreements in U.S. SEC filings, identify the named entities that represent a person ('PER'), an organization ('ORG'), or a location ('LOC'). The required answer format is: 'entity name, entity type'.
Text: - 4 - The execution , delivery and performance of the Loan Documents have been duly authorized , and do not conflict with Borrower ' s organizational documents , nor constitute an event of default under any material agreement by which Borrower is bound .
Answer:","Borrower, PER
Borrower, PER","[O, O, O, O, O, O, O, O, O, O, O, O, O, O, O, O, O, O, O, O, O, O, O, B-PER, O, O, O, O, O, O, O, O, O, O, O, O, O, O, O, O, O, B-PER, O, O, O]","- 4 - The execution , delivery and performance of the Loan Documents have been duly authorized , and do not conflict with Borrower ' s organizational documents , nor constitute an event of default under any material agreement by which Borrower is bound ."
"In the sentences extracted from financial agreements in U.S. SEC filings, identify the named entities that represent a person ('PER'), an organization ('ORG'), or a location ('LOC'). The required answer format is: 'entity name, entity type'.
Text: Borrower is not in default under any agreement to which it is a party or by which it is bound in which the default could reasonably be expected to have a material adverse effect on Borrower ' s business .
Answer:","Borrower, PER
Borrower, PER","[B-PER, O, O, O, O, O, O, O, O, O, O, O, O, O, O, O, O, O, O, O, O, O, O, O, O, O, O, O, O, O, O, O, O, O, O, B-PER, O, O, O, O]",Borrower is not in default under any agreement to which it is a party or by which it is bound in which the default could reasonably be expected to have a material adverse effect on Borrower ' s business .
"In the sentences extracted from financial agreements in U.S. SEC filings, identify the named entities that represent a person ('PER'), an organization ('ORG'), or a location ('LOC'). The required answer format is: 'entity name, entity type'.
Text: Borrower has good title to , has rights in , and the power to transfer each item of the Collateral upon which it purports to grant a Lien hereunder , free and clear of any and all Liens except Permitted Liens .
Answer:","Borrower, PER","[B-PER, O, O, O, O, O, O, O, O, O, O, O, O, O, O, O, O, O, O, O, O, O, O, O, O, O, O, O, O, O, O, O, O, O, O, O, O, O, O, O, O, O]","Borrower has good title to , has rights in , and the power to transfer each item of the Collateral upon which it purports to grant a Lien hereunder , free and clear of any and all Liens except Permitted Liens ."
"In the sentences extracted from financial agreements in U.S. SEC filings, identify the named entities that represent a person ('PER'), an organization ('ORG'), or a location ('LOC'). The required answer format is: 'entity name, entity type'.
Text: Borrower has no deposit accounts other than the deposit accounts with Agent , the deposit accounts , if any , described in the Perfection Certificate delivered to Agent and Lenders in connection herewith , or of which Borrower has given Agent notice and taken such actions as are necessary to give Agent and Lenders a perfected security interest therein .
Answer:","Borrower, PER
Borrower, PER","[B-PER, O, O, O, O, O, O, O, O, O, O, O, O, O, O, O, O, O, O, O, O, O, O, O, O, O, O, O, O, O, O, O, O, O, O, O, O, B-PER, O, O, O, O, O, O, O, O, O, O, O, O, O, O, O, O, O, O, O, O, O, O]","Borrower has no deposit accounts other than the deposit accounts with Agent , the deposit accounts , if any , described in the Perfection Certificate delivered to Agent and Lenders in connection herewith , or of which Borrower has given Agent notice and taken such actions as are necessary to give Agent and Lenders a perfected security interest therein ."
"In the sentences extracted from financial agreements in U.S. SEC filings, identify the named entities that represent a person ('PER'), an organization ('ORG'), or a location ('LOC'). The required answer format is: 'entity name, entity type'.
Text: The Collateral is not in the possession of any third party bailee ( such as a warehouse ), except as otherwise provided in the Perfection Certificate or as Borrower has given Agent notice pursuant to Section 7 . 2 .
Answer:","Borrower, PER","[O, O, O, O, O, O, O, O, O, O, O, O, O, O, O, O, O, O, O, O, O, O, O, O, O, O, O, O, B-PER, O, O, O, O, O, O, O, O, O, O, O]","The Collateral is not in the possession of any third party bailee ( such as a warehouse ), except as otherwise provided in the Perfection Certificate or as Borrower has given Agent notice pursuant to Section 7 . 2 ."
"In the sentences extracted from financial agreements in U.S. SEC filings, identify the named entities that represent a person ('PER'), an organization ('ORG'), or a location ('LOC'). The required answer format is: 'entity name, entity type'.
Text: None of the components of the Collateral shall be maintained at locations other than as provided in the Perfection Certificate or as Borrower has given Agent notice pursuant to Section 7 . 2 .
Answer:","Borrower, PER","[O, O, O, O, O, O, O, O, O, O, O, O, O, O, O, O, O, O, O, O, O, O, B-PER, O, O, O, O, O, O, O, O, O, O, O]",None of the components of the Collateral shall be maintained at locations other than as provided in the Perfection Certificate or as Borrower has given Agent notice pursuant to Section 7 . 2 .
"In the sentences extracted from financial agreements in U.S. SEC filings, identify the named entities that represent a person ('PER'), an organization ('ORG'), or a location ('LOC'). The required answer format is: 'entity name, entity type'.
Text: In the event that Borrower , after the date hereof , intends to store or otherwise deliver any portion ( in excess of Fifty Thousand Dollars ($ 50 , 000 . 00 ) in the aggregate ) of the Collateral to a bailee , then Borrower will first receive the written consent of Agent and such bailee must execute and deliver a bailee agreement in form and substance satisfactory to Agent in its reasonable discretion All Inventory is in all material respects of good and marketable quality , free from material defects .
Answer:","Borrower, PER
Borrower, PER","[O, O, O, O, B-PER, O, O, O, O, O, O, O, O, O, O, O, O, O, O, O, O, O, O, O, O, O, O, O, O, O, O, O, O, O, O, O, O, O, O, O, O, O, O, O, O, B-PER, O, O, O, O, O, O, O, O, O, O, O, O, O, O, O, O, O, O, O, O, O, O, O, O, O, O, O, O, O, O, O, O, O, O, O, O, O, O, O, O, O, O, O, O, O, O, O]","In the event that Borrower , after the date hereof , intends to store or otherwise deliver any portion ( in excess of Fifty Thousand Dollars ($ 50 , 000 . 00 ) in the aggregate ) of the Collateral to a bailee , then Borrower will first receive the written consent of Agent and such bailee must execute and deliver a bailee agreement in form and substance satisfactory to Agent in its reasonable discretion All Inventory is in all material respects of good and marketable quality , free from material defects ."
"In the sentences extracted from financial agreements in U.S. SEC filings, identify the named entities that represent a person ('PER'), an organization ('ORG'), or a location ('LOC'). The required answer format is: 'entity name, entity type'.
Text: Except as noted on the Perfection Certificate , Borrower is not a party to , nor is bound by , any material license or other agreement with respect to which Borrower is the licensee that prohibits or otherwise restricts Borrower from granting a security interest in Borrower ' s interest in such license or agreement or any other property .
Answer:","Borrower, PER
Borrower, PER
Borrower, PER
Borrower, PER","[O, O, O, O, O, O, O, O, B-PER, O, O, O, O, O, O, O, O, O, O, O, O, O, O, O, O, O, O, O, O, O, B-PER, O, O, O, O, O, O, O, O, B-PER, O, O, O, O, O, O, B-PER, O, O, O, O, O, O, O, O, O, O, O, O, O]","Except as noted on the Perfection Certificate , Borrower is not a party to , nor is bound by , any material license or other agreement with respect to which Borrower is the licensee that prohibits or otherwise restricts Borrower from granting a security interest in Borrower ' s interest in such license or agreement or any other property ."
"In the sentences extracted from financial agreements in U.S. SEC filings, identify the named entities that represent a person ('PER'), an organization ('ORG'), or a location ('LOC'). The required answer format is: 'entity name, entity type'.
Text: Borrower shall provide written notice to Agent within thirty ( 30 ) days after entering or becoming bound by any such license or agreement which is reasonably likely to have a material impact on Borrower ' s business or financial condition ( other than over - the - counter software that is commercially available to the public ).
Answer:","Borrower, PER
Borrower, PER","[B-PER, O, O, O, O, O, O, O, O, O, O, O, O, O, O, O, O, O, O, O, O, O, O, O, O, O, O, O, O, O, O, O, O, O, B-PER, O, O, O, O, O, O, O, O, O, O, O, O, O, O, O, O, O, O, O, O, O, O, O]",Borrower shall provide written notice to Agent within thirty ( 30 ) days after entering or becoming bound by any such license or agreement which is reasonably likely to have a material impact on Borrower ' s business or financial condition ( other than over - the - counter software that is commercially available to the public ).
"In the sentences extracted from financial agreements in U.S. SEC filings, identify the named entities that represent a person ('PER'), an organization ('ORG'), or a location ('LOC'). The required answer format is: 'entity name, entity type'.
Text: Borrower shall take such steps as Agent requests to obtain the consent of , or waiver by , any person whose consent or waiver is necessary for all such licenses or contract rights to be deemed "" Collateral "" and for Agent and Lenders to have a security interest in it that might otherwise be restricted or prohibited by law or by the terms of any such license or agreement ( such consent or authorization may include a licensor ' s agreement to a contingent assignment of the license to Agent if Agent determines that is necessary in its good faith judgment ), whether now existing or entered into in the future .
Answer:","Borrower, PER","[B-PER, O, O, O, O, O, O, O, O, O, O, O, O, O, O, O, O, O, O, O, O, O, O, O, O, O, O, O, O, O, O, O, O, O, O, O, O, O, O, O, O, O, O, O, O, O, O, O, O, O, O, O, O, O, O, O, O, O, O, O, O, O, O, O, O, O, O, O, O, O, O, O, O, O, O, O, O, O, O, O, O, O, O, O, O, O, O, O, O, O, O, O, O, O, O, O, O, O, O, O, O, O, O, O, O, O, O, O, O, O, O, O, O]","Borrower shall take such steps as Agent requests to obtain the consent of , or waiver by , any person whose consent or waiver is necessary for all such licenses or contract rights to be deemed "" Collateral "" and for Agent and Lenders to have a security interest in it that might otherwise be restricted or prohibited by law or by the terms of any such license or agreement ( such consent or authorization may include a licensor ' s agreement to a contingent assignment of the license to Agent if Agent determines that is necessary in its good faith judgment ), whether now existing or entered into in the future ."
"In the sentences extracted from financial agreements in U.S. SEC filings, identify the named entities that represent a person ('PER'), an organization ('ORG'), or a location ('LOC'). The required answer format is: 'entity name, entity type'.
Text: Except as disclosed on the Perfection Certificate or as Borrower has given notice pursuant to Section 6 . 2 ( a ), there are no actions or proceedings pending or , to the knowledge of the Responsible Officers , threatened in writing by or against Borrower or any of its Subsidiaries that could reasonably be expected to result in damages payable by Borrower or any of its Subsidiaries in an amount involving more than Two Hundred Fifty Thousand Dollars ($ 250 , 000 . 00 ).
Answer:","Borrower, PER
Borrower, PER
Borrower, PER","[O, O, O, O, O, O, O, O, O, B-PER, O, O, O, O, O, O, O, O, O, O, O, O, O, O, O, O, O, O, O, O, O, O, O, O, O, O, O, O, O, O, O, O, O, O, O, B-PER, O, O, O, O, O, O, O, O, O, O, O, O, O, O, O, O, B-PER, O, O, O, O, O, O, O, O, O, O, O, O, O, O, O, O, O, O, O, O, O, O, O]","Except as disclosed on the Perfection Certificate or as Borrower has given notice pursuant to Section 6 . 2 ( a ), there are no actions or proceedings pending or , to the knowledge of the Responsible Officers , threatened in writing by or against Borrower or any of its Subsidiaries that could reasonably be expected to result in damages payable by Borrower or any of its Subsidiaries in an amount involving more than Two Hundred Fifty Thousand Dollars ($ 250 , 000 . 00 )."
"In the sentences extracted from financial agreements in U.S. SEC filings, identify the named entities that represent a person ('PER'), an organization ('ORG'), or a location ('LOC'). The required answer format is: 'entity name, entity type'.
Text: All consolidated financial statements for Borrower and any of its Subsidiaries delivered to Agent fairly present in all material respects Borrower ' s consolidated financial condition and Borrower ' s consolidated results of operations as of the dates and for the periods presented .
Answer:","Borrower, PER
Borrower, PER
Borrower, PER","[O, O, O, O, O, B-PER, O, O, O, O, O, O, O, O, O, O, O, O, O, O, B-PER, O, O, O, O, O, O, B-PER, O, O, O, O, O, O, O, O, O, O, O, O, O, O, O, O]",All consolidated financial statements for Borrower and any of its Subsidiaries delivered to Agent fairly present in all material respects Borrower ' s consolidated financial condition and Borrower ' s consolidated results of operations as of the dates and for the periods presented .
"In the sentences extracted from financial agreements in U.S. SEC filings, identify the named entities that represent a person ('PER'), an organization ('ORG'), or a location ('LOC'). The required answer format is: 'entity name, entity type'.
Text: As of the date of this Agreement , there has not been any material deterioration in Borrower ' s consolidated financial condition since the date of the most recent financial statements submitted to Agent .
Answer:","Borrower, PER","[O, O, O, O, O, O, O, O, O, O, O, O, O, O, O, O, B-PER, O, O, O, O, O, O, O, O, O, O, O, O, O, O, O, O, O, O]","As of the date of this Agreement , there has not been any material deterioration in Borrower ' s consolidated financial condition since the date of the most recent financial statements submitted to Agent ."
"In the sentences extracted from financial agreements in U.S. SEC filings, identify the named entities that represent a person ('PER'), an organization ('ORG'), or a location ('LOC'). The required answer format is: 'entity name, entity type'.
Text: The fair salable value of Borrower ' s assets ( including goodwill minus disposition costs ) exceeds the fair value of its liabilities ; Borrower is not left with unreasonably small capital after the transactions in this Agreement ; and Borrower is able to pay its debts ( including trade debts ) as they mature .
Answer:","Borrower, PER
Borrower, PER
Borrower, PER","[O, O, O, O, O, B-PER, O, O, O, O, O, O, O, O, O, O, O, O, O, O, O, O, O, O, B-PER, O, O, O, O, O, O, O, O, O, O, O, O, O, O, O, B-PER, O, O, O, O, O, O, O, O, O, O, O, O, O, O, O]",The fair salable value of Borrower ' s assets ( including goodwill minus disposition costs ) exceeds the fair value of its liabilities ; Borrower is not left with unreasonably small capital after the transactions in this Agreement ; and Borrower is able to pay its debts ( including trade debts ) as they mature .
"In the sentences extracted from financial agreements in U.S. SEC filings, identify the named entities that represent a person ('PER'), an organization ('ORG'), or a location ('LOC'). The required answer format is: 'entity name, entity type'.
Text: Borrower is not an "" investment company "" or a company "" controlled "" by an "" investment company "" under the Investment Company Act of 1940 .
Answer:","Borrower, PER","[B-PER, O, O, O, O, O, O, O, O, O, O, O, O, O, O, O, O, O, O, O, O, O, O, O, O, O, O, O]","Borrower is not an "" investment company "" or a company "" controlled "" by an "" investment company "" under the Investment Company Act of 1940 ."
"In the sentences extracted from financial agreements in U.S. SEC filings, identify the named entities that represent a person ('PER'), an organization ('ORG'), or a location ('LOC'). The required answer format is: 'entity name, entity type'.
Text: Borrower is not engaged as one of its important activities in extending credit for margin stock ( under Regulations T and U of the Federal Reserve Board of Governors ).
Answer:","Borrower, PER
Federal Reserve Board of Governors, ORG","[B-PER, O, O, O, O, O, O, O, O, O, O, O, O, O, O, O, O, O, O, O, O, O, O, O, B-ORG, I-ORG, I-ORG, I-ORG, I-ORG, O]",Borrower is not engaged as one of its important activities in extending credit for margin stock ( under Regulations T and U of the Federal Reserve Board of Governors ).
"In the sentences extracted from financial agreements in U.S. SEC filings, identify the named entities that represent a person ('PER'), an organization ('ORG'), or a location ('LOC'). The required answer format is: 'entity name, entity type'.
Text: Borrower has complied in all material respects with the Federal Fair Labor Standards Act .
Answer:","Borrower, PER","[B-PER, O, O, O, O, O, O, O, O, O, O, O, O, O, O]",Borrower has complied in all material respects with the Federal Fair Labor Standards Act .
"In the sentences extracted from financial agreements in U.S. SEC filings, identify the named entities that represent a person ('PER'), an organization ('ORG'), or a location ('LOC'). The required answer format is: 'entity name, entity type'.
Text: Borrower has not violated any laws , ordinances or rules , the violation of which could reasonably be expected to have a material adverse effect on its business .
Answer:","Borrower, PER","[B-PER, O, O, O, O, O, O, O, O, O, O, O, O, O, O, O, O, O, O, O, O, O, O, O, O, O, O, O, O]","Borrower has not violated any laws , ordinances or rules , the violation of which could reasonably be expected to have a material adverse effect on its business ."
"In the sentences extracted from financial agreements in U.S. SEC filings, identify the named entities that represent a person ('PER'), an organization ('ORG'), or a location ('LOC'). The required answer format is: 'entity name, entity type'.
Text: None of Borrower ' s or any of its Subsidiaries ' properties or assets has been used by Borrower or any Subsidiary or , to Borrower ' s knowledge , by previous Persons , in disposing , producing , storing , treating , or transporting any hazardous substance other than in material compliance with all laws .
Answer:","Borrower, PER
Borrower, PER
Borrower, PER","[O, O, B-PER, O, O, O, O, O, O, O, O, O, O, O, O, O, O, O, B-PER, O, O, O, O, O, O, B-PER, O, O, O, O, O, O, O, O, O, O, O, O, O, O, O, O, O, O, O, O, O, O, O, O, O, O, O, O, O, O, O]","None of Borrower ' s or any of its Subsidiaries ' properties or assets has been used by Borrower or any Subsidiary or , to Borrower ' s knowledge , by previous Persons , in disposing , producing , storing , treating , or transporting any hazardous substance other than in material compliance with all laws ."
"In the sentences extracted from financial agreements in U.S. SEC filings, identify the named entities that represent a person ('PER'), an organization ('ORG'), or a location ('LOC'). The required answer format is: 'entity name, entity type'.
Text: Borrower and each of its Subsidiaries have obtained all consents , approvals and authorizations of , made all declarations or filings with , and given all notices to , all government authorities that are necessary to continue its business as currently conducted .
Answer:","Borrower, PER","[B-PER, O, O, O, O, O, O, O, O, O, O, O, O, O, O, O, O, O, O, O, O, O, O, O, O, O, O, O, O, O, O, O, O, O, O, O, O, O, O, O, O, O, O]","Borrower and each of its Subsidiaries have obtained all consents , approvals and authorizations of , made all declarations or filings with , and given all notices to , all government authorities that are necessary to continue its business as currently conducted ."
"In the sentences extracted from financial agreements in U.S. SEC filings, identify the named entities that represent a person ('PER'), an organization ('ORG'), or a location ('LOC'). The required answer format is: 'entity name, entity type'.
Text: Borrower does not own any stock , partnership interest or other equity securities except for Permitted Investments .
Answer:","Borrower, PER","[B-PER, O, O, O, O, O, O, O, O, O, O, O, O, O, O, O, O, O]","Borrower does not own any stock , partnership interest or other equity securities except for Permitted Investments ."
"In the sentences extracted from financial agreements in U.S. SEC filings, identify the named entities that represent a person ('PER'), an organization ('ORG'), or a location ('LOC'). The required answer format is: 'entity name, entity type'.
Text: Borrower has timely filed all required tax returns and reports , and Borrower and its Subsidiaries have timely paid all foreign , federal , state and local taxes , assessments , deposits and contributions owed by Borrower , provided that Borrower may defer payment of any contested taxes , so long as Borrower ( a ) in good faith contests its obligation to pay the taxes by appropriate proceedings promptly and diligently instituted and conducted , and ( b ) with respect to contested amounts in excess of Two Hundred Fifty Thousand Dollars ($ 250 , 000 ), ( i ) notifies Agent in writing of the commencement of , and any material development in , the proceedings , and ( ii ) posts bonds or takes any other steps required to prevent the governmental authority levying such contested taxes from obtaining a Lien upon any of the Collateral that is other than a "" Permitted Lien "".
Answer:","Borrower, PER
Borrower, PER
Borrower, PER
Borrower, PER
Borrower, PER","[B-PER, O, O, O, O, O, O, O, O, O, O, O, B-PER, O, O, O, O, O, O, O, O, O, O, O, O, O, O, O, O, O, O, O, O, O, O, O, B-PER, O, O, O, B-PER, O, O, O, O, O, O, O, O, O, O, O, B-PER, O, O, O, O, O, O, O, O, O, O, O, O, O, O, O, O, O, O, O, O, O, O, O, O, O, O, O, O, O, O, O, O, O, O, O, O, O, O, O, O, O, O, O, O, O, O, O, O, O, O, O, O, O, O, O, O, O, O, O, O, O, O, O, O, O, O, O, O, O, O, O, O, O, O, O, O, O, O, O, O, O, O, O, O, O, O, O, O, O, O, O, O, O, O, O, O, O, O, O, O, O, O, O, O, O]","Borrower has timely filed all required tax returns and reports , and Borrower and its Subsidiaries have timely paid all foreign , federal , state and local taxes , assessments , deposits and contributions owed by Borrower , provided that Borrower may defer payment of any contested taxes , so long as Borrower ( a ) in good faith contests its obligation to pay the taxes by appropriate proceedings promptly and diligently instituted and conducted , and ( b ) with respect to contested amounts in excess of Two Hundred Fifty Thousand Dollars ($ 250 , 000 ), ( i ) notifies Agent in writing of the commencement of , and any material development in , the proceedings , and ( ii ) posts bonds or takes any other steps required to prevent the governmental authority levying such contested taxes from obtaining a Lien upon any of the Collateral that is other than a "" Permitted Lien ""."
"In the sentences extracted from financial agreements in U.S. SEC filings, identify the named entities that represent a person ('PER'), an organization ('ORG'), or a location ('LOC'). The required answer format is: 'entity name, entity type'.
Text: Except as set forth on the Perfection Certificate , Borrower is unaware of any claims or adjustments proposed for any of Borrower ' s prior tax years which could result in additional taxes becoming due and payable by Borrower .
Answer:","Borrower, PER
Borrower, PER
Borrower, PER","[O, O, O, O, O, O, O, O, O, B-PER, O, O, O, O, O, O, O, O, O, O, O, B-PER, O, O, O, O, O, O, O, O, O, O, O, O, O, O, O, O, B-PER, O]","Except as set forth on the Perfection Certificate , Borrower is unaware of any claims or adjustments proposed for any of Borrower ' s prior tax years which could result in additional taxes becoming due and payable by Borrower ."
"In the sentences extracted from financial agreements in U.S. SEC filings, identify the named entities that represent a person ('PER'), an organization ('ORG'), or a location ('LOC'). The required answer format is: 'entity name, entity type'.
Text: Borrower has paid all amounts necessary to fund all present pension , profit sharing and deferred compensation plans in accordance with their terms , and Borrower has not withdrawn from participation in , and has not permitted partial or complete termination of , or permitted the occurrence of any other event with respect to , any such plan which could reasonably be expected to result in any liability of Borrower , including any liability to the Pension Benefit Guaranty Corporation or its successors or any other governmental agency .
Answer:","Borrower, PER
Borrower, PER
Borrower, PER
Pension Benefit Guaranty Corporation, ORG","[B-PER, O, O, O, O, O, O, O, O, O, O, O, O, O, O, O, O, O, O, O, O, O, O, O, O, B-PER, O, O, O, O, O, O, O, O, O, O, O, O, O, O, O, O, O, O, O, O, O, O, O, O, O, O, O, O, O, O, O, O, O, O, O, O, O, O, O, O, O, O, O, B-PER, O, O, O, O, O, O, B-ORG, I-ORG, I-ORG, I-ORG, O, O, O, O, O, O, O, O, O]","Borrower has paid all amounts necessary to fund all present pension , profit sharing and deferred compensation plans in accordance with their terms , and Borrower has not withdrawn from participation in , and has not permitted partial or complete termination of , or permitted the occurrence of any other event with respect to , any such plan which could reasonably be expected to result in any liability of Borrower , including any liability to the Pension Benefit Guaranty Corporation or its successors or any other governmental agency ."
"In the sentences extracted from financial agreements in U.S. SEC filings, identify the named entities that represent a person ('PER'), an organization ('ORG'), or a location ('LOC'). The required answer format is: 'entity name, entity type'.
Text: Borrower shall use the proceeds of the Credit Extensions solely to fund its general business requirements and not for personal , family , household or agricultural purposes .
Answer:","Borrower, PER","[B-PER, O, O, O, O, O, O, O, O, O, O, O, O, O, O, O, O, O, O, O, O, O, O, O, O, O, O, O]","Borrower shall use the proceeds of the Credit Extensions solely to fund its general business requirements and not for personal , family , household or agricultural purposes ."
"In the sentences extracted from financial agreements in U.S. SEC filings, identify the named entities that represent a person ('PER'), an organization ('ORG'), or a location ('LOC'). The required answer format is: 'entity name, entity type'.
Text: No written representation , warranty or other statement of Borrower in any certificate or written statement given to Agent or any Lender , as of the date such representation , warranty , or other statement was made , taken together with all such written certificates and written statements given to Agent or any Lender , contains any untrue statement of a material fact or omits to state a material fact necessary to make the statements contained in the certificates or statements not misleading ( it being recognized by Agent that the projections and forecasts provided by Borrower in good faith and based upon reasonable assumptions are not viewed as facts and that actual results during the period or periods covered by such projections and forecasts may differ from the projected or forecasted results ).
Answer:","Borrower, PER
Lender, PER
Lender, PER
Borrower, PER","[O, O, O, O, O, O, O, O, O, B-PER, O, O, O, O, O, O, O, O, O, O, O, B-PER, O, O, O, O, O, O, O, O, O, O, O, O, O, O, O, O, O, O, O, O, O, O, O, O, O, O, O, O, O, O, O, B-PER, O, O, O, O, O, O, O, O, O, O, O, O, O, O, O, O, O, O, O, O, O, O, O, O, O, O, O, O, O, O, O, O, O, O, O, O, O, O, O, O, O, O, B-PER, O, O, O, O, O, O, O, O, O, O, O, O, O, O, O, O, O, O, O, O, O, O, O, O, O, O, O, O, O, O, O, O, O, O, O, O, O]","No written representation , warranty or other statement of Borrower in any certificate or written statement given to Agent or any Lender , as of the date such representation , warranty , or other statement was made , taken together with all such written certificates and written statements given to Agent or any Lender , contains any untrue statement of a material fact or omits to state a material fact necessary to make the statements contained in the certificates or statements not misleading ( it being recognized by Agent that the projections and forecasts provided by Borrower in good faith and based upon reasonable assumptions are not viewed as facts and that actual results during the period or periods covered by such projections and forecasts may differ from the projected or forecasted results )."
"In the sentences extracted from financial agreements in U.S. SEC filings, identify the named entities that represent a person ('PER'), an organization ('ORG'), or a location ('LOC'). The required answer format is: 'entity name, entity type'.
Text: Borrower represents and warrants that IL Subsidiary , a wholly - owned subsidiary of Borrower , throughout the term of this Agreement will continue to own no assets , except for office furniture and furnishings , including computers , servers , laptops and similar office equipment .
Answer:","Borrower, PER
Borrower, PER","[B-PER, O, O, O, O, O, O, O, O, O, O, O, O, O, B-PER, O, O, O, O, O, O, O, O, O, O, O, O, O, O, O, O, O, O, O, O, O, O, O, O, O, O, O, O, O, O, O, O]","Borrower represents and warrants that IL Subsidiary , a wholly - owned subsidiary of Borrower , throughout the term of this Agreement will continue to own no assets , except for office furniture and furnishings , including computers , servers , laptops and similar office equipment ."
"In the sentences extracted from financial agreements in U.S. SEC filings, identify the named entities that represent a person ('PER'), an organization ('ORG'), or a location ('LOC'). The required answer format is: 'entity name, entity type'.
Text: In the event that the IL Subsidiary owns any other assets , except as set forth herein , then Borrower shall notify Lenders and at Lenders ' option , the IL Subsidiary will become a co - Borrower to this Agreement and shall grant a first priority security interest in all assets ( except for intellectual property ) to the Agent , for the ratable benefit of the Lenders .
Answer:","Borrower, PER
Borrower, PER","[O, O, O, O, O, O, O, O, O, O, O, O, O, O, O, O, O, O, O, B-PER, O, O, O, O, O, O, O, O, O, O, O, O, O, O, O, O, O, B-PER, O, O, O, O, O, O, O, O, O, O, O, O, O, O, O, O, O, O, O, O, O, O, O, O, O, O, O, O, O, O, O, O]","In the event that the IL Subsidiary owns any other assets , except as set forth herein , then Borrower shall notify Lenders and at Lenders ' option , the IL Subsidiary will become a co - Borrower to this Agreement and shall grant a first priority security interest in all assets ( except for intellectual property ) to the Agent , for the ratable benefit of the Lenders ."
"In the sentences extracted from financial agreements in U.S. SEC filings, identify the named entities that represent a person ('PER'), an organization ('ORG'), or a location ('LOC'). The required answer format is: 'entity name, entity type'.
Text: 6 AFFIRMATIVE COVENANTS Borrower shall do all of the following : 6 . 1 Government Compliance .
Answer:","Borrower, PER","[O, O, O, B-PER, O, O, O, O, O, O, O, O, O, O, O, O, O]",6 AFFIRMATIVE COVENANTS Borrower shall do all of the following : 6 . 1 Government Compliance .
"In the sentences extracted from financial agreements in U.S. SEC filings, identify the named entities that represent a person ('PER'), an organization ('ORG'), or a location ('LOC'). The required answer format is: 'entity name, entity type'.
Text: Maintain its and all its Subsidiaries ' legal existence and good standing in their respective jurisdictions of formation and maintain qualification in each jurisdiction in which the failure to so qualify would reasonably be expected to have a material adverse effect on Borrower ' s business or operations .
Answer:","Borrower, PER","[O, O, O, O, O, O, O, O, O, O, O, O, O, O, O, O, O, O, O, O, O, O, O, O, O, O, O, O, O, O, O, O, O, O, O, O, O, O, O, O, O, O, B-PER, O, O, O, O, O, O]",Maintain its and all its Subsidiaries ' legal existence and good standing in their respective jurisdictions of formation and maintain qualification in each jurisdiction in which the failure to so qualify would reasonably be expected to have a material adverse effect on Borrower ' s business or operations .
"In the sentences extracted from financial agreements in U.S. SEC filings, identify the named entities that represent a person ('PER'), an organization ('ORG'), or a location ('LOC'). The required answer format is: 'entity name, entity type'.
Text: Borrower shall comply , and have each Subsidiary comply , with all laws , ordinances and regulations to which it is subject , the noncompliance with which could reasonably be expected to have a material adverse effect on Borrower ' s business .
Answer:","Borrower, PER
Borrower, PER","[B-PER, O, O, O, O, O, O, O, O, O, O, O, O, O, O, O, O, O, O, O, O, O, O, O, O, O, O, O, O, O, O, O, O, O, O, O, O, O, B-PER, O, O, O, O]","Borrower shall comply , and have each Subsidiary comply , with all laws , ordinances and regulations to which it is subject , the noncompliance with which could reasonably be expected to have a material adverse effect on Borrower ' s business ."
"In the sentences extracted from financial agreements in U.S. SEC filings, identify the named entities that represent a person ('PER'), an organization ('ORG'), or a location ('LOC'). The required answer format is: 'entity name, entity type'.
Text: ( a ) Deliver to Agent : ( i ) as soon as available , but no later than thirty ( 30 ) days after the last day of each quarter , a company prepared consolidated balance sheet and income statement covering Borrower ' s
Answer:","Borrower, PER","[O, O, O, O, O, O, O, O, O, O, O, O, O, O, O, O, O, O, O, O, O, O, O, O, O, O, O, O, O, O, O, O, O, O, O, O, O, O, O, O, O, O, B-PER, O, O]","( a ) Deliver to Agent : ( i ) as soon as available , but no later than thirty ( 30 ) days after the last day of each quarter , a company prepared consolidated balance sheet and income statement covering Borrower ' s"
"In the sentences extracted from financial agreements in U.S. SEC filings, identify the named entities that represent a person ('PER'), an organization ('ORG'), or a location ('LOC'). The required answer format is: 'entity name, entity type'.
Text: - 6 - consolidated operations during the period certified by a Responsible Officer and in a form acceptable to Agent ; ( ii ) as soon as available , but no later than one hundred eighty ( 180 ) days after the last day of Borrower ' s fiscal year , audited consolidated financial statements prepared under GAAP , consistently applied , together with an unqualified opinion ( except for going concern qualifications common for emerging companies ) on the financial statements from an independent certified public accounting firm acceptable to Agent in its reasonable discretion ; ( iii ) within five ( 5 ) days of delivery , copies of all statements , reports and notices made available to Borrower ' s security holders generally or to holders of Subordinated Debt ; ( iv ) in the event that Borrower becomes subject to the reporting requirements under the Securities Exchange Act of 1934 , as amended , within five ( 5 ) days of filing , all reports on Form 10 - K , 10 - Q and 8 - K filed with the Securities and Exchange Commission or a link thereto on Borrower ' s or another website on the Internet ; ( v ) a prompt report of any legal actions pending or threatened in writing against Borrower or any of its Subsidiaries that could reasonably be expected to result in damages or costs to Borrower or any of its Subsidiaries of Two Hundred Fifty Thousand Dollars ($ 250 , 000 . 00 ) or more ; ( vi ) as soon as available , but no later than thirty ( 30 ) days prior to Borrower ' s fiscal year end , Board approved annual budget and financial projections commensurate with those provided to Borrower ' s capital investors ; and ( viii ) budgets , sales projections , operating plans and other financial information reasonably requested by Agent .
Answer:","Borrower, PER
Borrower, PER
Borrower, PER
Borrower, PER
Borrower, PER
Borrower, PER
Borrower, PER
Borrower, PER","[O, O, O, O, O, O, O, O, O, O, O, O, O, O, O, O, O, O, O, O, O, O, O, O, O, O, O, O, O, O, O, O, O, O, O, O, O, O, O, O, O, O, O, O, O, B-PER, O, O, O, O, O, O, O, O, O, O, O, O, O, O, O, O, O, O, O, O, O, O, O, O, O, O, O, O, O, O, O, O, O, O, O, O, O, O, O, O, O, O, O, O, O, O, O, O, O, O, O, O, O, O, O, O, O, O, O, O, O, O, O, O, O, O, O, O, O, O, O, O, O, O, B-PER, O, O, O, O, O, O, O, O, O, O, O, O, O, O, O, O, O, O, O, B-PER, O, O, O, O, O, O, O, O, O, O, O, O, O, O, O, O, O, O, O, O, O, O, O, O, O, O, O, O, O, O, O, O, O, O, O, O, O, O, O, O, O, O, O, O, O, O, O, O, O, O, O, O, O, B-PER, O, O, O, O, O, O, O, O, O, O, O, O, O, O, O, O, O, O, O, O, O, O, O, O, O, B-PER, O, O, O, O, O, O, O, O, O, O, O, O, O, O, O, O, O, B-PER, O, O, O, O, O, O, O, O, O, O, O, O, O, O, O, O, O, O, O, O, O, O, O, O, O, O, O, O, O, O, O, O, O, O, O, O, O, O, O, O, B-PER, O, O, O, O, O, O, O, O, O, O, O, O, O, O, O, O, O, O, B-PER, O, O, O, O, O, O, O, O, O, O, O, O, O, O, O, O, O, O, O, O, O, O, O, O, O]","- 6 - consolidated operations during the period certified by a Responsible Officer and in a form acceptable to Agent ; ( ii ) as soon as available , but no later than one hundred eighty ( 180 ) days after the last day of Borrower ' s fiscal year , audited consolidated financial statements prepared under GAAP , consistently applied , together with an unqualified opinion ( except for going concern qualifications common for emerging companies ) on the financial statements from an independent certified public accounting firm acceptable to Agent in its reasonable discretion ; ( iii ) within five ( 5 ) days of delivery , copies of all statements , reports and notices made available to Borrower ' s security holders generally or to holders of Subordinated Debt ; ( iv ) in the event that Borrower becomes subject to the reporting requirements under the Securities Exchange Act of 1934 , as amended , within five ( 5 ) days of filing , all reports on Form 10 - K , 10 - Q and 8 - K filed with the Securities and Exchange Commission or a link thereto on Borrower ' s or another website on the Internet ; ( v ) a prompt report of any legal actions pending or threatened in writing against Borrower or any of its Subsidiaries that could reasonably be expected to result in damages or costs to Borrower or any of its Subsidiaries of Two Hundred Fifty Thousand Dollars ($ 250 , 000 . 00 ) or more ; ( vi ) as soon as available , but no later than thirty ( 30 ) days prior to Borrower ' s fiscal year end , Board approved annual budget and financial projections commensurate with those provided to Borrower ' s capital investors ; and ( viii ) budgets , sales projections , operating plans and other financial information reasonably requested by Agent ."
"In the sentences extracted from financial agreements in U.S. SEC filings, identify the named entities that represent a person ('PER'), an organization ('ORG'), or a location ('LOC'). The required answer format is: 'entity name, entity type'.
Text: ( b ) Within thirty ( 30 ) days after the last day of each month , deliver to Agent "" Flash Reports "", which shall include : ( i ) a summary of cash balances , ( ii ) aged listings of accounts receivable and accounts payable ( by invoice date ), and ( iii ) a summary of revenue and net income received by Borrower which shall be certified by a Responsible Officer and in a form acceptable to Agent .
Answer:","Borrower, PER","[O, O, O, O, O, O, O, O, O, O, O, O, O, O, O, O, O, O, O, O, O, O, O, O, O, O, O, O, O, O, O, O, O, O, O, O, O, O, O, O, O, O, O, O, O, O, O, O, O, O, O, O, O, O, O, O, O, O, O, O, O, O, O, O, O, O, B-PER, O, O, O, O, O, O, O, O, O, O, O, O, O, O, O, O]","( b ) Within thirty ( 30 ) days after the last day of each month , deliver to Agent "" Flash Reports "", which shall include : ( i ) a summary of cash balances , ( ii ) aged listings of accounts receivable and accounts payable ( by invoice date ), and ( iii ) a summary of revenue and net income received by Borrower which shall be certified by a Responsible Officer and in a form acceptable to Agent ."
"In the sentences extracted from financial agreements in U.S. SEC filings, identify the named entities that represent a person ('PER'), an organization ('ORG'), or a location ('LOC'). The required answer format is: 'entity name, entity type'.
Text: Returns and allowances between Borrower and its Account Debtors shall follow Borrower ' s customary practices as they exist at the Effective Date .
Answer:","Borrower, PER
Borrower, PER","[O, O, O, O, B-PER, O, O, O, O, O, O, B-PER, O, O, O, O, O, O, O, O, O, O, O, O]",Returns and allowances between Borrower and its Account Debtors shall follow Borrower ' s customary practices as they exist at the Effective Date .
"In the sentences extracted from financial agreements in U.S. SEC filings, identify the named entities that represent a person ('PER'), an organization ('ORG'), or a location ('LOC'). The required answer format is: 'entity name, entity type'.
Text: Borrower must promptly notify Agent of all returns , recoveries , disputes and claims that involve more than Two Hundred Fifty Thousand Dollars ($ 250 , 000 . 00 ).
Answer:","Borrower, PER","[B-PER, O, O, O, O, O, O, O, O, O, O, O, O, O, O, O, O, O, O, O, O, O, O, O, O, O, O, O, O, O]","Borrower must promptly notify Agent of all returns , recoveries , disputes and claims that involve more than Two Hundred Fifty Thousand Dollars ($ 250 , 000 . 00 )."
"In the sentences extracted from financial agreements in U.S. SEC filings, identify the named entities that represent a person ('PER'), an organization ('ORG'), or a location ('LOC'). The required answer format is: 'entity name, entity type'.
Text: Make , and cause each of its Subsidiaries to make , timely payment of all foreign , federal , state , and local taxes or assessments ( other than taxes and assessments which Borrower is contesting pursuant to the terms of Section 5 . 8 hereof ) and shall deliver to Agent , on demand , appropriate certificates attesting to such payments , and pay all amounts necessary to fund all present pension , profit sharing and deferred compensation plans in accordance with their terms .
Answer:","Borrower, PER","[O, O, O, O, O, O, O, O, O, O, O, O, O, O, O, O, O, O, O, O, O, O, O, O, O, O, O, O, O, O, O, O, O, B-PER, O, O, O, O, O, O, O, O, O, O, O, O, O, O, O, O, O, O, O, O, O, O, O, O, O, O, O, O, O, O, O, O, O, O, O, O, O, O, O, O, O, O, O, O, O, O, O, O, O, O, O, O]","Make , and cause each of its Subsidiaries to make , timely payment of all foreign , federal , state , and local taxes or assessments ( other than taxes and assessments which Borrower is contesting pursuant to the terms of Section 5 . 8 hereof ) and shall deliver to Agent , on demand , appropriate certificates attesting to such payments , and pay all amounts necessary to fund all present pension , profit sharing and deferred compensation plans in accordance with their terms ."
"In the sentences extracted from financial agreements in U.S. SEC filings, identify the named entities that represent a person ('PER'), an organization ('ORG'), or a location ('LOC'). The required answer format is: 'entity name, entity type'.
Text: Keep its business and the Collateral insured for risks and in amounts standard for companies in Borrower ' s industry and location and as Agent may reasonably request .
Answer:","Borrower, PER","[O, O, O, O, O, O, O, O, O, O, O, O, O, O, O, O, B-PER, O, O, O, O, O, O, O, O, O, O, O, O]",Keep its business and the Collateral insured for risks and in amounts standard for companies in Borrower ' s industry and location and as Agent may reasonably request .
"In the sentences extracted from financial agreements in U.S. SEC filings, identify the named entities that represent a person ('PER'), an organization ('ORG'), or a location ('LOC'). The required answer format is: 'entity name, entity type'.
Text: All property policies shall have a lender ' s loss payable endorsement showing each Lender as lender loss payee and waive subrogation against Lenders , and all liability policies shall show , or have endorsements showing , each Lender as an additional insured .
Answer:","lender, PER
Lender, PER
lender, PER
Lender, PER","[O, O, O, O, O, O, B-PER, O, O, O, O, O, O, O, B-PER, O, B-PER, O, O, O, O, O, O, O, O, O, O, O, O, O, O, O, O, O, O, O, O, O, B-PER, O, O, O, O, O]","All property policies shall have a lender ' s loss payable endorsement showing each Lender as lender loss payee and waive subrogation against Lenders , and all liability policies shall show , or have endorsements showing , each Lender as an additional insured ."
"In the sentences extracted from financial agreements in U.S. SEC filings, identify the named entities that represent a person ('PER'), an organization ('ORG'), or a location ('LOC'). The required answer format is: 'entity name, entity type'.
Text: At Agent ' s request , Borrower shall deliver insurance certificates and evidence of all premium payments .
Answer:","Borrower, PER","[O, O, O, O, O, O, B-PER, O, O, O, O, O, O, O, O, O, O, O]","At Agent ' s request , Borrower shall deliver insurance certificates and evidence of all premium payments ."
"In the sentences extracted from financial agreements in U.S. SEC filings, identify the named entities that represent a person ('PER'), an organization ('ORG'), or a location ('LOC'). The required answer format is: 'entity name, entity type'.
Text: Notwithstanding the foregoing , ( a ) so long as no Event of Default has occurred and is continuing , Borrower shall have the option of applying the proceeds of any casualty policy up to Two Hundred Fifty Thousand Dollars ($ 250 , 000 . 00 ), in the aggregate , toward the replacement or repair of destroyed or damaged property ; provided that any such replacement or repaired property ( i ) shall be of equal or like value as the replaced or repaired Collateral and ( ii ) shall be deemed Collateral in which Agent and Lenders have been granted a first priority security interest , subject to Permitted Liens , and ( b ) after the occurrence and during the continuance of an Event of Default , all proceeds payable under such casualty policy shall , at the option of Agent , be payable to Agent , for the ratable benefit of Lenders , on account of the Obligations .
Answer:","Borrower, PER","[O, O, O, O, O, O, O, O, O, O, O, O, O, O, O, O, O, O, O, O, B-PER, O, O, O, O, O, O, O, O, O, O, O, O, O, O, O, O, O, O, O, O, O, O, O, O, O, O, O, O, O, O, O, O, O, O, O, O, O, O, O, O, O, O, O, O, O, O, O, O, O, O, O, O, O, O, O, O, O, O, O, O, O, O, O, O, O, O, O, O, O, O, O, O, O, O, O, O, O, O, O, O, O, O, O, O, O, O, O, O, O, O, O, O, O, O, O, O, O, O, O, O, O, O, O, O, O, O, O, O, O, O, O, O, O, O, O, O, O, O, O, O, O, O, O, O, O, O, O, O, O, O, O, O, O, O, O, O, O, O, O, O, O, O]","Notwithstanding the foregoing , ( a ) so long as no Event of Default has occurred and is continuing , Borrower shall have the option of applying the proceeds of any casualty policy up to Two Hundred Fifty Thousand Dollars ($ 250 , 000 . 00 ), in the aggregate , toward the replacement or repair of destroyed or damaged property ; provided that any such replacement or repaired property ( i ) shall be of equal or like value as the replaced or repaired Collateral and ( ii ) shall be deemed Collateral in which Agent and Lenders have been granted a first priority security interest , subject to Permitted Liens , and ( b ) after the occurrence and during the continuance of an Event of Default , all proceeds payable under such casualty policy shall , at the option of Agent , be payable to Agent , for the ratable benefit of Lenders , on account of the Obligations ."
"In the sentences extracted from financial agreements in U.S. SEC filings, identify the named entities that represent a person ('PER'), an organization ('ORG'), or a location ('LOC'). The required answer format is: 'entity name, entity type'.
Text: If Borrower fails to obtain insurance as required under this Section 6 . 5 or to pay any amount or furnish any required proof of payment to third persons and Agent , Agent may make all or part of such payment or obtain such insurance policies required in this Section 6 . 5 , and take any action under the policies Agent deems prudent .
Answer:","Borrower, PER","[O, B-PER, O, O, O, O, O, O, O, O, O, O, O, O, O, O, O, O, O, O, O, O, O, O, O, O, O, O, O, O, O, O, O, O, O, O, O, O, O, O, O, O, O, O, O, O, O, O, O, O, O, O, O, O, O, O, O, O, O, O, O, O, O, O, O]","If Borrower fails to obtain insurance as required under this Section 6 . 5 or to pay any amount or furnish any required proof of payment to third persons and Agent , Agent may make all or part of such payment or obtain such insurance policies required in this Section 6 . 5 , and take any action under the policies Agent deems prudent ."
"In the sentences extracted from financial agreements in U.S. SEC filings, identify the named entities that represent a person ('PER'), an organization ('ORG'), or a location ('LOC'). The required answer format is: 'entity name, entity type'.
Text: - 7 - ( b ) Provide Agent five ( 5 ) days prior written notice before establishing any Collateral Account at or with any bank or financial institution other than Agent or its Affiliates .
Answer:","bank, ORG","[O, O, O, O, O, O, O, O, O, O, O, O, O, O, O, O, O, O, O, O, O, O, O, O, O, B-ORG, O, O, O, O, O, O, O, O, O, O]",- 7 - ( b ) Provide Agent five ( 5 ) days prior written notice before establishing any Collateral Account at or with any bank or financial institution other than Agent or its Affiliates .
"In the sentences extracted from financial agreements in U.S. SEC filings, identify the named entities that represent a person ('PER'), an organization ('ORG'), or a location ('LOC'). The required answer format is: 'entity name, entity type'.
Text: In addition , for each Collateral Account that Borrower at any time maintains , Borrower shall cause the applicable bank or financial institution ( other than Agent ) at or with which any Collateral Account is maintained to execute and deliver a Control Agreement or other appropriate instrument with respect to such Collateral Account to perfect Agent ' s and Lenders ' Lien in such Collateral Account in accordance with the terms hereunder , which Control Agreement may not be terminated until this Agreement is terminated and all Obligations have been satisfied ( other than inchoate indemnity obligations ) without the prior written consent of Agent .
Answer:","Borrower, PER
Borrower, PER
bank, ORG","[O, O, O, O, O, O, O, O, B-PER, O, O, O, O, O, B-PER, O, O, O, O, B-ORG, O, O, O, O, O, O, O, O, O, O, O, O, O, O, O, O, O, O, O, O, O, O, O, O, O, O, O, O, O, O, O, O, O, O, O, O, O, O, O, O, O, O, O, O, O, O, O, O, O, O, O, O, O, O, O, O, O, O, O, O, O, O, O, O, O, O, O, O, O, O, O, O, O, O, O, O, O, O, O, O, O, O, O, O, O, O, O]","In addition , for each Collateral Account that Borrower at any time maintains , Borrower shall cause the applicable bank or financial institution ( other than Agent ) at or with which any Collateral Account is maintained to execute and deliver a Control Agreement or other appropriate instrument with respect to such Collateral Account to perfect Agent ' s and Lenders ' Lien in such Collateral Account in accordance with the terms hereunder , which Control Agreement may not be terminated until this Agreement is terminated and all Obligations have been satisfied ( other than inchoate indemnity obligations ) without the prior written consent of Agent ."
"In the sentences extracted from financial agreements in U.S. SEC filings, identify the named entities that represent a person ('PER'), an organization ('ORG'), or a location ('LOC'). The required answer format is: 'entity name, entity type'.
Text: The provisions of the previous sentence shall not apply to deposit accounts exclusively used for payroll , payroll taxes and other employee wage and benefit payments to or for the benefit of Borrower ' s employees and identified to Agent by Borrower as such .
Answer:","Borrower, PER
Borrower, PER","[O, O, O, O, O, O, O, O, O, O, O, O, O, O, O, O, O, O, O, O, O, O, O, O, O, O, O, O, O, O, O, O, B-PER, O, O, O, O, O, O, O, O, B-PER, O, O, O]","The provisions of the previous sentence shall not apply to deposit accounts exclusively used for payroll , payroll taxes and other employee wage and benefit payments to or for the benefit of Borrower ' s employees and identified to Agent by Borrower as such ."
"In the sentences extracted from financial agreements in U.S. SEC filings, identify the named entities that represent a person ('PER'), an organization ('ORG'), or a location ('LOC'). The required answer format is: 'entity name, entity type'.
Text: Borrower shall use commercially reasonable efforts to protect , defend and maintain the validity and enforceability of its material intellectual property , except where Borrower in the exercise of its business judgment deems it in its best interest not to do so .
Answer:","Borrower, PER
Borrower, PER","[B-PER, O, O, O, O, O, O, O, O, O, O, O, O, O, O, O, O, O, O, O, O, O, O, O, B-PER, O, O, O, O, O, O, O, O, O, O, O, O, O, O, O, O, O, O]","Borrower shall use commercially reasonable efforts to protect , defend and maintain the validity and enforceability of its material intellectual property , except where Borrower in the exercise of its business judgment deems it in its best interest not to do so ."
"In the sentences extracted from financial agreements in U.S. SEC filings, identify the named entities that represent a person ('PER'), an organization ('ORG'), or a location ('LOC'). The required answer format is: 'entity name, entity type'.
Text: From the date hereof and continuing through the termination of this Agreement , make available to Agent , without expense to Agent , Borrower and its officers , employees and agents and Borrower ' s books and records , to the extent that Agent may deem them reasonably necessary to prosecute or defend any third - party suit or proceeding instituted by or against Agent and / or any Lender with respect to any Collateral or relating to Borrower .
Answer:","Borrower, PER
Borrower, PER
Lender, PER
Borrower, PER","[O, O, O, O, O, O, O, O, O, O, O, O, O, O, O, O, O, O, O, O, O, O, O, B-PER, O, O, O, O, O, O, O, O, B-PER, O, O, O, O, O, O, O, O, O, O, O, O, O, O, O, O, O, O, O, O, O, O, O, O, O, O, O, O, O, O, O, O, O, O, O, O, B-PER, O, O, O, O, O, O, O, O, B-PER, O]","From the date hereof and continuing through the termination of this Agreement , make available to Agent , without expense to Agent , Borrower and its officers , employees and agents and Borrower ' s books and records , to the extent that Agent may deem them reasonably necessary to prosecute or defend any third - party suit or proceeding instituted by or against Agent and / or any Lender with respect to any Collateral or relating to Borrower ."
"In the sentences extracted from financial agreements in U.S. SEC filings, identify the named entities that represent a person ('PER'), an organization ('ORG'), or a location ('LOC'). The required answer format is: 'entity name, entity type'.
Text: 7 NEGATIVE COVENANTS Borrower shall not do any of the following without Agent ' s prior written consent : 7 . 1 Dispositions .
Answer:","Borrower, PER","[O, O, O, B-PER, O, O, O, O, O, O, O, O, O, O, O, O, O, O, O, O, O, O, O, O]",7 NEGATIVE COVENANTS Borrower shall not do any of the following without Agent ' s prior written consent : 7 . 1 Dispositions .
"In the sentences extracted from financial agreements in U.S. SEC filings, identify the named entities that represent a person ('PER'), an organization ('ORG'), or a location ('LOC'). The required answer format is: 'entity name, entity type'.
Text: Convey , sell , lease , transfer or otherwise dispose of ( collectively , "" Transfer ""), or permit any of its Subsidiaries to Transfer , all or any part of its business or property , except for Transfers ( a ) of Inventory in the ordinary course of business ; ( b ) of worn - out , or obsolete Equipment ; ( c ) in connection with Permitted Liens and Permitted Investments ; ( d ) of non - exclusive licenses for the use of the property of Borrower or its Subsidiaries in the ordinary course of business ; and ( e ) other Transfers having an aggregate book value not in excess of Fifty Thousand Dollars ($ 50 , 000 ) in the aggregate in any fiscal year .
Answer:","Borrower, PER","[O, O, O, O, O, O, O, O, O, O, O, O, O, O, O, O, O, O, O, O, O, O, O, O, O, O, O, O, O, O, O, O, O, O, O, O, O, O, O, O, O, O, O, O, O, O, O, O, O, O, O, O, O, O, O, O, O, O, O, O, O, O, O, O, O, O, O, O, O, O, O, O, O, O, O, O, O, O, O, O, O, O, O, O, O, O, O, O, O, O, B-PER, O, O, O, O, O, O, O, O, O, O, O, O, O, O, O, O, O, O, O, O, O, O, O, O, O, O, O, O, O, O, O, O, O, O, O, O, O, O, O, O, O]","Convey , sell , lease , transfer or otherwise dispose of ( collectively , "" Transfer ""), or permit any of its Subsidiaries to Transfer , all or any part of its business or property , except for Transfers ( a ) of Inventory in the ordinary course of business ; ( b ) of worn - out , or obsolete Equipment ; ( c ) in connection with Permitted Liens and Permitted Investments ; ( d ) of non - exclusive licenses for the use of the property of Borrower or its Subsidiaries in the ordinary course of business ; and ( e ) other Transfers having an aggregate book value not in excess of Fifty Thousand Dollars ($ 50 , 000 ) in the aggregate in any fiscal year ."
"In the sentences extracted from financial agreements in U.S. SEC filings, identify the named entities that represent a person ('PER'), an organization ('ORG'), or a location ('LOC'). The required answer format is: 'entity name, entity type'.
Text: ( a ) Engage in or permit any of its Subsidiaries to engage in any business other than the businesses currently engaged in by Borrower and such Subsidiary , as applicable , or reasonably related thereto ; ( b ) liquidate or dissolve ; or ( c ) ( i ) have a change in management such that the Key Person resigns , is terminated , or is no longer actively involved in the management of the Borrower in his / her current position and a replacement reasonably satisfactory to Borrower ' s Board for such Key Person is not made within ninety ( 90 ) days after departure from Borrower ; or ( ii ) enter into any transaction or series of related transactions in which the stockholders of Borrower immediately prior to the first such transaction own less than 60 % of the voting stock of Borrower immediately after giving effect to such transaction or related series of such transactions ( other than by the sale of Borrower ' s equity securities in a public offering or to venture capital investors so long as Borrower identifies to Agent the venture capital investors prior to the closing of the transaction ).
Answer:","Borrower, PER
Borrower, PER
Borrower, PER
Borrower, PER
Borrower, PER
Borrower, PER
Borrower, PER
Borrower, PER","[O, O, O, O, O, O, O, O, O, O, O, O, O, O, O, O, O, O, O, O, O, O, O, O, B-PER, O, O, O, O, O, O, O, O, O, O, O, O, O, O, O, O, O, O, O, O, O, O, O, O, O, O, O, O, O, O, O, O, O, O, O, O, O, O, O, O, O, O, O, O, O, O, O, O, O, O, O, O, B-PER, O, O, O, O, O, O, O, O, O, O, O, O, B-PER, O, O, O, O, O, O, O, O, O, O, O, O, O, O, O, O, O, O, O, B-PER, O, O, O, O, O, O, O, O, O, O, O, O, O, O, O, O, O, O, O, B-PER, O, O, O, O, O, O, O, O, O, O, O, O, O, O, O, O, O, B-PER, O, O, O, O, O, O, O, O, O, O, O, O, O, O, O, O, O, O, O, O, B-PER, O, O, O, O, O, O, O, O, O, O, O, O, O, O, O, O, B-PER, O, O, O, O, O, O, O, O, O, O, O, O, O, O, O]","( a ) Engage in or permit any of its Subsidiaries to engage in any business other than the businesses currently engaged in by Borrower and such Subsidiary , as applicable , or reasonably related thereto ; ( b ) liquidate or dissolve ; or ( c ) ( i ) have a change in management such that the Key Person resigns , is terminated , or is no longer actively involved in the management of the Borrower in his / her current position and a replacement reasonably satisfactory to Borrower ' s Board for such Key Person is not made within ninety ( 90 ) days after departure from Borrower ; or ( ii ) enter into any transaction or series of related transactions in which the stockholders of Borrower immediately prior to the first such transaction own less than 60 % of the voting stock of Borrower immediately after giving effect to such transaction or related series of such transactions ( other than by the sale of Borrower ' s equity securities in a public offering or to venture capital investors so long as Borrower identifies to Agent the venture capital investors prior to the closing of the transaction )."
"In the sentences extracted from financial agreements in U.S. SEC filings, identify the named entities that represent a person ('PER'), an organization ('ORG'), or a location ('LOC'). The required answer format is: 'entity name, entity type'.
Text: Borrower shall not , without at least thirty ( 30 ) days prior written notice to Agent : ( 1 ) add any new offices or business locations , including warehouses ( unless such new offices or business locations contain less than Fifty Thousand Dollars ($ 50 , 000 . 00 ) in Borrower ' s assets or property ), ( 2 ) change its jurisdiction of organization , ( 3 ) change its organizational type , ( 4 ) change its legal name , ( 5 ) change any organizational number ( if any ) assigned by its jurisdiction of organization .
Answer:","Borrower, PER
Borrower, PER","[B-PER, O, O, O, O, O, O, O, O, O, O, O, O, O, O, O, O, O, O, O, O, O, O, O, O, O, O, O, O, O, O, O, O, O, O, O, O, O, O, O, O, O, O, O, O, O, O, O, O, O, O, O, O, B-PER, O, O, O, O, O, O, O, O, O, O, O, O, O, O, O, O, O, O, O, O, O, O, O, O, O, O, O, O, O, O, O, O, O, O, O, O, O, O, O, O, O, O, O, O, O, O, O, O, O]","Borrower shall not , without at least thirty ( 30 ) days prior written notice to Agent : ( 1 ) add any new offices or business locations , including warehouses ( unless such new offices or business locations contain less than Fifty Thousand Dollars ($ 50 , 000 . 00 ) in Borrower ' s assets or property ), ( 2 ) change its jurisdiction of organization , ( 3 ) change its organizational type , ( 4 ) change its legal name , ( 5 ) change any organizational number ( if any ) assigned by its jurisdiction of organization ."
"In the sentences extracted from financial agreements in U.S. SEC filings, identify the named entities that represent a person ('PER'), an organization ('ORG'), or a location ('LOC'). The required answer format is: 'entity name, entity type'.
Text: Merge or consolidate , or permit any of its Subsidiaries to merge or consolidate , with any other Person , or acquire , or permit any of its Subsidiaries to acquire , all or substantially all of the capital stock or property of another Person , provided that a Subsidiary may merge or consolidate into another Subsidiary or into Borrower .
Answer:","Borrower, PER","[O, O, O, O, O, O, O, O, O, O, O, O, O, O, O, O, O, O, O, O, O, O, O, O, O, O, O, O, O, O, O, O, O, O, O, O, O, O, O, O, O, O, O, O, O, O, O, O, O, O, O, O, O, O, O, O, O, O, O, B-PER, O]","Merge or consolidate , or permit any of its Subsidiaries to merge or consolidate , with any other Person , or acquire , or permit any of its Subsidiaries to acquire , all or substantially all of the capital stock or property of another Person , provided that a Subsidiary may merge or consolidate into another Subsidiary or into Borrower ."
"In the sentences extracted from financial agreements in U.S. SEC filings, identify the named entities that represent a person ('PER'), an organization ('ORG'), or a location ('LOC'). The required answer format is: 'entity name, entity type'.
Text: Create , incur , or allow any Lien on any of its property , or assign or convey any right to receive income , including the sale of any Accounts , or permit any of its Subsidiaries to do so , except for Permitted Liens , or permit any Collateral not to be subject to the first priority security interest granted herein ( except for validly perfected purchase money security interests ), or enter into any agreement , document , instrument or other arrangement ( except with or in favor of Lenders ) with any Person which directly or indirectly prohibits or has the effect of prohibiting Borrower or any Subsidiary from assigning , mortgaging , pledging , granting a security interest in or upon , or encumbering any of Borrower ' s or any Subsidiary ' s intellectual property , except as is otherwise permitted in Section 7 . 1 hereof and the definition of "" Permitted Liens "" herein .
Answer:","Borrower, PER
Borrower, PER","[O, O, O, O, O, O, O, O, O, O, O, O, O, O, O, O, O, O, O, O, O, O, O, O, O, O, O, O, O, O, O, O, O, O, O, O, O, O, O, O, O, O, O, O, O, O, O, O, O, O, O, O, O, O, O, O, O, O, O, O, O, O, O, O, O, O, O, O, O, O, O, O, O, O, O, O, O, O, O, O, O, O, O, O, O, O, O, O, O, O, O, O, O, O, O, O, O, O, O, O, O, O, O, O, O, O, O, B-PER, O, O, O, O, O, O, O, O, O, O, O, O, O, O, O, O, O, O, O, O, O, O, B-PER, O, O, O, O, O, O, O, O, O, O, O, O, O, O, O, O, O, O, O, O, O, O, O, O, O, O, O, O, O, O, O]","Create , incur , or allow any Lien on any of its property , or assign or convey any right to receive income , including the sale of any Accounts , or permit any of its Subsidiaries to do so , except for Permitted Liens , or permit any Collateral not to be subject to the first priority security interest granted herein ( except for validly perfected purchase money security interests ), or enter into any agreement , document , instrument or other arrangement ( except with or in favor of Lenders ) with any Person which directly or indirectly prohibits or has the effect of prohibiting Borrower or any Subsidiary from assigning , mortgaging , pledging , granting a security interest in or upon , or encumbering any of Borrower ' s or any Subsidiary ' s intellectual property , except as is otherwise permitted in Section 7 . 1 hereof and the definition of "" Permitted Liens "" herein ."
"In the sentences extracted from financial agreements in U.S. SEC filings, identify the named entities that represent a person ('PER'), an organization ('ORG'), or a location ('LOC'). The required answer format is: 'entity name, entity type'.
Text: ( a ) Directly or indirectly make any Investment other than Permitted Investments , or permit any of its Subsidiaries to do so ; or ( b ) pay any dividends or make any distribution or payment or redeem , retire or purchase any capital stock , provided that ( i ) Borrower may convert any of its convertible securities into other securities pursuant to the terms of such convertible securities or otherwise in exchange thereof and make payments in cash for any fractional share upon such conversion or in connection with the exercise or conversion of warrants or other securities in an amount not to exceed $ 25 , 000 in the aggregate , ( ii ) Borrower may pay dividends solely in common stock ; and ( iii ) Borrower may repurchase the stock of former employees or consultants pursuant to stock repurchase agreements so long as an Event of Default does not exist at the time of such repurchase and would not exist after giving effect to such repurchase , provided such repurchase does not exceed in the aggregate of $ 100 , 000 per fiscal year .
Answer:","Borrower, PER
Borrower, PER
Borrower, PER","[O, O, O, O, O, O, O, O, O, O, O, O, O, O, O, O, O, O, O, O, O, O, O, O, O, O, O, O, O, O, O, O, O, O, O, O, O, O, O, O, O, O, O, O, O, O, O, O, O, O, O, O, B-PER, O, O, O, O, O, O, O, O, O, O, O, O, O, O, O, O, O, O, O, O, O, O, O, O, O, O, O, O, O, O, O, O, O, O, O, O, O, O, O, O, O, O, O, O, O, O, O, O, O, O, O, O, O, O, O, O, O, O, O, O, O, O, O, O, O, B-PER, O, O, O, O, O, O, O, O, O, O, O, O, B-PER, O, O, O, O, O, O, O, O, O, O, O, O, O, O, O, O, O, O, O, O, O, O, O, O, O, O, O, O, O, O, O, O, O, O, O, O, O, O, O, O, O, O, O, O, O, O, O, O, O, O, O, O, O, O, O, O, O, O, O]","( a ) Directly or indirectly make any Investment other than Permitted Investments , or permit any of its Subsidiaries to do so ; or ( b ) pay any dividends or make any distribution or payment or redeem , retire or purchase any capital stock , provided that ( i ) Borrower may convert any of its convertible securities into other securities pursuant to the terms of such convertible securities or otherwise in exchange thereof and make payments in cash for any fractional share upon such conversion or in connection with the exercise or conversion of warrants or other securities in an amount not to exceed $ 25 , 000 in the aggregate , ( ii ) Borrower may pay dividends solely in common stock ; and ( iii ) Borrower may repurchase the stock of former employees or consultants pursuant to stock repurchase agreements so long as an Event of Default does not exist at the time of such repurchase and would not exist after giving effect to such repurchase , provided such repurchase does not exceed in the aggregate of $ 100 , 000 per fiscal year ."
"In the sentences extracted from financial agreements in U.S. SEC filings, identify the named entities that represent a person ('PER'), an organization ('ORG'), or a location ('LOC'). The required answer format is: 'entity name, entity type'.
Text: Directly or indirectly enter into or permit to exist any material transaction with any Affiliate of Borrower , except for transactions that are in the ordinary course of Borrower ' s business , upon fair and reasonable terms that are no less favorable to Borrower than would be obtained in an arm ' s length transaction with a non - affiliated Person .
Answer:","Borrower, PER
Borrower, PER
Borrower, PER","[O, O, O, O, O, O, O, O, O, O, O, O, O, O, O, O, B-PER, O, O, O, O, O, O, O, O, O, O, O, B-PER, O, O, O, O, O, O, O, O, O, O, O, O, O, O, O, B-PER, O, O, O, O, O, O, O, O, O, O, O, O, O, O, O, O, O, O]","Directly or indirectly enter into or permit to exist any material transaction with any Affiliate of Borrower , except for transactions that are in the ordinary course of Borrower ' s business , upon fair and reasonable terms that are no less favorable to Borrower than would be obtained in an arm ' s length transaction with a non - affiliated Person ."
"In the sentences extracted from financial agreements in U.S. SEC filings, identify the named entities that represent a person ('PER'), an organization ('ORG'), or a location ('LOC'). The required answer format is: 'entity name, entity type'.
Text: Become an "" investment company "" or a company controlled by an "" investment company "", under the Investment Company Act of 1940 or undertake as one of its important activities extending credit to purchase or carry margin stock ( as defined in Regulation U of the Board of Governors of the Federal Reserve System ), or use the proceeds of any Credit Extension for that purpose ; fail to meet the minimum funding requirements of ERISA , permit a Reportable Event or Prohibited Transaction , as defined in ERISA , to occur ; fail to comply with the Federal Fair Labor Standards Act or violate any other law or regulation , if the violation could reasonably be expected to have a material adverse effect on Borrower ' s business , or permit any of its Subsidiaries to do so ; withdraw or permit any Subsidiary to withdraw from participation in , permit partial or complete termination of , or permit the occurrence of any other event with respect to , any present pension , profit sharing and deferred compensation plan which could reasonably be expected to result in any liability of Borrower , including any liability to the Pension Benefit Guaranty Corporation or its successors or any other governmental agency .
Answer:","Board of Governors of the Federal Reserve System, ORG
ERISA, ORG
ERISA, ORG
Borrower, PER
Borrower, PER
Pension Benefit Guaranty Corporation, ORG","[O, O, O, O, O, O, O, O, O, O, O, O, O, O, O, O, O, O, O, O, O, O, O, O, O, O, O, O, O, O, O, O, O, O, O, O, O, O, O, O, O, O, O, O, O, O, O, B-ORG, I-ORG, I-ORG, I-ORG, I-ORG, I-ORG, I-ORG, I-ORG, O, O, O, O, O, O, O, O, O, O, O, O, O, O, O, O, O, O, O, O, O, B-ORG, O, O, O, O, O, O, O, O, O, O, O, O, B-ORG, O, O, O, O, O, O, O, O, O, O, O, O, O, O, O, O, O, O, O, O, O, O, O, O, O, O, O, O, O, O, O, O, O, O, O, O, B-PER, O, O, O, O, O, O, O, O, O, O, O, O, O, O, O, O, O, O, O, O, O, O, O, O, O, O, O, O, O, O, O, O, O, O, O, O, O, O, O, O, O, O, O, O, O, O, O, O, O, O, O, O, O, O, O, O, O, O, O, O, O, O, O, O, O, B-PER, O, O, O, O, O, O, B-ORG, I-ORG, I-ORG, I-ORG, O, O, O, O, O, O, O, O, O]","Become an "" investment company "" or a company controlled by an "" investment company "", under the Investment Company Act of 1940 or undertake as one of its important activities extending credit to purchase or carry margin stock ( as defined in Regulation U of the Board of Governors of the Federal Reserve System ), or use the proceeds of any Credit Extension for that purpose ; fail to meet the minimum funding requirements of ERISA , permit a Reportable Event or Prohibited Transaction , as defined in ERISA , to occur ; fail to comply with the Federal Fair Labor Standards Act or violate any other law or regulation , if the violation could reasonably be expected to have a material adverse effect on Borrower ' s business , or permit any of its Subsidiaries to do so ; withdraw or permit any Subsidiary to withdraw from participation in , permit partial or complete termination of , or permit the occurrence of any other event with respect to , any present pension , profit sharing and deferred compensation plan which could reasonably be expected to result in any liability of Borrower , including any liability to the Pension Benefit Guaranty Corporation or its successors or any other governmental agency ."
"In the sentences extracted from financial agreements in U.S. SEC filings, identify the named entities that represent a person ('PER'), an organization ('ORG'), or a location ('LOC'). The required answer format is: 'entity name, entity type'.
Text: Borrower fails to make any payment of principal or interest on any Credit Extension or pay any other Obligations within three ( 3 ) Business Days after such Obligations are due and payable ( which three ( 3 ) Business Day grace period will not apply to payments due on the Maturity Date ).
Answer:","Borrower, PER","[B-PER, O, O, O, O, O, O, O, O, O, O, O, O, O, O, O, O, O, O, O, O, O, O, O, O, O, O, O, O, O, O, O, O, O, O, O, O, O, O, O, O, O, O, O, O, O, O, O, O, O, O, O, O, O]",Borrower fails to make any payment of principal or interest on any Credit Extension or pay any other Obligations within three ( 3 ) Business Days after such Obligations are due and payable ( which three ( 3 ) Business Day grace period will not apply to payments due on the Maturity Date ).
"In the sentences extracted from financial agreements in U.S. SEC filings, identify the named entities that represent a person ('PER'), an organization ('ORG'), or a location ('LOC'). The required answer format is: 'entity name, entity type'.
Text: ( a ) Borrower fails or neglects to perform any obligation in Sections 6 . 2 , 6 . 6 , or violates any covenant in Section 7 ; or
Answer:","Borrower, PER","[O, O, O, B-PER, O, O, O, O, O, O, O, O, O, O, O, O, O, O, O, O, O, O, O, O, O, O, O, O, O, O]","( a ) Borrower fails or neglects to perform any obligation in Sections 6 . 2 , 6 . 6 , or violates any covenant in Section 7 ; or"
"In the sentences extracted from financial agreements in U.S. SEC filings, identify the named entities that represent a person ('PER'), an organization ('ORG'), or a location ('LOC'). The required answer format is: 'entity name, entity type'.
Text: - 9 - ( b ) Borrower fails or neglects to perform , keep , or observe any other term , provision , condition , covenant or agreement contained in this Agreement , any Loan Documents , and as to any default ( other than those specified in this Section 8 ) under such other term , provision , condition , covenant or agreement that can be cured , has failed to cure the default within ten ( 10 ) days after the occurrence thereof ; provided , however , that if the default cannot by its nature be cured within the ten ( 10 ) day period or cannot after diligent attempts by Borrower be cured within such ten ( 10 ) day period , and such default is likely to be cured within a reasonable time , then Borrower shall have an additional period ( which shall not without Agent ' s written consent exceed thirty ( 30 ) days ) to attempt to cure such default , and within such reasonable time period the failure to cure the default shall not be deemed an Event of Default ( but no Credit Extensions shall be made during such cure period ).
Answer:","Borrower, PER
Borrower, PER
Borrower, PER","[O, O, O, O, O, O, B-PER, O, O, O, O, O, O, O, O, O, O, O, O, O, O, O, O, O, O, O, O, O, O, O, O, O, O, O, O, O, O, O, O, O, O, O, O, O, O, O, O, O, O, O, O, O, O, O, O, O, O, O, O, O, O, O, O, O, O, O, O, O, O, O, O, O, O, O, O, O, O, O, O, O, O, O, O, O, O, O, O, O, O, O, O, O, O, O, O, O, O, O, O, O, O, O, O, O, O, O, O, O, O, O, O, O, O, O, B-PER, O, O, O, O, O, O, O, O, O, O, O, O, O, O, O, O, O, O, O, O, O, O, O, O, O, B-PER, O, O, O, O, O, O, O, O, O, O, O, O, O, O, O, O, O, O, O, O, O, O, O, O, O, O, O, O, O, O, O, O, O, O, O, O, O, O, O, O, O, O, O, O, O, O, O, O, O, O, O, O, O, O, O, O, O, O, O, O, O, O]","- 9 - ( b ) Borrower fails or neglects to perform , keep , or observe any other term , provision , condition , covenant or agreement contained in this Agreement , any Loan Documents , and as to any default ( other than those specified in this Section 8 ) under such other term , provision , condition , covenant or agreement that can be cured , has failed to cure the default within ten ( 10 ) days after the occurrence thereof ; provided , however , that if the default cannot by its nature be cured within the ten ( 10 ) day period or cannot after diligent attempts by Borrower be cured within such ten ( 10 ) day period , and such default is likely to be cured within a reasonable time , then Borrower shall have an additional period ( which shall not without Agent ' s written consent exceed thirty ( 30 ) days ) to attempt to cure such default , and within such reasonable time period the failure to cure the default shall not be deemed an Event of Default ( but no Credit Extensions shall be made during such cure period )."
"In the sentences extracted from financial agreements in U.S. SEC filings, identify the named entities that represent a person ('PER'), an organization ('ORG'), or a location ('LOC'). The required answer format is: 'entity name, entity type'.
Text: ( a ) Any material portion of Borrower ' s assets is attached , seized , levied on , or comes into possession of a trustee or receiver and the attachment , seizure or levy is not removed in ten ( 10 ) days ; ( b ) the service of process seeking to attach , by trustee or similar process , any funds of Borrower , or of any entity under control of Borrower ( including a Subsidiary ), on deposit with Agent or Agent ' s Affiliate ; ( c ) Borrower is enjoined , restrained , or prevented by court order from conducting a material part of its business ; ( d ) a judgment or other claim in excess of Two Hundred Fifty Thousand Dollars ($ 250 , 000 . 00 ) becomes a Lien on any of Borrower ' s assets ; or ( e ) a notice of lien , levy , or assessment is filed against any of Borrower ' s assets by any government agency and not paid within ten ( 10 ) days after Borrower receives notice .
Answer:","Borrower, PER
Borrower, PER
Borrower, PER
Borrower, PER
Borrower, PER
Borrower, PER
Borrower, PER","[O, O, O, O, O, O, O, B-PER, O, O, O, O, O, O, O, O, O, O, O, O, O, O, O, O, O, O, O, O, O, O, O, O, O, O, O, O, O, O, O, O, O, O, O, O, O, O, O, O, O, O, O, O, O, O, O, O, O, O, O, O, O, O, O, O, O, B-PER, O, O, O, O, O, O, O, O, B-PER, O, O, O, O, O, O, O, O, O, O, O, O, O, O, O, O, O, O, B-PER, O, O, O, O, O, O, O, O, O, O, O, O, O, O, O, O, O, O, O, O, O, O, O, O, O, O, O, O, O, O, O, O, O, O, O, O, O, O, O, O, O, O, O, O, O, O, O, O, B-PER, O, O, O, O, O, O, O, O, O, O, O, O, O, O, O, O, O, O, O, O, O, O, B-PER, O, O, O, O, O, O, O, O, O, O, O, O, O, O, O, O, O, B-PER, O, O, O]","( a ) Any material portion of Borrower ' s assets is attached , seized , levied on , or comes into possession of a trustee or receiver and the attachment , seizure or levy is not removed in ten ( 10 ) days ; ( b ) the service of process seeking to attach , by trustee or similar process , any funds of Borrower , or of any entity under control of Borrower ( including a Subsidiary ), on deposit with Agent or Agent ' s Affiliate ; ( c ) Borrower is enjoined , restrained , or prevented by court order from conducting a material part of its business ; ( d ) a judgment or other claim in excess of Two Hundred Fifty Thousand Dollars ($ 250 , 000 . 00 ) becomes a Lien on any of Borrower ' s assets ; or ( e ) a notice of lien , levy , or assessment is filed against any of Borrower ' s assets by any government agency and not paid within ten ( 10 ) days after Borrower receives notice ."
"In the sentences extracted from financial agreements in U.S. SEC filings, identify the named entities that represent a person ('PER'), an organization ('ORG'), or a location ('LOC'). The required answer format is: 'entity name, entity type'.
Text: These are not Events of Default if stayed or if a bond is posted pending contest by Borrower ( but no Credit Extensions shall be made during the cure period ); 8 . 5 Insolvency ( a ) Borrower is unable to pay its debts ( including trade debts ) as they become due or ( b ) the fair salable value of Borrower ' s assets ( including goodwill minus disposition costs ) exceeds the fair value of its liabilities ; ( c ) Borrower begins an Insolvency Proceeding ; or ( d ) an Insolvency Proceeding is begun against Borrower and not dismissed or stayed within thirty ( 30 ) days ( but no Credit Extensions shall be made while of any of the conditions described in clause ( a ) exist and / or until any Insolvency Proceeding is dismissed ); 8 . 6 Other Agreements .
Answer:","Borrower, PER
Borrower, PER
Borrower, PER
Borrower, PER
Borrower, PER","[O, O, O, O, O, O, O, O, O, O, O, O, O, O, O, O, O, B-PER, O, O, O, O, O, O, O, O, O, O, O, O, O, O, O, O, O, O, O, O, B-PER, O, O, O, O, O, O, O, O, O, O, O, O, O, O, O, O, O, O, O, O, O, O, O, O, B-PER, O, O, O, O, O, O, O, O, O, O, O, O, O, O, O, O, O, O, O, O, O, B-PER, O, O, O, O, O, O, O, O, O, O, O, O, O, O, O, B-PER, O, O, O, O, O, O, O, O, O, O, O, O, O, O, O, O, O, O, O, O, O, O, O, O, O, O, O, O, O, O, O, O, O, O, O, O, O, O, O, O, O, O, O, O, O, O, O, O]",These are not Events of Default if stayed or if a bond is posted pending contest by Borrower ( but no Credit Extensions shall be made during the cure period ); 8 . 5 Insolvency ( a ) Borrower is unable to pay its debts ( including trade debts ) as they become due or ( b ) the fair salable value of Borrower ' s assets ( including goodwill minus disposition costs ) exceeds the fair value of its liabilities ; ( c ) Borrower begins an Insolvency Proceeding ; or ( d ) an Insolvency Proceeding is begun against Borrower and not dismissed or stayed within thirty ( 30 ) days ( but no Credit Extensions shall be made while of any of the conditions described in clause ( a ) exist and / or until any Insolvency Proceeding is dismissed ); 8 . 6 Other Agreements .
"In the sentences extracted from financial agreements in U.S. SEC filings, identify the named entities that represent a person ('PER'), an organization ('ORG'), or a location ('LOC'). The required answer format is: 'entity name, entity type'.
Text: There is a default in any agreement to which Borrower or any Guarantor is a party with a third party or parties resulting in a right by such third party or parties , whether or not exercised , to accelerate the maturity of any Indebtedness in an amount in excess of Two Hundred Fifty Thousand Dollars ($ 250 , 000 . 00 ); 8 . 7 Judgments .
Answer:","Borrower, PER","[O, O, O, O, O, O, O, O, O, B-PER, O, O, O, O, O, O, O, O, O, O, O, O, O, O, O, O, O, O, O, O, O, O, O, O, O, O, O, O, O, O, O, O, O, O, O, O, O, O, O, O, O, O, O, O, O, O, O, O, O, O, O, O, O, O, O, O, O, O]","There is a default in any agreement to which Borrower or any Guarantor is a party with a third party or parties resulting in a right by such third party or parties , whether or not exercised , to accelerate the maturity of any Indebtedness in an amount in excess of Two Hundred Fifty Thousand Dollars ($ 250 , 000 . 00 ); 8 . 7 Judgments ."
"In the sentences extracted from financial agreements in U.S. SEC filings, identify the named entities that represent a person ('PER'), an organization ('ORG'), or a location ('LOC'). The required answer format is: 'entity name, entity type'.
Text: A judgment or judgments for the payment of money in an amount , individually or in the aggregate , of at least Two Hundred Fifty Thousand Dollars ($ 250 , 000 . 00 ) ( not covered by independent third - party insurance ) shall be rendered against Borrower and shall remain unsatisfied or unstayed for a period of thirty ( 30 ) days after the entry thereof ( provided that no Credit Extensions will be made prior to the satisfaction or stay of such judgment ); 8 . 8 Misrepresentations .
Answer:","Borrower, PER","[O, O, O, O, O, O, O, O, O, O, O, O, O, O, O, O, O, O, O, O, O, O, O, O, O, O, O, O, O, O, O, O, O, O, O, O, O, O, O, O, O, O, O, O, O, O, O, O, B-PER, O, O, O, O, O, O, O, O, O, O, O, O, O, O, O, O, O, O, O, O, O, O, O, O, O, O, O, O, O, O, O, O, O, O, O, O, O, O, O, O, O, O, O]","A judgment or judgments for the payment of money in an amount , individually or in the aggregate , of at least Two Hundred Fifty Thousand Dollars ($ 250 , 000 . 00 ) ( not covered by independent third - party insurance ) shall be rendered against Borrower and shall remain unsatisfied or unstayed for a period of thirty ( 30 ) days after the entry thereof ( provided that no Credit Extensions will be made prior to the satisfaction or stay of such judgment ); 8 . 8 Misrepresentations ."
"In the sentences extracted from financial agreements in U.S. SEC filings, identify the named entities that represent a person ('PER'), an organization ('ORG'), or a location ('LOC'). The required answer format is: 'entity name, entity type'.
Text: Borrower or any Person acting for Borrower makes any representation , warranty , or other statement now or later in this Agreement , any Loan Document or in any writing delivered to Agent and / or Lenders or to induce Agent and / or Lenders to enter this Agreement or any Loan Document , and such representation , warranty , or other statement is incorrect in any material respect when made ; or 8 . 9 Subordinated Debt .
Answer:","Borrower, PER
Borrower, PER","[B-PER, O, O, O, O, O, B-PER, O, O, O, O, O, O, O, O, O, O, O, O, O, O, O, O, O, O, O, O, O, O, O, O, O, O, O, O, O, O, O, O, O, O, O, O, O, O, O, O, O, O, O, O, O, O, O, O, O, O, O, O, O, O, O, O, O, O, O, O, O, O, O, O, O, O, O, O, O, O, O, O]","Borrower or any Person acting for Borrower makes any representation , warranty , or other statement now or later in this Agreement , any Loan Document or in any writing delivered to Agent and / or Lenders or to induce Agent and / or Lenders to enter this Agreement or any Loan Document , and such representation , warranty , or other statement is incorrect in any material respect when made ; or 8 . 9 Subordinated Debt ."
"In the sentences extracted from financial agreements in U.S. SEC filings, identify the named entities that represent a person ('PER'), an organization ('ORG'), or a location ('LOC'). The required answer format is: 'entity name, entity type'.
Text: A default or breach occurs under any agreement between Borrower and any creditor of Borrower that signed a subordination , intercreditor , or other similar agreement with Agent and / or Lenders , or any creditor that has signed such an agreement with Agent and / or Lenders breaches any terms of such agreement .
Answer:","Borrower, PER
Borrower, PER","[O, O, O, O, O, O, O, O, O, B-PER, O, O, O, O, B-PER, O, O, O, O, O, O, O, O, O, O, O, O, O, O, O, O, O, O, O, O, O, O, O, O, O, O, O, O, O, O, O, O, O, O, O, O, O, O, O, O]","A default or breach occurs under any agreement between Borrower and any creditor of Borrower that signed a subordination , intercreditor , or other similar agreement with Agent and / or Lenders , or any creditor that has signed such an agreement with Agent and / or Lenders breaches any terms of such agreement ."
"In the sentences extracted from financial agreements in U.S. SEC filings, identify the named entities that represent a person ('PER'), an organization ('ORG'), or a location ('LOC'). The required answer format is: 'entity name, entity type'.
Text: While an Event of Default occurs and continues Agent may , without notice or demand , do any or all of the following : ( a ) declare all Obligations immediately due and payable ( but if an Event of Default described in Section 8 . 5 occurs all Obligations are immediately due and payable without any action by Agent and / or Lenders ); ( b ) stop advancing money or extending credit for Borrower ' s benefit under this Agreement or under any other agreement between Borrower and Agent and / or Lenders ;
Answer:","Borrower, PER
Borrower, PER","[O, O, O, O, O, O, O, O, O, O, O, O, O, O, O, O, O, O, O, O, O, O, O, O, O, O, O, O, O, O, O, O, O, O, O, O, O, O, O, O, O, O, O, O, O, O, O, O, O, O, O, O, O, O, O, O, O, O, O, O, O, O, O, O, O, O, O, O, O, O, O, O, O, O, O, B-PER, O, O, O, O, O, O, O, O, O, O, O, O, B-PER, O, O, O, O, O, O, O]","While an Event of Default occurs and continues Agent may , without notice or demand , do any or all of the following : ( a ) declare all Obligations immediately due and payable ( but if an Event of Default described in Section 8 . 5 occurs all Obligations are immediately due and payable without any action by Agent and / or Lenders ); ( b ) stop advancing money or extending credit for Borrower ' s benefit under this Agreement or under any other agreement between Borrower and Agent and / or Lenders ;"
"In the sentences extracted from financial agreements in U.S. SEC filings, identify the named entities that represent a person ('PER'), an organization ('ORG'), or a location ('LOC'). The required answer format is: 'entity name, entity type'.
Text: - 10 - ( c ) settle or adjust disputes and claims directly with Account Debtors for amounts on terms and in any order that Agent considers advisable , notify any Person owing Borrower money of Agent ' s and Lenders ' security interest in such funds , and verify the amount of such account ; ( d ) make any payments and do any acts it considers necessary or reasonable to protect the Collateral and / or its security interest in the Collateral .
Answer:","Borrower, PER","[O, O, O, O, O, O, O, O, O, O, O, O, O, O, O, O, O, O, O, O, O, O, O, O, O, O, O, O, O, O, O, O, O, B-PER, O, O, O, O, O, O, O, O, O, O, O, O, O, O, O, O, O, O, O, O, O, O, O, O, O, O, O, O, O, O, O, O, O, O, O, O, O, O, O, O, O, O, O, O, O, O, O, O, O, O, O]","- 10 - ( c ) settle or adjust disputes and claims directly with Account Debtors for amounts on terms and in any order that Agent considers advisable , notify any Person owing Borrower money of Agent ' s and Lenders ' security interest in such funds , and verify the amount of such account ; ( d ) make any payments and do any acts it considers necessary or reasonable to protect the Collateral and / or its security interest in the Collateral ."
"In the sentences extracted from financial agreements in U.S. SEC filings, identify the named entities that represent a person ('PER'), an organization ('ORG'), or a location ('LOC'). The required answer format is: 'entity name, entity type'.
Text: Borrower shall assemble the Collateral if Agent requests and make it available as Agent designates .
Answer:","Borrower, PER","[B-PER, O, O, O, O, O, O, O, O, O, O, O, O, O, O, O]",Borrower shall assemble the Collateral if Agent requests and make it available as Agent designates .
"In the sentences extracted from financial agreements in U.S. SEC filings, identify the named entities that represent a person ('PER'), an organization ('ORG'), or a location ('LOC'). The required answer format is: 'entity name, entity type'.
Text: Borrower grants Agent for the benefit of Lenders a license to enter and occupy any of its premises , without charge , to exercise any of Agent ' s rights or remedies ; ( e ) apply to the Obligations then due and payable any ( i ) balances and deposits of Borrower it holds , or ( ii ) any amount held by Agent or Lenders owing to or for the credit or the account of Borrower ; ( f ) ship , reclaim , recover , store , finish , maintain , repair , prepare for sale , advertise for sale , and sell the Collateral .
Answer:","Borrower, PER
Borrower, PER
Borrower, PER","[B-PER, O, O, O, O, O, O, O, O, O, O, O, O, O, O, O, O, O, O, O, O, O, O, O, O, O, O, O, O, O, O, O, O, O, O, O, O, O, O, O, O, O, O, O, O, O, O, O, O, O, O, O, B-PER, O, O, O, O, O, O, O, O, O, O, O, O, O, O, O, O, O, O, O, O, O, O, O, O, B-PER, O, O, O, O, O, O, O, O, O, O, O, O, O, O, O, O, O, O, O, O, O, O, O, O, O, O, O, O, O, O, O]","Borrower grants Agent for the benefit of Lenders a license to enter and occupy any of its premises , without charge , to exercise any of Agent ' s rights or remedies ; ( e ) apply to the Obligations then due and payable any ( i ) balances and deposits of Borrower it holds , or ( ii ) any amount held by Agent or Lenders owing to or for the credit or the account of Borrower ; ( f ) ship , reclaim , recover , store , finish , maintain , repair , prepare for sale , advertise for sale , and sell the Collateral ."
"In the sentences extracted from financial agreements in U.S. SEC filings, identify the named entities that represent a person ('PER'), an organization ('ORG'), or a location ('LOC'). The required answer format is: 'entity name, entity type'.
Text: Agent is hereby granted a non - exclusive , royalty - free license or other right to use , without charge , Borrower ' s labels , patents , copyrights , mask works , rights of use of any name , trade secrets , trade names , trademarks , service marks , and advertising matter , or any similar property as it pertains to the Collateral , in completing production of , advertising for sale , and selling any Collateral and , in connection with Agent ' s exercise of its rights under this Section , Borrower ' s rights under all licenses and all franchise agreements inure to Agent for the benefit of Lenders ; ( g ) place a "" hold "" on any account maintained with Agent or Lenders and / or deliver a notice of exclusive control , any entitlement order , or other directions or instructions pursuant to any Control Agreement or similar agreements providing control of any Collateral ; ( h ) demand and receive possession of Borrower ' s Books ; and ( i ) exercise all rights and remedies available to Agent and / or Lenders under the Loan Documents or at law or equity , including all remedies provided under the Code ( including disposal of the Collateral pursuant to the terms thereof ).
Answer:","Borrower, PER
Borrower, PER
Borrower, PER","[O, O, O, O, O, O, O, O, O, O, O, O, O, O, O, O, O, O, O, O, O, O, B-PER, O, O, O, O, O, O, O, O, O, O, O, O, O, O, O, O, O, O, O, O, O, O, O, O, O, O, O, O, O, O, O, O, O, O, O, O, O, O, O, O, O, O, O, O, O, O, O, O, O, O, O, O, O, O, O, O, O, O, O, O, O, O, O, O, O, O, O, O, O, O, O, O, O, B-PER, O, O, O, O, O, O, O, O, O, O, O, O, O, O, O, O, O, O, O, O, O, O, O, O, O, O, O, O, O, O, O, O, O, O, O, O, O, O, O, O, O, O, O, O, O, O, O, O, O, O, O, O, O, O, O, O, O, O, O, O, O, O, O, O, O, O, O, O, O, O, O, O, O, O, O, O, B-PER, O, O, O, O, O, O, O, O, O, O, O, O, O, O, O, O, O, O, O, O, O, O, O, O, O, O, O, O, O, O, O, O, O, O, O, O, O, O, O, O, O, O, O, O, O, O, O, O, O]","Agent is hereby granted a non - exclusive , royalty - free license or other right to use , without charge , Borrower ' s labels , patents , copyrights , mask works , rights of use of any name , trade secrets , trade names , trademarks , service marks , and advertising matter , or any similar property as it pertains to the Collateral , in completing production of , advertising for sale , and selling any Collateral and , in connection with Agent ' s exercise of its rights under this Section , Borrower ' s rights under all licenses and all franchise agreements inure to Agent for the benefit of Lenders ; ( g ) place a "" hold "" on any account maintained with Agent or Lenders and / or deliver a notice of exclusive control , any entitlement order , or other directions or instructions pursuant to any Control Agreement or similar agreements providing control of any Collateral ; ( h ) demand and receive possession of Borrower ' s Books ; and ( i ) exercise all rights and remedies available to Agent and / or Lenders under the Loan Documents or at law or equity , including all remedies provided under the Code ( including disposal of the Collateral pursuant to the terms thereof )."
"In the sentences extracted from financial agreements in U.S. SEC filings, identify the named entities that represent a person ('PER'), an organization ('ORG'), or a location ('LOC'). The required answer format is: 'entity name, entity type'.
Text: Borrower hereby irrevocably appoints Agent as its lawful attorney - in - fact , exercisable upon the occurrence and during the continuance of an Event of Default , to : ( a ) endorse Borrower ' s name on any checks or other forms of payment or security ; ( b ) sign Borrower ' s name on any invoice or bill of lading for any Account or drafts against Account Debtors ; ( c ) settle and adjust disputes and claims about the Accounts directly with Account Debtors , for amounts and on terms Agent determines reasonable ; ( d ) make , settle , and adjust all claims under Borrower ' s insurance policies ; ( e ) pay , contest or settle any Lien , charge , encumbrance , security interest , and adverse claim in or to the Collateral , or any judgment based thereon , or otherwise take any action to terminate or discharge the same ; and ( f ) transfer the Collateral into the name of Agent for the benefit of Lenders or a third party as the Code permits .
Answer:","Borrower, PER
Borrower, PER
Borrower, PER
Borrower, PER","[B-PER, O, O, O, O, O, O, O, O, O, O, O, O, O, O, O, O, O, O, O, O, O, O, O, O, O, O, O, O, O, O, O, O, O, B-PER, O, O, O, O, O, O, O, O, O, O, O, O, O, O, O, O, O, O, B-PER, O, O, O, O, O, O, O, O, O, O, O, O, O, O, O, O, O, O, O, O, O, O, O, O, O, O, O, O, O, O, O, O, O, O, O, O, O, O, O, O, O, O, O, O, O, O, O, O, O, O, O, O, O, O, O, O, O, B-PER, O, O, O, O, O, O, O, O, O, O, O, O, O, O, O, O, O, O, O, O, O, O, O, O, O, O, O, O, O, O, O, O, O, O, O, O, O, O, O, O, O, O, O, O, O, O, O, O, O, O, O, O, O, O, O, O, O, O, O, O, O, O, O, O, O, O, O, O, O, O, O, O, O, O, O, O]","Borrower hereby irrevocably appoints Agent as its lawful attorney - in - fact , exercisable upon the occurrence and during the continuance of an Event of Default , to : ( a ) endorse Borrower ' s name on any checks or other forms of payment or security ; ( b ) sign Borrower ' s name on any invoice or bill of lading for any Account or drafts against Account Debtors ; ( c ) settle and adjust disputes and claims about the Accounts directly with Account Debtors , for amounts and on terms Agent determines reasonable ; ( d ) make , settle , and adjust all claims under Borrower ' s insurance policies ; ( e ) pay , contest or settle any Lien , charge , encumbrance , security interest , and adverse claim in or to the Collateral , or any judgment based thereon , or otherwise take any action to terminate or discharge the same ; and ( f ) transfer the Collateral into the name of Agent for the benefit of Lenders or a third party as the Code permits ."
"In the sentences extracted from financial agreements in U.S. SEC filings, identify the named entities that represent a person ('PER'), an organization ('ORG'), or a location ('LOC'). The required answer format is: 'entity name, entity type'.
Text: Borrower hereby appoints Agent as its lawful attorney - in - fact to sign Borrower ' s name on any documents necessary to perfect or continue the perfection of Agent ' s and Lenders ' security interest in the Collateral regardless of whether an Event of Default has occurred until all Obligations have been satisfied in full and Agent and Lenders are under no further obligation to make Credit Extensions hereunder .
Answer:","Borrower, PER
Borrower, PER","[B-PER, O, O, O, O, O, O, O, O, O, O, O, O, O, B-PER, O, O, O, O, O, O, O, O, O, O, O, O, O, O, O, O, O, O, O, O, O, O, O, O, O, O, O, O, O, O, O, O, O, O, O, O, O, O, O, O, O, O, O, O, O, O, O, O, O, O, O, O, O, O, O, O, O]",Borrower hereby appoints Agent as its lawful attorney - in - fact to sign Borrower ' s name on any documents necessary to perfect or continue the perfection of Agent ' s and Lenders ' security interest in the Collateral regardless of whether an Event of Default has occurred until all Obligations have been satisfied in full and Agent and Lenders are under no further obligation to make Credit Extensions hereunder .
"In the sentences extracted from financial agreements in U.S. SEC filings, identify the named entities that represent a person ('PER'), an organization ('ORG'), or a location ('LOC'). The required answer format is: 'entity name, entity type'.
Text: Agent ' s foregoing appointment as Borrower ' s attorney in fact , and all of Agent ' s rights and powers , coupled with an interest , are irrevocable until all Obligations have been fully repaid and performed and Agent ' s and Lenders ' obligation to provide Credit Extensions terminates .
Answer:","Borrower, PER","[O, O, O, O, O, O, B-PER, O, O, O, O, O, O, O, O, O, O, O, O, O, O, O, O, O, O, O, O, O, O, O, O, O, O, O, O, O, O, O, O, O, O, O, O, O, O, O, O, O, O, O, O, O, O]","Agent ' s foregoing appointment as Borrower ' s attorney in fact , and all of Agent ' s rights and powers , coupled with an interest , are irrevocable until all Obligations have been fully repaid and performed and Agent ' s and Lenders ' obligation to provide Credit Extensions terminates ."
"In the sentences extracted from financial agreements in U.S. SEC filings, identify the named entities that represent a person ('PER'), an organization ('ORG'), or a location ('LOC'). The required answer format is: 'entity name, entity type'.
Text: During the existence of an Event of Default has occurred and is continuing , Agent may notify any Person owing Borrower money of Agent ' s and Lenders ' security interest in such funds and verify the amount of such account .
Answer:","Borrower, PER","[O, O, O, O, O, O, O, O, O, O, O, O, O, O, O, O, O, O, O, O, B-PER, O, O, O, O, O, O, O, O, O, O, O, O, O, O, O, O, O, O, O, O, O]","During the existence of an Event of Default has occurred and is continuing , Agent may notify any Person owing Borrower money of Agent ' s and Lenders ' security interest in such funds and verify the amount of such account ."
"In the sentences extracted from financial agreements in U.S. SEC filings, identify the named entities that represent a person ('PER'), an organization ('ORG'), or a location ('LOC'). The required answer format is: 'entity name, entity type'.
Text: After the occurrence and during the continuance of an Event of Default , any amounts received by Borrower shall be held in trust by Borrower for Agent and Lenders , and , if requested by Agent , Borrower shall immediately deliver such receipts to Agent for the benefit of Lenders in the form received from the Account Debtor , with proper endorsements for deposit .
Answer:","Borrower, PER
Borrower, PER
Borrower, PER","[O, O, O, O, O, O, O, O, O, O, O, O, O, O, O, O, O, B-PER, O, O, O, O, O, O, B-PER, O, O, O, O, O, O, O, O, O, O, O, O, B-PER, O, O, O, O, O, O, O, O, O, O, O, O, O, O, O, O, O, O, O, O, O, O, O, O, O, O, O]","After the occurrence and during the continuance of an Event of Default , any amounts received by Borrower shall be held in trust by Borrower for Agent and Lenders , and , if requested by Agent , Borrower shall immediately deliver such receipts to Agent for the benefit of Lenders in the form received from the Account Debtor , with proper endorsements for deposit ."
"In the sentences extracted from financial agreements in U.S. SEC filings, identify the named entities that represent a person ('PER'), an organization ('ORG'), or a location ('LOC'). The required answer format is: 'entity name, entity type'.
Text: If Borrower fails to obtain the insurance called for by Section 6 . 5 or fails to pay any premium thereon or fails to pay any other amount which Borrower is obligated to pay under this Agreement or any other Loan Document , Agent may obtain such insurance or make such payment , and all amounts so paid by Agent are Lenders ' Expenses and immediately due and payable , bearing interest at the then highest
Answer:","Borrower, PER
Borrower, PER","[O, B-PER, O, O, O, O, O, O, O, O, O, O, O, O, O, O, O, O, O, O, O, O, O, O, O, O, O, O, O, B-PER, O, O, O, O, O, O, O, O, O, O, O, O, O, O, O, O, O, O, O, O, O, O, O, O, O, O, O, O, O, O, O, O, O, O, O, O, O, O, O, O, O, O, O, O, O, O]","If Borrower fails to obtain the insurance called for by Section 6 . 5 or fails to pay any premium thereon or fails to pay any other amount which Borrower is obligated to pay under this Agreement or any other Loan Document , Agent may obtain such insurance or make such payment , and all amounts so paid by Agent are Lenders ' Expenses and immediately due and payable , bearing interest at the then highest"
"In the sentences extracted from financial agreements in U.S. SEC filings, identify the named entities that represent a person ('PER'), an organization ('ORG'), or a location ('LOC'). The required answer format is: 'entity name, entity type'.
Text: Agent will make reasonable efforts to provide Borrower with notice of Agent obtaining such insurance at the time it is obtained or within a reasonable time thereafter .
Answer:","Borrower, PER","[O, O, O, O, O, O, O, B-PER, O, O, O, O, O, O, O, O, O, O, O, O, O, O, O, O, O, O, O, O]",Agent will make reasonable efforts to provide Borrower with notice of Agent obtaining such insurance at the time it is obtained or within a reasonable time thereafter .
"In the sentences extracted from financial agreements in U.S. SEC filings, identify the named entities that represent a person ('PER'), an organization ('ORG'), or a location ('LOC'). The required answer format is: 'entity name, entity type'.
Text: No payments by Agent are deemed an agreement to make similar payments in the future or Agent ' s or any Lender ' s waiver of any Event of Default .
Answer:","Lender, PER","[O, O, O, O, O, O, O, O, O, O, O, O, O, O, O, O, O, O, O, O, O, B-PER, O, O, O, O, O, O, O, O, O]",No payments by Agent are deemed an agreement to make similar payments in the future or Agent ' s or any Lender ' s waiver of any Event of Default .
"In the sentences extracted from financial agreements in U.S. SEC filings, identify the named entities that represent a person ('PER'), an organization ('ORG'), or a location ('LOC'). The required answer format is: 'entity name, entity type'.
Text: If an Event of Default has occurred and is continuing , Agent and Lenders may apply any funds in their possession , whether from Borrower account balances , payments , proceeds realized as the result of any collection of Accounts or other disposition of the Collateral , or otherwise , to the Obligations in such order as Agent shall determine in its sole discretion .
Answer:","Borrower, PER","[O, O, O, O, O, O, O, O, O, O, O, O, O, O, O, O, O, O, O, O, O, O, O, O, B-PER, O, O, O, O, O, O, O, O, O, O, O, O, O, O, O, O, O, O, O, O, O, O, O, O, O, O, O, O, O, O, O, O, O, O, O, O, O, O, O, O]","If an Event of Default has occurred and is continuing , Agent and Lenders may apply any funds in their possession , whether from Borrower account balances , payments , proceeds realized as the result of any collection of Accounts or other disposition of the Collateral , or otherwise , to the Obligations in such order as Agent shall determine in its sole discretion ."
"In the sentences extracted from financial agreements in U.S. SEC filings, identify the named entities that represent a person ('PER'), an organization ('ORG'), or a location ('LOC'). The required answer format is: 'entity name, entity type'.
Text: Any surplus shall be paid to Borrower or other Persons legally entitled thereto ; Borrower shall remain liable to Agent and Lenders for any deficiency .
Answer:","Borrower, PER
Borrower, PER","[O, O, O, O, O, O, B-PER, O, O, O, O, O, O, O, B-PER, O, O, O, O, O, O, O, O, O, O, O]",Any surplus shall be paid to Borrower or other Persons legally entitled thereto ; Borrower shall remain liable to Agent and Lenders for any deficiency .
"In the sentences extracted from financial agreements in U.S. SEC filings, identify the named entities that represent a person ('PER'), an organization ('ORG'), or a location ('LOC'). The required answer format is: 'entity name, entity type'.
Text: If Agent and / or Lenders , in their good faith business judgment , directly or indirectly enter into a deferred payment or other credit transaction with any purchaser at any sale of Collateral , Agent and each Lender shall have the option , exercisable at any time , of either reducing the Obligations by the principal amount of the purchase price or deferring the reduction of the Obligations until the actual receipt by Agent of cash therefor .
Answer:","Lender, PER","[O, O, O, O, O, O, O, O, O, O, O, O, O, O, O, O, O, O, O, O, O, O, O, O, O, O, O, O, O, O, O, O, O, O, O, O, O, O, B-PER, O, O, O, O, O, O, O, O, O, O, O, O, O, O, O, O, O, O, O, O, O, O, O, O, O, O, O, O, O, O, O, O, O, O, O, O, O, O, O, O]","If Agent and / or Lenders , in their good faith business judgment , directly or indirectly enter into a deferred payment or other credit transaction with any purchaser at any sale of Collateral , Agent and each Lender shall have the option , exercisable at any time , of either reducing the Obligations by the principal amount of the purchase price or deferring the reduction of the Obligations until the actual receipt by Agent of cash therefor ."
"In the sentences extracted from financial agreements in U.S. SEC filings, identify the named entities that represent a person ('PER'), an organization ('ORG'), or a location ('LOC'). The required answer format is: 'entity name, entity type'.
Text: Borrower bears all risk of loss , damage or destruction of the Collateral .
Answer:","Borrower, PER","[B-PER, O, O, O, O, O, O, O, O, O, O, O, O, O]","Borrower bears all risk of loss , damage or destruction of the Collateral ."
"In the sentences extracted from financial agreements in U.S. SEC filings, identify the named entities that represent a person ('PER'), an organization ('ORG'), or a location ('LOC'). The required answer format is: 'entity name, entity type'.
Text: Agent ' s and / or any Lender ' s failure , at any time or times , to require strict performance by Borrower of any provision of this Agreement or any other Loan Document shall not waive , affect , or diminish any right of Agent and / or Lenders thereafter to demand strict performance and compliance herewith or therewith .
Answer:","Lender, PER
Borrower, PER","[O, O, O, O, O, O, O, B-PER, O, O, O, O, O, O, O, O, O, O, O, O, O, O, O, B-PER, O, O, O, O, O, O, O, O, O, O, O, O, O, O, O, O, O, O, O, O, O, O, O, O, O, O, O, O, O, O, O, O, O, O, O, O, O, O]","Agent ' s and / or any Lender ' s failure , at any time or times , to require strict performance by Borrower of any provision of this Agreement or any other Loan Document shall not waive , affect , or diminish any right of Agent and / or Lenders thereafter to demand strict performance and compliance herewith or therewith ."
"In the sentences extracted from financial agreements in U.S. SEC filings, identify the named entities that represent a person ('PER'), an organization ('ORG'), or a location ('LOC'). The required answer format is: 'entity name, entity type'.
Text: No waiver hereunder shall be effective unless signed by Agent and each Lender and then is only effective for the specific instance and purpose for which it is given .
Answer:","Lender, PER","[O, O, O, O, O, O, O, O, O, O, O, O, B-PER, O, O, O, O, O, O, O, O, O, O, O, O, O, O, O, O, O]",No waiver hereunder shall be effective unless signed by Agent and each Lender and then is only effective for the specific instance and purpose for which it is given .
"In the sentences extracted from financial agreements in U.S. SEC filings, identify the named entities that represent a person ('PER'), an organization ('ORG'), or a location ('LOC'). The required answer format is: 'entity name, entity type'.
Text: Borrower waives demand , notice of default or dishonor , notice of payment and nonpayment , notice of any default , nonpayment at maturity , release , compromise , settlement , extension , or renewal of accounts , documents , instruments , chattel paper , and guarantees held by Agent on which Borrower is liable .
Answer:","Borrower, PER
Borrower, PER","[B-PER, O, O, O, O, O, O, O, O, O, O, O, O, O, O, O, O, O, O, O, O, O, O, O, O, O, O, O, O, O, O, O, O, O, O, O, O, O, O, O, O, O, O, O, O, O, O, O, O, O, O, O, B-PER, O, O, O]","Borrower waives demand , notice of default or dishonor , notice of payment and nonpayment , notice of any default , nonpayment at maturity , release , compromise , settlement , extension , or renewal of accounts , documents , instruments , chattel paper , and guarantees held by Agent on which Borrower is liable ."
"In the sentences extracted from financial agreements in U.S. SEC filings, identify the named entities that represent a person ('PER'), an organization ('ORG'), or a location ('LOC'). The required answer format is: 'entity name, entity type'.
Text: Either Lender , Agent , or Borrower may change its address or facsimile number by giving the other party written notice thereof in accordance with the terms of this Section 10 .
Answer:","Lender, PER
Borrower, PER","[O, B-PER, O, O, O, O, B-PER, O, O, O, O, O, O, O, O, O, O, O, O, O, O, O, O, O, O, O, O, O, O, O, O, O]","Either Lender , Agent , or Borrower may change its address or facsimile number by giving the other party written notice thereof in accordance with the terms of this Section 10 ."
"In the sentences extracted from financial agreements in U.S. SEC filings, identify the named entities that represent a person ('PER'), an organization ('ORG'), or a location ('LOC'). The required answer format is: 'entity name, entity type'.
Text: If to Borrower :
Answer:","Borrower, PER","[O, O, B-PER, O]",If to Borrower :
"In the sentences extracted from financial agreements in U.S. SEC filings, identify the named entities that represent a person ('PER'), an organization ('ORG'), or a location ('LOC'). The required answer format is: 'entity name, entity type'.
Text: Vringo , Inc .
Answer:","Vringo, ORG","[B-ORG, O, O, O]","Vringo , Inc ."
"In the sentences extracted from financial agreements in U.S. SEC filings, identify the named entities that represent a person ('PER'), an organization ('ORG'), or a location ('LOC'). The required answer format is: 'entity name, entity type'.
Text: BIG Center , Bet Shemesh
Answer:","BIG Center, ORG
Bet Shemesh, LOC","[B-ORG, I-ORG, O, B-LOC, I-LOC]","BIG Center , Bet Shemesh"
"In the sentences extracted from financial agreements in U.S. SEC filings, identify the named entities that represent a person ('PER'), an organization ('ORG'), or a location ('LOC'). The required answer format is: 'entity name, entity type'.
Text: 1 Yigal Allon Blvd
Answer:","1 Yigal Allon Blvd, LOC","[B-LOC, I-LOC, I-LOC, I-LOC]",1 Yigal Allon Blvd
"In the sentences extracted from financial agreements in U.S. SEC filings, identify the named entities that represent a person ('PER'), an organization ('ORG'), or a location ('LOC'). The required answer format is: 'entity name, entity type'.
Text: Bet Shemesh 00062 Israel
Answer:","Bet Shemesh 00062 Israel, LOC","[B-LOC, I-LOC, I-LOC, I-LOC]",Bet Shemesh 00062 Israel
"In the sentences extracted from financial agreements in U.S. SEC filings, identify the named entities that represent a person ('PER'), an organization ('ORG'), or a location ('LOC'). The required answer format is: 'entity name, entity type'.
Text: Attn : David Corre
Answer:","David Corre, PER","[O, O, B-PER, I-PER]",Attn : David Corre
"In the sentences extracted from financial agreements in U.S. SEC filings, identify the named entities that represent a person ('PER'), an organization ('ORG'), or a location ('LOC'). The required answer format is: 'entity name, entity type'.
Text: Email : david . corre @ vringo . com
Answer:","david, PER
corre, PER
vringo, ORG","[O, O, B-PER, O, B-PER, O, B-ORG, O, O]",Email : david . corre @ vringo . com
"In the sentences extracted from financial agreements in U.S. SEC filings, identify the named entities that represent a person ('PER'), an organization ('ORG'), or a location ('LOC'). The required answer format is: 'entity name, entity type'.
Text: Silicon Valley Bank
Answer:","Silicon Valley Bank, ORG","[B-ORG, I-ORG, I-ORG]",Silicon Valley Bank
"In the sentences extracted from financial agreements in U.S. SEC filings, identify the named entities that represent a person ('PER'), an organization ('ORG'), or a location ('LOC'). The required answer format is: 'entity name, entity type'.
Text: 535 Fifth Avenue , 27th Floor ,
Answer:","535 Fifth Avenue, LOC
27th Floor, LOC","[B-LOC, I-LOC, I-LOC, O, B-LOC, I-LOC, O]","535 Fifth Avenue , 27th Floor ,"
"In the sentences extracted from financial agreements in U.S. SEC filings, identify the named entities that represent a person ('PER'), an organization ('ORG'), or a location ('LOC'). The required answer format is: 'entity name, entity type'.
Text: New York , New York 10017
Answer:","New York, LOC
New York 10017, LOC","[B-LOC, I-LOC, O, B-LOC, I-LOC, I-LOC]","New York , New York 10017"
"In the sentences extracted from financial agreements in U.S. SEC filings, identify the named entities that represent a person ('PER'), an organization ('ORG'), or a location ('LOC'). The required answer format is: 'entity name, entity type'.
Text: Attn : Mr . Michael Moretti
Answer:","Michael Moretti, PER","[O, O, O, O, B-PER, I-PER]",Attn : Mr . Michael Moretti
"In the sentences extracted from financial agreements in U.S. SEC filings, identify the named entities that represent a person ('PER'), an organization ('ORG'), or a location ('LOC'). The required answer format is: 'entity name, entity type'.
Text: Email : MMoretti @ svb . com
Answer:","MMoretti, PER
svb, ORG","[O, O, B-PER, O, B-ORG, O, O]",Email : MMoretti @ svb . com
"In the sentences extracted from financial agreements in U.S. SEC filings, identify the named entities that represent a person ('PER'), an organization ('ORG'), or a location ('LOC'). The required answer format is: 'entity name, entity type'.
Text: Riemer & Braunstein LLP
Answer:","Riemer, ORG
Braunstein LLP, ORG","[B-ORG, O, B-ORG, I-ORG]",Riemer & Braunstein LLP
"In the sentences extracted from financial agreements in U.S. SEC filings, identify the named entities that represent a person ('PER'), an organization ('ORG'), or a location ('LOC'). The required answer format is: 'entity name, entity type'.
Text: Three Center Plaza Boston , Massachusetts 02108
Answer:","Three Center Plaza Boston, LOC
Massachusetts 02108, LOC","[B-LOC, I-LOC, I-LOC, I-LOC, O, B-LOC, I-LOC]","Three Center Plaza Boston , Massachusetts 02108"
"In the sentences extracted from financial agreements in U.S. SEC filings, identify the named entities that represent a person ('PER'), an organization ('ORG'), or a location ('LOC'). The required answer format is: 'entity name, entity type'.
Text: Attn : David A . Ephraim , Esquire
Answer:","David A, PER
Ephraim, PER
Esquire, LOC","[O, O, B-PER, I-PER, O, B-PER, O, B-LOC]","Attn : David A . Ephraim , Esquire"
"In the sentences extracted from financial agreements in U.S. SEC filings, identify the named entities that represent a person ('PER'), an organization ('ORG'), or a location ('LOC'). The required answer format is: 'entity name, entity type'.
Text: Email : DEphraim @ riemerlaw . com
Answer:","DEphraim, PER
riemerlaw, ORG","[O, O, B-PER, O, B-ORG, O, O]",Email : DEphraim @ riemerlaw . com
"In the sentences extracted from financial agreements in U.S. SEC filings, identify the named entities that represent a person ('PER'), an organization ('ORG'), or a location ('LOC'). The required answer format is: 'entity name, entity type'.
Text: If to Gold Hill :
Answer:","Gold Hill, LOC","[O, O, B-LOC, I-LOC, O]",If to Gold Hill :
"In the sentences extracted from financial agreements in U.S. SEC filings, identify the named entities that represent a person ('PER'), an organization ('ORG'), or a location ('LOC'). The required answer format is: 'entity name, entity type'.
Text: Gold Hill Venture Lending 03 , L . P .
Answer:","Gold Hill Venture Lending 03, LOC","[B-LOC, I-LOC, I-LOC, I-LOC, I-LOC, O, O, O, O, O]","Gold Hill Venture Lending 03 , L . P ."
"In the sentences extracted from financial agreements in U.S. SEC filings, identify the named entities that represent a person ('PER'), an organization ('ORG'), or a location ('LOC'). The required answer format is: 'entity name, entity type'.
Text: Two Newton Executive Park , Suite 203
Answer:","Newton Executive Park, LOC
Suite 203, LOC","[O, B-LOC, I-LOC, I-LOC, O, B-LOC, I-LOC]","Two Newton Executive Park , Suite 203"
"In the sentences extracted from financial agreements in U.S. SEC filings, identify the named entities that represent a person ('PER'), an organization ('ORG'), or a location ('LOC'). The required answer format is: 'entity name, entity type'.
Text: 2227 Washington Street
Answer:","2227 Washington Street, LOC","[B-LOC, I-LOC, I-LOC]",2227 Washington Street
"In the sentences extracted from financial agreements in U.S. SEC filings, identify the named entities that represent a person ('PER'), an organization ('ORG'), or a location ('LOC'). The required answer format is: 'entity name, entity type'.
Text: Newton , Massachusetts 02462
Answer:","Newton, LOC
Massachusetts 02462, LOC","[B-LOC, O, B-LOC, I-LOC]","Newton , Massachusetts 02462"
"In the sentences extracted from financial agreements in U.S. SEC filings, identify the named entities that represent a person ('PER'), an organization ('ORG'), or a location ('LOC'). The required answer format is: 'entity name, entity type'.
Text: Attn : Mr . David Fischer
Answer:","David Fischer, PER","[O, O, O, O, B-PER, I-PER]",Attn : Mr . David Fischer
"In the sentences extracted from financial agreements in U.S. SEC filings, identify the named entities that represent a person ('PER'), an organization ('ORG'), or a location ('LOC'). The required answer format is: 'entity name, entity type'.
Text: Email : DFischer @ goldhillcapital . com
Answer:","DFischer, PER
goldhillcapital, LOC","[O, O, B-PER, O, B-LOC, O, O]",Email : DFischer @ goldhillcapital . com
"In the sentences extracted from financial agreements in U.S. SEC filings, identify the named entities that represent a person ('PER'), an organization ('ORG'), or a location ('LOC'). The required answer format is: 'entity name, entity type'.
Text: - 13 - 11 CHOICE OF LAW , VENUE AND JURY TRIAL WAIVER Massachusetts law governs the Loan Documents without regard to principles of conflicts of law .
Answer:","Massachusetts, LOC","[O, O, O, O, O, O, O, O, O, O, O, O, O, B-LOC, O, O, O, O, O, O, O, O, O, O, O, O, O, O]","- 13 - 11 CHOICE OF LAW , VENUE AND JURY TRIAL WAIVER Massachusetts law governs the Loan Documents without regard to principles of conflicts of law ."
"In the sentences extracted from financial agreements in U.S. SEC filings, identify the named entities that represent a person ('PER'), an organization ('ORG'), or a location ('LOC'). The required answer format is: 'entity name, entity type'.
Text: Borrower , Lenders and Agent each submit to the exclusive jurisdiction of the State and Federal courts in Massachusetts ; provided , however , that if for any reason Agent and / or Lenders cannot avail themselves of such courts in the Commonwealth of Massachusetts , Borrower accepts jurisdiction of the courts and venue in Santa Clara County , California .
Answer:","Borrower, PER
Massachusetts, LOC
Commonwealth of Massachusetts, LOC
Borrower, PER
Santa Clara County, LOC
California, LOC","[B-PER, O, O, O, O, O, O, O, O, O, O, O, O, O, O, O, O, O, B-LOC, O, O, O, O, O, O, O, O, O, O, O, O, O, O, O, O, O, O, O, O, O, O, O, B-LOC, I-LOC, I-LOC, O, B-PER, O, O, O, O, O, O, O, O, B-LOC, I-LOC, I-LOC, O, B-LOC, O]","Borrower , Lenders and Agent each submit to the exclusive jurisdiction of the State and Federal courts in Massachusetts ; provided , however , that if for any reason Agent and / or Lenders cannot avail themselves of such courts in the Commonwealth of Massachusetts , Borrower accepts jurisdiction of the courts and venue in Santa Clara County , California ."
"In the sentences extracted from financial agreements in U.S. SEC filings, identify the named entities that represent a person ('PER'), an organization ('ORG'), or a location ('LOC'). The required answer format is: 'entity name, entity type'.
Text: NOTWITHSTANDING THE FOREGOING , AGENT SHALL HAVE THE RIGHT TO BRING ANY ACTION OR PROCEEDING AGAINST BORROWER OR ITS PROPERTY IN THE COURTS OF ANY OTHER JURISDICTION WHICH AGENT DEEMS NECESSARY OR APPROPRIATE IN ORDER TO REALIZE ON THE COLLATERAL OR TO OTHERWISE ENFORCE AGENT ' S OR LENDERS ' RIGHTS AGAINST BORROWER OR ITS PROPERTY .
Answer:","BORROWER, PER
BORROWER, PER","[O, O, O, O, O, O, O, O, O, O, O, O, O, O, O, O, B-PER, O, O, O, O, O, O, O, O, O, O, O, O, O, O, O, O, O, O, O, O, O, O, O, O, O, O, O, O, O, O, O, O, O, O, O, B-PER, O, O, O, O]","NOTWITHSTANDING THE FOREGOING , AGENT SHALL HAVE THE RIGHT TO BRING ANY ACTION OR PROCEEDING AGAINST BORROWER OR ITS PROPERTY IN THE COURTS OF ANY OTHER JURISDICTION WHICH AGENT DEEMS NECESSARY OR APPROPRIATE IN ORDER TO REALIZE ON THE COLLATERAL OR TO OTHERWISE ENFORCE AGENT ' S OR LENDERS ' RIGHTS AGAINST BORROWER OR ITS PROPERTY ."
"In the sentences extracted from financial agreements in U.S. SEC filings, identify the named entities that represent a person ('PER'), an organization ('ORG'), or a location ('LOC'). The required answer format is: 'entity name, entity type'.
Text: TO THE EXTENT PERMITTED BY APPLICABLE LAW , BORROWER , LENDERS AND AGENT EACH WAIVE THEIR RIGHT TO A JURY TRIAL OF ANY CLAIM OR CAUSE OF ACTION ARISING OUT OF OR BASED UPON THIS AGREEMENT , THE LOAN DOCUMENTS OR ANY CONTEMPLATED TRANSACTION , INCLUDING CONTRACT , TORT , BREACH OF DUTY AND ALL OTHER CLAIMS .
Answer:","BORROWER, PER","[O, O, O, O, O, O, O, O, B-PER, O, O, O, O, O, O, O, O, O, O, O, O, O, O, O, O, O, O, O, O, O, O, O, O, O, O, O, O, O, O, O, O, O, O, O, O, O, O, O, O, O, O, O, O, O, O, O, O, O]","TO THE EXTENT PERMITTED BY APPLICABLE LAW , BORROWER , LENDERS AND AGENT EACH WAIVE THEIR RIGHT TO A JURY TRIAL OF ANY CLAIM OR CAUSE OF ACTION ARISING OUT OF OR BASED UPON THIS AGREEMENT , THE LOAN DOCUMENTS OR ANY CONTEMPLATED TRANSACTION , INCLUDING CONTRACT , TORT , BREACH OF DUTY AND ALL OTHER CLAIMS ."
"In the sentences extracted from financial agreements in U.S. SEC filings, identify the named entities that represent a person ('PER'), an organization ('ORG'), or a location ('LOC'). The required answer format is: 'entity name, entity type'.
Text: Borrower may not assign this Agreement or any rights or obligations under it without Agent ' s prior written consent ( which may be granted or withheld in Agent ' s discretion ).
Answer:","Borrower, PER","[B-PER, O, O, O, O, O, O, O, O, O, O, O, O, O, O, O, O, O, O, O, O, O, O, O, O, O, O, O, O, O, O, O, O]",Borrower may not assign this Agreement or any rights or obligations under it without Agent ' s prior written consent ( which may be granted or withheld in Agent ' s discretion ).
"In the sentences extracted from financial agreements in U.S. SEC filings, identify the named entities that represent a person ('PER'), an organization ('ORG'), or a location ('LOC'). The required answer format is: 'entity name, entity type'.
Text: Lenders and Agent have the right , without the consent of or notice to Borrower , to sell , transfer , assign , negotiate , or grant participation in all or any part of , or any interest in , Agent ' s and / Lenders ' obligations , rights , and benefits under this Agreement and the other Loan Documents .
Answer:","Borrower, PER","[O, O, O, O, O, O, O, O, O, O, O, O, O, O, B-PER, O, O, O, O, O, O, O, O, O, O, O, O, O, O, O, O, O, O, O, O, O, O, O, O, O, O, O, O, O, O, O, O, O, O, O, O, O, O, O, O, O, O, O, O, O, O, O]","Lenders and Agent have the right , without the consent of or notice to Borrower , to sell , transfer , assign , negotiate , or grant participation in all or any part of , or any interest in , Agent ' s and / Lenders ' obligations , rights , and benefits under this Agreement and the other Loan Documents ."
"In the sentences extracted from financial agreements in U.S. SEC filings, identify the named entities that represent a person ('PER'), an organization ('ORG'), or a location ('LOC'). The required answer format is: 'entity name, entity type'.
Text: Borrower agrees to indemnify , defend and hold Agent and Lenders and their respective directors , officers , employees , agents , attorneys , or any other Person affiliated with or representing Agent or any Lender ( each , an "" Indemnified Person "") harmless against : ( a ) all obligations , demands , claims , and liabilities ( collectively , "" Claims "") asserted by any other party in connection with the transactions contemplated by the Loan Documents ; and ( b ) all losses or Lenders ' Expenses incurred , or paid by Lenders and / or Agent from , following , or arising from transactions between Lenders and Borrower ( including reasonable attorneys ' fees and expenses ), except for Claims and / or losses directly caused by an Indemnified Person ' s gross negligence or willful misconduct .
Answer:","Borrower, PER
Lender, PER
Borrower, PER","[B-PER, O, O, O, O, O, O, O, O, O, O, O, O, O, O, O, O, O, O, O, O, O, O, O, O, O, O, O, O, O, O, O, O, O, O, B-PER, O, O, O, O, O, O, O, O, O, O, O, O, O, O, O, O, O, O, O, O, O, O, O, O, O, O, O, O, O, O, O, O, O, O, O, O, O, O, O, O, O, O, O, O, O, O, O, O, O, O, O, O, O, O, O, O, O, O, O, O, O, O, O, O, O, O, O, O, O, O, O, O, O, O, O, O, B-PER, O, O, O, O, O, O, O, O, O, O, O, O, O, O, O, O, O, O, O, O, O, O, O, O, O, O, O, O, O, O]","Borrower agrees to indemnify , defend and hold Agent and Lenders and their respective directors , officers , employees , agents , attorneys , or any other Person affiliated with or representing Agent or any Lender ( each , an "" Indemnified Person "") harmless against : ( a ) all obligations , demands , claims , and liabilities ( collectively , "" Claims "") asserted by any other party in connection with the transactions contemplated by the Loan Documents ; and ( b ) all losses or Lenders ' Expenses incurred , or paid by Lenders and / or Agent from , following , or arising from transactions between Lenders and Borrower ( including reasonable attorneys ' fees and expenses ), except for Claims and / or losses directly caused by an Indemnified Person ' s gross negligence or willful misconduct ."
"In the sentences extracted from financial agreements in U.S. SEC filings, identify the named entities that represent a person ('PER'), an organization ('ORG'), or a location ('LOC'). The required answer format is: 'entity name, entity type'.
Text: All amendments to this Agreement must be in writing signed by Agent , Lenders and Borrower .
Answer:","Borrower, PER","[O, O, O, O, O, O, O, O, O, O, O, O, O, O, O, B-PER, O]","All amendments to this Agreement must be in writing signed by Agent , Lenders and Borrower ."
"In the sentences extracted from financial agreements in U.S. SEC filings, identify the named entities that represent a person ('PER'), an organization ('ORG'), or a location ('LOC'). The required answer format is: 'entity name, entity type'.
Text: The obligation of Borrower in Section 12 . 2 to indemnify each Lender and Agent shall survive until the statute of limitations with respect to such claim or cause of action shall have run .
Answer:","Borrower, PER
Lender, PER","[O, O, O, B-PER, O, O, O, O, O, O, O, O, B-PER, O, O, O, O, O, O, O, O, O, O, O, O, O, O, O, O, O, O, O, O, O, O]",The obligation of Borrower in Section 12 . 2 to indemnify each Lender and Agent shall survive until the statute of limitations with respect to such claim or cause of action shall have run .
"In the sentences extracted from financial agreements in U.S. SEC filings, identify the named entities that represent a person ('PER'), an organization ('ORG'), or a location ('LOC'). The required answer format is: 'entity name, entity type'.
Text: In handling any confidential information of Borrower , Agent and Lenders shall exercise the same degree of care that they exercise for their own proprietary information , but disclosure of information may be made : ( a ) to Agent ' s and Lenders ' Subsidiaries or Affiliates ( provided that such Subsidiaries or Affiliates shall abide by the terms of this provision ); ( b ) to prospective transferees or purchasers of any interest in the Credit Extensions ( provided , however , Agent and Lenders shall use commercially reasonable efforts to obtain such prospective transferee ' s or purchaser ' s agreement to the terms of this provision ); ( c ) as required by law , regulation , subpoena , or other order ; ( d ) to Agent ' s and Lenders ' regulators or as otherwise required in connection with Agent ' s and Lenders ' examination or audit ; and ( e ) as Agent considers appropriate in exercising remedies under this Agreement .
Answer:","Borrower, PER","[O, O, O, O, O, O, B-PER, O, O, O, O, O, O, O, O, O, O, O, O, O, O, O, O, O, O, O, O, O, O, O, O, O, O, O, O, O, O, O, O, O, O, O, O, O, O, O, O, O, O, O, O, O, O, O, O, O, O, O, O, O, O, O, O, O, O, O, O, O, O, O, O, O, O, O, O, O, O, O, O, O, O, O, O, O, O, O, O, O, O, O, O, O, O, O, O, O, O, O, O, O, O, O, O, O, O, O, O, O, O, O, O, O, O, O, O, O, O, O, O, O, O, O, O, O, O, O, O, O, O, O, O, O, O, O, O, O, O, O, O, O, O, O, O, O, O, O, O, O, O, O, O, O, O, O, O, O, O, O, O, O, O, O, O, O, O, O, O, O, O, O]","In handling any confidential information of Borrower , Agent and Lenders shall exercise the same degree of care that they exercise for their own proprietary information , but disclosure of information may be made : ( a ) to Agent ' s and Lenders ' Subsidiaries or Affiliates ( provided that such Subsidiaries or Affiliates shall abide by the terms of this provision ); ( b ) to prospective transferees or purchasers of any interest in the Credit Extensions ( provided , however , Agent and Lenders shall use commercially reasonable efforts to obtain such prospective transferee ' s or purchaser ' s agreement to the terms of this provision ); ( c ) as required by law , regulation , subpoena , or other order ; ( d ) to Agent ' s and Lenders ' regulators or as otherwise required in connection with Agent ' s and Lenders ' examination or audit ; and ( e ) as Agent considers appropriate in exercising remedies under this Agreement ."
"In the sentences extracted from financial agreements in U.S. SEC filings, identify the named entities that represent a person ('PER'), an organization ('ORG'), or a location ('LOC'). The required answer format is: 'entity name, entity type'.
Text: Borrower hereby grants to Agent for the ratable benefit of Lenders , and to each Lender , a lien , security interest and right of set off as security for all Obligations to Agent and each Lender , whether now existing or hereafter arising upon and against all deposits , credits , collateral and property , now or hereafter in the possession , custody , safekeeping or control of Agent or any entity under the control of Agent ( including an Agent subsidiary ) or in transit to any of them .
Answer:","Borrower, PER
Lender, PER
Lender, PER","[B-PER, O, O, O, O, O, O, O, O, O, O, O, O, O, O, B-PER, O, O, O, O, O, O, O, O, O, O, O, O, O, O, O, O, O, O, O, O, B-PER, O, O, O, O, O, O, O, O, O, O, O, O, O, O, O, O, O, O, O, O, O, O, O, O, O, O, O, O, O, O, O, O, O, O, O, O, O, O, O, O, O, O, O, O, O, O, O, O, O, O, O, O, O, O, O]","Borrower hereby grants to Agent for the ratable benefit of Lenders , and to each Lender , a lien , security interest and right of set off as security for all Obligations to Agent and each Lender , whether now existing or hereafter arising upon and against all deposits , credits , collateral and property , now or hereafter in the possession , custody , safekeeping or control of Agent or any entity under the control of Agent ( including an Agent subsidiary ) or in transit to any of them ."
"In the sentences extracted from financial agreements in U.S. SEC filings, identify the named entities that represent a person ('PER'), an organization ('ORG'), or a location ('LOC'). The required answer format is: 'entity name, entity type'.
Text: At any time after the occurrence and during the continuance of an Event of Default , without demand or notice , Agent or Lenders , as appropriate , may set off the same or any part thereof and apply the same to any liability or obligation of Borrower even though unmatured and regardless of the adequacy of any other collateral securing the Obligations .
Answer:","Borrower, PER","[O, O, O, O, O, O, O, O, O, O, O, O, O, O, O, O, O, O, O, O, O, O, O, O, O, O, O, O, O, O, O, O, O, O, O, O, O, O, O, O, O, O, O, O, O, O, O, B-PER, O, O, O, O, O, O, O, O, O, O, O, O, O, O, O, O]","At any time after the occurrence and during the continuance of an Event of Default , without demand or notice , Agent or Lenders , as appropriate , may set off the same or any part thereof and apply the same to any liability or obligation of Borrower even though unmatured and regardless of the adequacy of any other collateral securing the Obligations ."
"In the sentences extracted from financial agreements in U.S. SEC filings, identify the named entities that represent a person ('PER'), an organization ('ORG'), or a location ('LOC'). The required answer format is: 'entity name, entity type'.
Text: ANY AND ALL RIGHTS TO REQUIRE AGENT TO EXERCISE ITS RIGHTS OR REMEDIES WITH RESPECT TO ANY OTHER COLLATERAL WHICH SECURES THE OBLIGATIONS , PRIOR TO EXERCISING ITS RIGHT OF SETOFF WITH RESPECT TO SUCH DEPOSITS , CREDITS OR OTHER PROPERTY OF BORROWER ARE HEREBY KNOWINGLY , VOLUNTARILY AND IRREVOCABLY WAIVED .
Answer:","BORROWER, PER","[O, O, O, O, O, O, O, O, O, O, O, O, O, O, O, O, O, O, O, O, O, O, O, O, O, O, O, O, O, O, O, O, O, O, O, O, O, O, O, O, O, O, B-PER, O, O, O, O, O, O, O, O, O]","ANY AND ALL RIGHTS TO REQUIRE AGENT TO EXERCISE ITS RIGHTS OR REMEDIES WITH RESPECT TO ANY OTHER COLLATERAL WHICH SECURES THE OBLIGATIONS , PRIOR TO EXERCISING ITS RIGHT OF SETOFF WITH RESPECT TO SUCH DEPOSITS , CREDITS OR OTHER PROPERTY OF BORROWER ARE HEREBY KNOWINGLY , VOLUNTARILY AND IRREVOCABLY WAIVED ."
"In the sentences extracted from financial agreements in U.S. SEC filings, identify the named entities that represent a person ('PER'), an organization ('ORG'), or a location ('LOC'). The required answer format is: 'entity name, entity type'.
Text: As used in this Agreement , the following terms have the following meanings : "" Account "" is any "" account "" as defined in the Code with such additions to such term as may hereafter be made , and includes , without limitation , all accounts receivable and other sums owing to Borrower .
Answer:","Borrower, PER","[O, O, O, O, O, O, O, O, O, O, O, O, O, O, O, O, O, O, O, O, O, O, O, O, O, O, O, O, O, O, O, O, O, O, O, O, O, O, O, O, O, O, O, O, O, O, O, O, O, O, O, O, O, B-PER, O]","As used in this Agreement , the following terms have the following meanings : "" Account "" is any "" account "" as defined in the Code with such additions to such term as may hereafter be made , and includes , without limitation , all accounts receivable and other sums owing to Borrower ."
"In the sentences extracted from financial agreements in U.S. SEC filings, identify the named entities that represent a person ('PER'), an organization ('ORG'), or a location ('LOC'). The required answer format is: 'entity name, entity type'.
Text: "" Board "" means Borrower ' s board of directors .
Answer:","Borrower, PER","[O, O, O, O, B-PER, O, O, O, O, O, O]",""" Board "" means Borrower ' s board of directors ."
"In the sentences extracted from financial agreements in U.S. SEC filings, identify the named entities that represent a person ('PER'), an organization ('ORG'), or a location ('LOC'). The required answer format is: 'entity name, entity type'.
Text: "" Borrower "" is defined in the preamble hereof .
Answer:","Borrower, PER","[O, B-PER, O, O, O, O, O, O, O, O]",""" Borrower "" is defined in the preamble hereof ."
"In the sentences extracted from financial agreements in U.S. SEC filings, identify the named entities that represent a person ('PER'), an organization ('ORG'), or a location ('LOC'). The required answer format is: 'entity name, entity type'.
Text: "" Borrower ' s Books "" are all Borrower ' s books and records including ledgers , federal and state tax returns , records regarding Borrower ' s assets or liabilities , the Collateral , business operations or financial condition , and all computer programs or storage or any equipment containing such information .
Answer:","Borrower, PER
Borrower, PER
Borrower, PER","[O, B-PER, O, O, O, O, O, O, B-PER, O, O, O, O, O, O, O, O, O, O, O, O, O, O, O, O, B-PER, O, O, O, O, O, O, O, O, O, O, O, O, O, O, O, O, O, O, O, O, O, O, O, O, O, O, O, O]",""" Borrower ' s Books "" are all Borrower ' s books and records including ledgers , federal and state tax returns , records regarding Borrower ' s assets or liabilities , the Collateral , business operations or financial condition , and all computer programs or storage or any equipment containing such information ."
"In the sentences extracted from financial agreements in U.S. SEC filings, identify the named entities that represent a person ('PER'), an organization ('ORG'), or a location ('LOC'). The required answer format is: 'entity name, entity type'.
Text: "" Cash Equivalents "" are ( a ) marketable direct obligations issued or unconditionally guaranteed by the United States or any agency or any State thereof having maturities of not more than one ( 1 ) year from the date of acquisition ; ( b ) commercial paper maturing no more than one ( 1 ) year after its creation and having the highest rating from either Standard & Poor ' s Ratings Group or Moody ' s Investors Service , Inc ., and ( c ) Agent ' s certificates of deposit issued maturing no more than one ( 1 ) year after issue .
Answer:","United States, LOC","[O, O, O, O, O, O, O, O, O, O, O, O, O, O, O, O, O, B-LOC, I-LOC, O, O, O, O, O, O, O, O, O, O, O, O, O, O, O, O, O, O, O, O, O, O, O, O, O, O, O, O, O, O, O, O, O, O, O, O, O, O, O, O, O, O, O, O, O, O, O, O, O, O, O, O, O, O, O, O, O, O, O, O, O, O, O, O, O, O, O, O, O, O, O, O, O, O, O, O, O, O, O, O, O, O, O, O, O, O, O]",""" Cash Equivalents "" are ( a ) marketable direct obligations issued or unconditionally guaranteed by the United States or any agency or any State thereof having maturities of not more than one ( 1 ) year from the date of acquisition ; ( b ) commercial paper maturing no more than one ( 1 ) year after its creation and having the highest rating from either Standard & Poor ' s Ratings Group or Moody ' s Investors Service , Inc ., and ( c ) Agent ' s certificates of deposit issued maturing no more than one ( 1 ) year after issue ."
"In the sentences extracted from financial agreements in U.S. SEC filings, identify the named entities that represent a person ('PER'), an organization ('ORG'), or a location ('LOC'). The required answer format is: 'entity name, entity type'.
Text: "" Code "" is the Uniform Commercial Code , as the same may , from time to time , be enacted and in effect in the Commonwealth of Massachusetts ; provided , that , to the extent that the Code is used to define any term herein or in any Loan Document and such term is defined differently in different Articles or Divisions of the Code , the definition of such term contained in Article or Division 9 shall govern ; provided further , that in the event that , by reason of mandatory provisions of law , any or all of the attachment , perfection , or priority of , or remedies with respect to , Agent ' s and Lenders ' Lien on any Collateral is governed by the Uniform Commercial Code in effect in a jurisdiction other than the Commonwealth of Massachusetts , the term "" Code "" shall mean the Uniform Commercial Code as enacted and in effect in such other jurisdiction solely for purposes on the provisions thereof relating to such attachment , perfection , priority , or remedies and for purposes of definitions relating to such provisions .
Answer:","Commonwealth of Massachusetts, LOC
Commonwealth of Massachusetts, LOC","[O, O, O, O, O, O, O, O, O, O, O, O, O, O, O, O, O, O, O, O, O, O, O, O, O, O, B-LOC, I-LOC, I-LOC, O, O, O, O, O, O, O, O, O, O, O, O, O, O, O, O, O, O, O, O, O, O, O, O, O, O, O, O, O, O, O, O, O, O, O, O, O, O, O, O, O, O, O, O, O, O, O, O, O, O, O, O, O, O, O, O, O, O, O, O, O, O, O, O, O, O, O, O, O, O, O, O, O, O, O, O, O, O, O, O, O, O, O, O, O, O, O, O, O, O, O, O, O, O, O, O, O, O, O, O, O, O, O, O, O, O, O, O, O, O, O, O, O, B-LOC, I-LOC, I-LOC, O, O, O, O, O, O, O, O, O, O, O, O, O, O, O, O, O, O, O, O, O, O, O, O, O, O, O, O, O, O, O, O, O, O, O, O, O, O, O, O, O, O, O, O, O, O, O, O, O]",""" Code "" is the Uniform Commercial Code , as the same may , from time to time , be enacted and in effect in the Commonwealth of Massachusetts ; provided , that , to the extent that the Code is used to define any term herein or in any Loan Document and such term is defined differently in different Articles or Divisions of the Code , the definition of such term contained in Article or Division 9 shall govern ; provided further , that in the event that , by reason of mandatory provisions of law , any or all of the attachment , perfection , or priority of , or remedies with respect to , Agent ' s and Lenders ' Lien on any Collateral is governed by the Uniform Commercial Code in effect in a jurisdiction other than the Commonwealth of Massachusetts , the term "" Code "" shall mean the Uniform Commercial Code as enacted and in effect in such other jurisdiction solely for purposes on the provisions thereof relating to such attachment , perfection , priority , or remedies and for purposes of definitions relating to such provisions ."
"In the sentences extracted from financial agreements in U.S. SEC filings, identify the named entities that represent a person ('PER'), an organization ('ORG'), or a location ('LOC'). The required answer format is: 'entity name, entity type'.
Text: "" Collateral "" is any and all properties , rights and assets of Borrower described on Exhibit A .
Answer:","Borrower, PER","[O, O, O, O, O, O, O, O, O, O, O, O, O, B-PER, O, O, O, O, O]",""" Collateral "" is any and all properties , rights and assets of Borrower described on Exhibit A ."
"In the sentences extracted from financial agreements in U.S. SEC filings, identify the named entities that represent a person ('PER'), an organization ('ORG'), or a location ('LOC'). The required answer format is: 'entity name, entity type'.
Text: "" Commitment "" is the outstanding amount of Obligations based on each Lender ' s Commitment Percentage .
Answer:","Lender, PER","[O, O, O, O, O, O, O, O, O, O, O, O, B-PER, O, O, O, O, O]",""" Commitment "" is the outstanding amount of Obligations based on each Lender ' s Commitment Percentage ."
"In the sentences extracted from financial agreements in U.S. SEC filings, identify the named entities that represent a person ('PER'), an organization ('ORG'), or a location ('LOC'). The required answer format is: 'entity name, entity type'.
Text: "" Control Agreement "" is any control agreement entered into among the depository institution at which Borrower maintains a Deposit Account or the securities intermediary or commodity intermediary at which Borrower maintains a Securities Account or a Commodity Account , Borrower , and Agent pursuant to which Agent obtains control for the benefit of Lenders ( within the meaning of the Code ) over such Deposit Account , Securities Account , or Commodity Account .
Answer:","Borrower, PER
Borrower, PER
Borrower, PER","[O, O, O, O, O, O, O, O, O, O, O, O, O, O, O, O, B-PER, O, O, O, O, O, O, O, O, O, O, O, O, O, B-PER, O, O, O, O, O, O, O, O, O, B-PER, O, O, O, O, O, O, O, O, O, O, O, O, O, O, O, O, O, O, O, O, O, O, O, O, O, O, O, O, O, O, O, O, O, O]",""" Control Agreement "" is any control agreement entered into among the depository institution at which Borrower maintains a Deposit Account or the securities intermediary or commodity intermediary at which Borrower maintains a Securities Account or a Commodity Account , Borrower , and Agent pursuant to which Agent obtains control for the benefit of Lenders ( within the meaning of the Code ) over such Deposit Account , Securities Account , or Commodity Account ."
"In the sentences extracted from financial agreements in U.S. SEC filings, identify the named entities that represent a person ('PER'), an organization ('ORG'), or a location ('LOC'). The required answer format is: 'entity name, entity type'.
Text: "" Credit Extension "" is any Term Loan , or any other extension of credit by Lenders for Borrower ' s benefit .
Answer:","Borrower, PER","[O, O, O, O, O, O, O, O, O, O, O, O, O, O, O, O, O, O, B-PER, O, O, O, O]",""" Credit Extension "" is any Term Loan , or any other extension of credit by Lenders for Borrower ' s benefit ."
"In the sentences extracted from financial agreements in U.S. SEC filings, identify the named entities that represent a person ('PER'), an organization ('ORG'), or a location ('LOC'). The required answer format is: 'entity name, entity type'.
Text: "" Designated Deposit Account "" is Borrower ' s deposit account , account number maintained with Agent .
Answer:","Borrower, PER","[O, O, O, O, O, O, B-PER, O, O, O, O, O, O, O, O, O, O, O]",""" Designated Deposit Account "" is Borrower ' s deposit account , account number maintained with Agent ."
"In the sentences extracted from financial agreements in U.S. SEC filings, identify the named entities that represent a person ('PER'), an organization ('ORG'), or a location ('LOC'). The required answer format is: 'entity name, entity type'.
Text: "" Dollars ,"" "" dollars "" and ""$"" each mean lawful money of the United States .
Answer:","United States, LOC","[O, O, O, O, O, O, O, O, O, O, O, O, O, O, B-LOC, I-LOC, O]",""" Dollars ,"" "" dollars "" and ""$"" each mean lawful money of the United States ."
"In the sentences extracted from financial agreements in U.S. SEC filings, identify the named entities that represent a person ('PER'), an organization ('ORG'), or a location ('LOC'). The required answer format is: 'entity name, entity type'.
Text: "" ERISA "" is the Employee Retirement Income Security Act of 1974 , and its regulations .
Answer:","ERISA, ORG","[O, B-ORG, O, O, O, O, O, O, O, O, O, O, O, O, O, O, O]",""" ERISA "" is the Employee Retirement Income Security Act of 1974 , and its regulations ."
"In the sentences extracted from financial agreements in U.S. SEC filings, identify the named entities that represent a person ('PER'), an organization ('ORG'), or a location ('LOC'). The required answer format is: 'entity name, entity type'.
Text: "" Funding Date "" is any date on which a Credit Extension is made to or on account of Borrower which shall be a Business Day .
Answer:","Borrower, PER","[O, O, O, O, O, O, O, O, O, O, O, O, O, O, O, O, O, O, O, B-PER, O, O, O, O, O, O, O]",""" Funding Date "" is any date on which a Credit Extension is made to or on account of Borrower which shall be a Business Day ."
"In the sentences extracted from financial agreements in U.S. SEC filings, identify the named entities that represent a person ('PER'), an organization ('ORG'), or a location ('LOC'). The required answer format is: 'entity name, entity type'.
Text: "" GAAP "" is generally accepted accounting principles set forth in the opinions and pronouncements of the Accounting Principles Board of the American Institute of Certified Public Accountants and statements and pronouncements of the Financial Accounting Standards Board or in such other statements by such other Person as may be approved by a significant segment of the accounting profession , which are applicable to the circumstances as of the date of determination .
Answer:","Accounting Principles Board, ORG
American Institute of Certified Public Accountants, ORG
Financial Accounting Standards Board, ORG","[O, O, O, O, O, O, O, O, O, O, O, O, O, O, O, O, O, B-ORG, I-ORG, I-ORG, O, O, B-ORG, I-ORG, I-ORG, I-ORG, I-ORG, I-ORG, O, O, O, O, O, O, B-ORG, I-ORG, I-ORG, I-ORG, O, O, O, O, O, O, O, O, O, O, O, O, O, O, O, O, O, O, O, O, O, O, O, O, O, O, O, O, O, O, O, O, O, O, O]",""" GAAP "" is generally accepted accounting principles set forth in the opinions and pronouncements of the Accounting Principles Board of the American Institute of Certified Public Accountants and statements and pronouncements of the Financial Accounting Standards Board or in such other statements by such other Person as may be approved by a significant segment of the accounting profession , which are applicable to the circumstances as of the date of determination ."
"In the sentences extracted from financial agreements in U.S. SEC filings, identify the named entities that represent a person ('PER'), an organization ('ORG'), or a location ('LOC'). The required answer format is: 'entity name, entity type'.
Text: "" Gold Hill "" is defined in the preamble hereof .
Answer:","Gold Hill, LOC","[O, B-LOC, I-LOC, O, O, O, O, O, O, O, O]",""" Gold Hill "" is defined in the preamble hereof ."
"In the sentences extracted from financial agreements in U.S. SEC filings, identify the named entities that represent a person ('PER'), an organization ('ORG'), or a location ('LOC'). The required answer format is: 'entity name, entity type'.
Text: "" IL Subsidiary "" means , Vringo ( Israel ) Ltd . "" Indebtedness "" is ( a ) indebtedness for borrowed money or the deferred price of property or services , such as reimbursement and other obligations for surety bonds and letters of credit , ( b ) obligations evidenced by notes , bonds , debentures or similar instruments , ( c ) capital lease obligations , and ( d ) Contingent Obligations .
Answer:","Vringo, ORG
Israel, LOC","[O, O, O, O, O, O, B-ORG, O, B-LOC, O, O, O, O, O, O, O, O, O, O, O, O, O, O, O, O, O, O, O, O, O, O, O, O, O, O, O, O, O, O, O, O, O, O, O, O, O, O, O, O, O, O, O, O, O, O, O, O, O, O, O, O, O, O, O, O, O, O, O, O, O, O, O, O, O, O]",""" IL Subsidiary "" means , Vringo ( Israel ) Ltd . "" Indebtedness "" is ( a ) indebtedness for borrowed money or the deferred price of property or services , such as reimbursement and other obligations for surety bonds and letters of credit , ( b ) obligations evidenced by notes , bonds , debentures or similar instruments , ( c ) capital lease obligations , and ( d ) Contingent Obligations ."
"In the sentences extracted from financial agreements in U.S. SEC filings, identify the named entities that represent a person ('PER'), an organization ('ORG'), or a location ('LOC'). The required answer format is: 'entity name, entity type'.
Text: "" Insolvency Proceeding "" is any proceeding by or against any Person under the United States Bankruptcy Code , or any other bankruptcy or insolvency law , including assignments for the benefit of creditors , compositions , extensions generally with its creditors , or proceedings seeking reorganization , arrangement , or other relief .
Answer:","United States, LOC","[O, O, O, O, O, O, O, O, O, O, O, O, O, O, B-LOC, I-LOC, O, O, O, O, O, O, O, O, O, O, O, O, O, O, O, O, O, O, O, O, O, O, O, O, O, O, O, O, O, O, O, O, O, O, O, O, O, O]",""" Insolvency Proceeding "" is any proceeding by or against any Person under the United States Bankruptcy Code , or any other bankruptcy or insolvency law , including assignments for the benefit of creditors , compositions , extensions generally with its creditors , or proceedings seeking reorganization , arrangement , or other relief ."
"In the sentences extracted from financial agreements in U.S. SEC filings, identify the named entities that represent a person ('PER'), an organization ('ORG'), or a location ('LOC'). The required answer format is: 'entity name, entity type'.
Text: "" Inventory "" is all "" inventory "" as defined in the Code in effect on the date hereof with such additions to such term as may hereafter be made , and includes without limitation all merchandise , raw materials , parts , supplies , packing and shipping materials , work in process and finished products , including without limitation such inventory as is temporarily out of Borrower ' s custody or possession or in transit and including any returned goods and any documents of title representing any of the above .
Answer:","Borrower, PER","[O, O, O, O, O, O, O, O, O, O, O, O, O, O, O, O, O, O, O, O, O, O, O, O, O, O, O, O, O, O, O, O, O, O, O, O, O, O, O, O, O, O, O, O, O, O, O, O, O, O, O, O, O, O, O, O, O, O, O, O, O, O, O, O, O, O, O, B-PER, O, O, O, O, O, O, O, O, O, O, O, O, O, O, O, O, O, O, O, O, O, O, O, O]",""" Inventory "" is all "" inventory "" as defined in the Code in effect on the date hereof with such additions to such term as may hereafter be made , and includes without limitation all merchandise , raw materials , parts , supplies , packing and shipping materials , work in process and finished products , including without limitation such inventory as is temporarily out of Borrower ' s custody or possession or in transit and including any returned goods and any documents of title representing any of the above ."
"In the sentences extracted from financial agreements in U.S. SEC filings, identify the named entities that represent a person ('PER'), an organization ('ORG'), or a location ('LOC'). The required answer format is: 'entity name, entity type'.
Text: "" Key Person "" is the Borrower ' s Chief Executive Officer , who is Jonathan Medved as of the Effective Date .
Answer:","Borrower, PER
Jonathan Medved, PER","[O, O, O, O, O, O, B-PER, O, O, O, O, O, O, O, O, B-PER, I-PER, O, O, O, O, O, O]",""" Key Person "" is the Borrower ' s Chief Executive Officer , who is Jonathan Medved as of the Effective Date ."
"In the sentences extracted from financial agreements in U.S. SEC filings, identify the named entities that represent a person ('PER'), an organization ('ORG'), or a location ('LOC'). The required answer format is: 'entity name, entity type'.
Text: "" Lender "" is any one of the Lenders .
Answer:","Lender, PER","[O, B-PER, O, O, O, O, O, O, O, O]",""" Lender "" is any one of the Lenders ."
"In the sentences extracted from financial agreements in U.S. SEC filings, identify the named entities that represent a person ('PER'), an organization ('ORG'), or a location ('LOC'). The required answer format is: 'entity name, entity type'.
Text: "" Lenders ' Expenses "" are all documented audit fees and expenses , costs , and expenses ( including reasonable documented attorneys ' fees and expenses ) of Agent and Lenders for preparing , negotiating , administering , defending and enforcing the Loan Documents ( including , without limitation , those incurred in connection with appeals or Insolvency Proceedings ) or otherwise incurred with respect to Borrower .
Answer:","Borrower, PER","[O, O, O, O, O, O, O, O, O, O, O, O, O, O, O, O, O, O, O, O, O, O, O, O, O, O, O, O, O, O, O, O, O, O, O, O, O, O, O, O, O, O, O, O, O, O, O, O, O, O, O, O, O, O, O, O, O, O, O, O, O, O, O, O, O, O, B-PER, O]",""" Lenders ' Expenses "" are all documented audit fees and expenses , costs , and expenses ( including reasonable documented attorneys ' fees and expenses ) of Agent and Lenders for preparing , negotiating , administering , defending and enforcing the Loan Documents ( including , without limitation , those incurred in connection with appeals or Insolvency Proceedings ) or otherwise incurred with respect to Borrower ."
"In the sentences extracted from financial agreements in U.S. SEC filings, identify the named entities that represent a person ('PER'), an organization ('ORG'), or a location ('LOC'). The required answer format is: 'entity name, entity type'.
Text: "" Loan Documents "" are , collectively , this Agreement , the Warrant , the Perfection Certificate , any note , or notes or guaranties executed by Borrower , and any other present or future agreement for the benefit of Agent and / or Lenders in connection with this Agreement , all as amended , restated , or otherwise modified .
Answer:","Borrower, PER","[O, O, O, O, O, O, O, O, O, O, O, O, O, O, O, O, O, O, O, O, O, O, O, O, O, O, O, B-PER, O, O, O, O, O, O, O, O, O, O, O, O, O, O, O, O, O, O, O, O, O, O, O, O, O, O, O, O, O, O, O, O, O]",""" Loan Documents "" are , collectively , this Agreement , the Warrant , the Perfection Certificate , any note , or notes or guaranties executed by Borrower , and any other present or future agreement for the benefit of Agent and / or Lenders in connection with this Agreement , all as amended , restated , or otherwise modified ."
"In the sentences extracted from financial agreements in U.S. SEC filings, identify the named entities that represent a person ('PER'), an organization ('ORG'), or a location ('LOC'). The required answer format is: 'entity name, entity type'.
Text: 1 "" means Borrower provides Agent with evidence that either of the following has occurred : ( a ) the completion of two ( 2 ) trials with two ( 2 ) large mobile telephone carriers with at least one ( 1 ) carrier service launched ; or ( b ) registration of at least fifty thousand ( 50 , 000 ) users .
Answer:","Borrower, PER","[O, O, O, B-PER, O, O, O, O, O, O, O, O, O, O, O, O, O, O, O, O, O, O, O, O, O, O, O, O, O, O, O, O, O, O, O, O, O, O, O, O, O, O, O, O, O, O, O, O, O, O, O, O, O, O, O, O, O, O, O, O, O, O, O, O]","1 "" means Borrower provides Agent with evidence that either of the following has occurred : ( a ) the completion of two ( 2 ) trials with two ( 2 ) large mobile telephone carriers with at least one ( 1 ) carrier service launched ; or ( b ) registration of at least fifty thousand ( 50 , 000 ) users ."
"In the sentences extracted from financial agreements in U.S. SEC filings, identify the named entities that represent a person ('PER'), an organization ('ORG'), or a location ('LOC'). The required answer format is: 'entity name, entity type'.
Text: 2 "" means Borrower provides Agent with evidence that either of the following has occurred : ( a ) the completion of four ( 4 ) trials with four ( 4 ) large mobile telephone carriers with at least two ( 2 ) carrier services launched ; or ( b ) registration of at least three hundred thousand ( 300 , 000 ) users .
Answer:","Borrower, PER","[O, O, O, B-PER, O, O, O, O, O, O, O, O, O, O, O, O, O, O, O, O, O, O, O, O, O, O, O, O, O, O, O, O, O, O, O, O, O, O, O, O, O, O, O, O, O, O, O, O, O, O, O, O, O, O, O, O, O, O, O, O, O, O, O, O, O]","2 "" means Borrower provides Agent with evidence that either of the following has occurred : ( a ) the completion of four ( 4 ) trials with four ( 4 ) large mobile telephone carriers with at least two ( 2 ) carrier services launched ; or ( b ) registration of at least three hundred thousand ( 300 , 000 ) users ."
"In the sentences extracted from financial agreements in U.S. SEC filings, identify the named entities that represent a person ('PER'), an organization ('ORG'), or a location ('LOC'). The required answer format is: 'entity name, entity type'.
Text: "" Obligations "" are Borrower ' s obligation to pay when due any debts , principal , interest , Lenders ' Expenses , the Final Payment and other amounts Borrower owes Agent and / or Lenders now or later , whether under this Agreement , the Loan Documents , or otherwise , including , without limitation , all obligations relating to letters of credit ( including reimbursement obligations for drawn and undrawn letters of credit ), cash management services , and foreign exchange contracts , if any , and including interest accruing after Insolvency Proceedings begin and debts , liabilities , or obligations of Borrower assigned to Agent and / or Lenders , and the performance of Borrower ' s duties under the Loan Documents .
Answer:","Borrower, PER
Borrower, PER
Borrower, PER
Borrower, PER","[O, O, O, O, B-PER, O, O, O, O, O, O, O, O, O, O, O, O, O, O, O, O, O, O, O, O, O, O, O, O, B-PER, O, O, O, O, O, O, O, O, O, O, O, O, O, O, O, O, O, O, O, O, O, O, O, O, O, O, O, O, O, O, O, O, O, O, O, O, O, O, O, O, O, O, O, O, O, O, O, O, O, O, O, O, O, O, O, O, O, O, O, O, O, O, O, O, O, O, O, O, O, O, O, O, O, O, B-PER, O, O, O, O, O, O, O, O, O, O, O, O, B-PER, O, O, O, O, O, O, O, O]",""" Obligations "" are Borrower ' s obligation to pay when due any debts , principal , interest , Lenders ' Expenses , the Final Payment and other amounts Borrower owes Agent and / or Lenders now or later , whether under this Agreement , the Loan Documents , or otherwise , including , without limitation , all obligations relating to letters of credit ( including reimbursement obligations for drawn and undrawn letters of credit ), cash management services , and foreign exchange contracts , if any , and including interest accruing after Insolvency Proceedings begin and debts , liabilities , or obligations of Borrower assigned to Agent and / or Lenders , and the performance of Borrower ' s duties under the Loan Documents ."
"In the sentences extracted from financial agreements in U.S. SEC filings, identify the named entities that represent a person ('PER'), an organization ('ORG'), or a location ('LOC'). The required answer format is: 'entity name, entity type'.
Text: Notwithstanding the foregoing , the term "" Obligations "" shall not include any of Borrower ' s obligations under any Warrant issued to Lenders .
Answer:","Borrower, PER","[O, O, O, O, O, O, O, O, O, O, O, O, O, O, B-PER, O, O, O, O, O, O, O, O, O, O]","Notwithstanding the foregoing , the term "" Obligations "" shall not include any of Borrower ' s obligations under any Warrant issued to Lenders ."
"In the sentences extracted from financial agreements in U.S. SEC filings, identify the named entities that represent a person ('PER'), an organization ('ORG'), or a location ('LOC'). The required answer format is: 'entity name, entity type'.
Text: "" Permitted Indebtedness "" is : ( a ) Borrower ' s Indebtedness to Lenders under this Agreement and the other Loan Documents ; ( b ) Indebtedness existing on the Effective Date and shown on the Perfection Certificate ; ( c ) Subordinated Debt ; ( d ) unsecured Indebtedness to trade creditors and with respect to surety bonds and similar obligations incurred in the ordinary course of business ; ( e ) Indebtedness incurred as a result of endorsing negotiable instruments received in the ordinary course of business ; ( f ) Indebtedness secured by Permitted Liens ; ( g ) Inter - company Indebtedness that otherwise constitutes an Investment allowed under clause ( a ) and ( f ) of Permitted Investments ; ( h ) other Indebtedness in an aggregate amount not to exceed Fifty Thousand Dollars ($ 50 , 000 ) in the aggregate in any fiscal year ; and ( i ) extensions , refinancings , modifications , amendments and restatements of any items of Permitted Indebtedness ( a ) through ( h ) above , provided that the principal amount thereof is not increased or the terms thereof are not modified to impose more burdensome terms upon Borrower or its Subsidiary , as the case may be .
Answer:","Borrower, PER
Borrower, PER","[O, O, O, O, O, O, O, O, O, B-PER, O, O, O, O, O, O, O, O, O, O, O, O, O, O, O, O, O, O, O, O, O, O, O, O, O, O, O, O, O, O, O, O, O, O, O, O, O, O, O, O, O, O, O, O, O, O, O, O, O, O, O, O, O, O, O, O, O, O, O, O, O, O, O, O, O, O, O, O, O, O, O, O, O, O, O, O, O, O, O, O, O, O, O, O, O, O, O, O, O, O, O, O, O, O, O, O, O, O, O, O, O, O, O, O, O, O, O, O, O, O, O, O, O, O, O, O, O, O, O, O, O, O, O, O, O, O, O, O, O, O, O, O, O, O, O, O, O, O, O, O, O, O, O, O, O, O, O, O, O, O, O, O, O, O, O, O, O, O, O, O, O, O, O, O, O, O, O, O, O, O, O, O, O, O, O, O, O, O, O, O, O, O, O, O, O, O, O, O, O, O, O, O, O, O, B-PER, O, O, O, O, O, O, O, O, O, O]",""" Permitted Indebtedness "" is : ( a ) Borrower ' s Indebtedness to Lenders under this Agreement and the other Loan Documents ; ( b ) Indebtedness existing on the Effective Date and shown on the Perfection Certificate ; ( c ) Subordinated Debt ; ( d ) unsecured Indebtedness to trade creditors and with respect to surety bonds and similar obligations incurred in the ordinary course of business ; ( e ) Indebtedness incurred as a result of endorsing negotiable instruments received in the ordinary course of business ; ( f ) Indebtedness secured by Permitted Liens ; ( g ) Inter - company Indebtedness that otherwise constitutes an Investment allowed under clause ( a ) and ( f ) of Permitted Investments ; ( h ) other Indebtedness in an aggregate amount not to exceed Fifty Thousand Dollars ($ 50 , 000 ) in the aggregate in any fiscal year ; and ( i ) extensions , refinancings , modifications , amendments and restatements of any items of Permitted Indebtedness ( a ) through ( h ) above , provided that the principal amount thereof is not increased or the terms thereof are not modified to impose more burdensome terms upon Borrower or its Subsidiary , as the case may be ."
"In the sentences extracted from financial agreements in U.S. SEC filings, identify the named entities that represent a person ('PER'), an organization ('ORG'), or a location ('LOC'). The required answer format is: 'entity name, entity type'.
Text: "" Permitted Investments "" are : ( a ) Investments shown on the Perfection Certificate and existing on the Effective Date ( b ) Cash Equivalents and ( ii ) any Investments permitted by Borrower ' s investment policy , as amended from time to time , provided that such investment policy ( and any such amendment thereto ) has been approved by Agent ; ( c ) Investments consisting of the endorsement of negotiable instruments for deposit or collection or similar transactions in the ordinary course of Borrower ;
Answer:","Borrower, PER
Borrower, PER","[O, O, O, O, O, O, O, O, O, O, O, O, O, O, O, O, O, O, O, O, O, O, O, O, O, O, O, O, O, O, O, O, O, O, B-PER, O, O, O, O, O, O, O, O, O, O, O, O, O, O, O, O, O, O, O, O, O, O, O, O, O, O, O, O, O, O, O, O, O, O, O, O, O, O, O, O, O, O, O, O, O, O, O, O, O, O, O, O, O, B-PER, O]",""" Permitted Investments "" are : ( a ) Investments shown on the Perfection Certificate and existing on the Effective Date ( b ) Cash Equivalents and ( ii ) any Investments permitted by Borrower ' s investment policy , as amended from time to time , provided that such investment policy ( and any such amendment thereto ) has been approved by Agent ; ( c ) Investments consisting of the endorsement of negotiable instruments for deposit or collection or similar transactions in the ordinary course of Borrower ;"
"In the sentences extracted from financial agreements in U.S. SEC filings, identify the named entities that represent a person ('PER'), an organization ('ORG'), or a location ('LOC'). The required answer format is: 'entity name, entity type'.
Text: - 19 - ( d ) Investments consisting of Borrower ' s deposit accounts in which Agent has a first perfected security interest and Investments consisting of Subsidiaries ' deposit accounts ; ( e ) Investments accepted in connection with Transfers permitted by Section 7 . 1 ; ( f ) Investments of Subsidiaries in or to other Subsidiaries or Borrower and Investments by Borrower in Subsidiaries not to exceed Two Hundred Fifty Thousand Dollars ($ 250 , 000 ) in the aggregate in any fiscal year ; ( g ) Investments consisting of ( i ) travel advances and employee relocation loans and other employee loans and advances in the ordinary course of business , and ( ii ) loans to employees , officers or directors relating to the purchase of equity securities of Borrower or its Subsidiaries pursuant to employee stock purchase plans or agreements approved by Borrower ' s Board ; ( h ) Investments ( including debt obligations ) received in connection with the bankruptcy or reorganization of customers or suppliers and in settlement of delinquent obligations of , and other disputes with , customers or suppliers arising in the ordinary course of business ; ( i ) Investments consisting of notes receivable of , or prepaid royalties and other credit extensions , to customers and suppliers who are not Affiliates , in the ordinary course of business ; provided that this paragraph ( i ) shall not apply to Investments of Borrower in any Subsidiary ; ( j ) joint ventures or strategic alliances in the ordinary course of Borrower ' s business consisting of the non - exclusive licensing of technology , the development of technology or the providing of technical support , provided that any cash investments by Borrower do not exceed Two Hundred Fifty Thousand Dollars ($ 250 , 000 ) in the aggregate in any fiscal year ; and ( k ) other Investments in an aggregate amount no to exceed Fifty Thousand Dollars ($ 50 , 000 ) in the aggregate in any fiscal year .
Answer:","Borrower, PER
Borrower, PER
Borrower, PER
Borrower, PER
Borrower, PER
Borrower, PER
Borrower, PER
Borrower, PER","[O, O, O, O, O, O, O, O, O, B-PER, O, O, O, O, O, O, O, O, O, O, O, O, O, O, O, O, O, O, O, O, O, O, O, O, O, O, O, O, O, O, O, O, O, O, O, O, O, O, O, O, O, O, O, O, O, O, O, O, O, O, B-PER, O, O, O, B-PER, O, O, O, O, O, O, O, O, O, O, O, O, O, O, O, O, O, O, O, O, O, O, O, O, O, O, O, O, O, O, O, O, O, O, O, O, O, O, O, O, O, O, O, O, O, O, O, O, O, O, O, O, O, O, O, O, O, O, O, O, O, O, O, O, O, O, O, O, O, O, B-PER, O, O, O, O, O, O, O, O, O, O, O, O, O, B-PER, O, O, O, O, O, O, O, O, O, O, O, O, O, O, O, O, O, O, O, O, O, O, O, O, O, O, O, O, O, O, O, O, O, O, O, O, O, O, O, O, O, O, O, O, O, O, O, O, O, O, O, O, O, O, O, O, O, O, O, O, O, O, O, O, O, O, O, O, O, O, O, O, O, O, O, O, O, O, O, O, O, O, O, O, O, O, O, O, O, O, O, O, O, O, O, O, B-PER, O, O, O, O, O, O, O, O, O, O, O, O, O, O, O, O, O, B-PER, O, O, O, O, O, O, O, O, O, O, O, O, O, O, O, O, O, O, O, O, O, O, O, O, O, O, O, O, O, O, B-PER, O, O, O, O, O, O, O, O, O, O, O, O, O, O, O, O, O, O, O, O, O, O, O, O, O, O, O, O, O, O, O, O, O, O, O, O, O, O, O, O, O, O, O, O, O, O, O, O, O, O]","- 19 - ( d ) Investments consisting of Borrower ' s deposit accounts in which Agent has a first perfected security interest and Investments consisting of Subsidiaries ' deposit accounts ; ( e ) Investments accepted in connection with Transfers permitted by Section 7 . 1 ; ( f ) Investments of Subsidiaries in or to other Subsidiaries or Borrower and Investments by Borrower in Subsidiaries not to exceed Two Hundred Fifty Thousand Dollars ($ 250 , 000 ) in the aggregate in any fiscal year ; ( g ) Investments consisting of ( i ) travel advances and employee relocation loans and other employee loans and advances in the ordinary course of business , and ( ii ) loans to employees , officers or directors relating to the purchase of equity securities of Borrower or its Subsidiaries pursuant to employee stock purchase plans or agreements approved by Borrower ' s Board ; ( h ) Investments ( including debt obligations ) received in connection with the bankruptcy or reorganization of customers or suppliers and in settlement of delinquent obligations of , and other disputes with , customers or suppliers arising in the ordinary course of business ; ( i ) Investments consisting of notes receivable of , or prepaid royalties and other credit extensions , to customers and suppliers who are not Affiliates , in the ordinary course of business ; provided that this paragraph ( i ) shall not apply to Investments of Borrower in any Subsidiary ; ( j ) joint ventures or strategic alliances in the ordinary course of Borrower ' s business consisting of the non - exclusive licensing of technology , the development of technology or the providing of technical support , provided that any cash investments by Borrower do not exceed Two Hundred Fifty Thousand Dollars ($ 250 , 000 ) in the aggregate in any fiscal year ; and ( k ) other Investments in an aggregate amount no to exceed Fifty Thousand Dollars ($ 50 , 000 ) in the aggregate in any fiscal year ."
"In the sentences extracted from financial agreements in U.S. SEC filings, identify the named entities that represent a person ('PER'), an organization ('ORG'), or a location ('LOC'). The required answer format is: 'entity name, entity type'.
Text: "" Permitted Liens "" are : ( a ) Liens existing on the Effective Date and shown on the Perfection Certificate or arising under this Agreement and the other Loan Documents ; ( b ) Liens for taxes , fees , assessments or other government charges or levies , either not delinquent or being contested in good faith and for which Borrower maintains adequate reserves on its Books , if they have no priority over any of Lenders ; Liens ; ( c ) purchase money Liens ( i ) on Equipment acquired or held by Borrower incurred for financing the acquisition or lease of Equipment securing no more than Two Hundred Fifty Thousand Dollars ($ 250 , 000 . 00 ) in the aggregate amount outstanding , or ( ii ) existing on Equipment when acquired , if the Lien is confined to the property and improvements and the proceeds of the Equipment ; ( d ) statutory Liens securing claims or demands of materialmen , mechanics , carriers , warehousemen , landlords and other Persons imposed without action of such parties , provided , they have no priority over any of Lenders ' Lien and the aggregate amount of such Liens does not at any time exceed Fifty Thousand Dollars ($ 50 , 000 ); ( e ) Liens to secure payment of workers ' compensation , employment insurance , old - age pensions , social security and other like obligations incurred in the ordinary course of business , provided , they have no priority over any of Lenders ' Liens and the aggregate amount of the Indebtedness secured by such Liens does not at any time exceed Fifty Thousand Dollars ($ 50 , 000 ); ( f ) Liens incurred in the extension , renewal or refinancing of the indebtedness secured by Liens described in ( a ) through ( e ), but any extension , renewal or replacement Lien must be limited to the property encumbered by the existing Lien and the principal amount of the indebtedness may not increase ; ( g ) leases or subleases of real property granted in the ordinary course of business , and leases , subleases , non - exclusive licenses or sublicenses of property ( other than real property or intellectual property ) granted in the ordinary course of Borrower ' s business , if the leases , subleases , licenses and sublicenses do not prohibit granting Lenders a security interest ;
Answer:","Borrower, PER
Borrower, PER
Borrower, PER","[O, O, O, O, O, O, O, O, O, O, O, O, O, O, O, O, O, O, O, O, O, O, O, O, O, O, O, O, O, O, O, O, O, O, O, O, O, O, O, O, O, O, O, O, O, O, O, O, O, O, O, O, O, O, O, O, O, O, O, O, O, B-PER, O, O, O, O, O, O, O, O, O, O, O, O, O, O, O, O, O, O, O, O, O, O, O, O, O, O, O, O, O, O, O, O, O, O, B-PER, O, O, O, O, O, O, O, O, O, O, O, O, O, O, O, O, O, O, O, O, O, O, O, O, O, O, O, O, O, O, O, O, O, O, O, O, O, O, O, O, O, O, O, O, O, O, O, O, O, O, O, O, O, O, O, O, O, O, O, O, O, O, O, O, O, O, O, O, O, O, O, O, O, O, O, O, O, O, O, O, O, O, O, O, O, O, O, O, O, O, O, O, O, O, O, O, O, O, O, O, O, O, O, O, O, O, O, O, O, O, O, O, O, O, O, O, O, O, O, O, O, O, O, O, O, O, O, O, O, O, O, O, O, O, O, O, O, O, O, O, O, O, O, O, O, O, O, O, O, O, O, O, O, O, O, O, O, O, O, O, O, O, O, O, O, O, O, O, O, O, O, O, O, O, O, O, O, O, O, O, O, O, O, O, O, O, O, O, O, O, O, O, O, O, O, O, O, O, O, O, O, O, O, O, O, O, O, O, O, O, O, O, O, O, O, O, O, O, O, O, O, O, O, O, O, O, O, O, O, O, O, O, O, O, O, O, O, O, O, O, O, O, O, O, O, O, O, O, O, O, O, O, O, O, O, O, O, O, O, O, O, O, O, O, O, O, O, O, O, O, O, O, O, O, O, O, O, O, O, O, O, O, O, O, O, O, O, O, O, O, O, O, O, B-PER, O, O, O, O, O, O, O, O, O, O, O, O, O, O, O, O, O, O, O, O, O, O]",""" Permitted Liens "" are : ( a ) Liens existing on the Effective Date and shown on the Perfection Certificate or arising under this Agreement and the other Loan Documents ; ( b ) Liens for taxes , fees , assessments or other government charges or levies , either not delinquent or being contested in good faith and for which Borrower maintains adequate reserves on its Books , if they have no priority over any of Lenders ; Liens ; ( c ) purchase money Liens ( i ) on Equipment acquired or held by Borrower incurred for financing the acquisition or lease of Equipment securing no more than Two Hundred Fifty Thousand Dollars ($ 250 , 000 . 00 ) in the aggregate amount outstanding , or ( ii ) existing on Equipment when acquired , if the Lien is confined to the property and improvements and the proceeds of the Equipment ; ( d ) statutory Liens securing claims or demands of materialmen , mechanics , carriers , warehousemen , landlords and other Persons imposed without action of such parties , provided , they have no priority over any of Lenders ' Lien and the aggregate amount of such Liens does not at any time exceed Fifty Thousand Dollars ($ 50 , 000 ); ( e ) Liens to secure payment of workers ' compensation , employment insurance , old - age pensions , social security and other like obligations incurred in the ordinary course of business , provided , they have no priority over any of Lenders ' Liens and the aggregate amount of the Indebtedness secured by such Liens does not at any time exceed Fifty Thousand Dollars ($ 50 , 000 ); ( f ) Liens incurred in the extension , renewal or refinancing of the indebtedness secured by Liens described in ( a ) through ( e ), but any extension , renewal or replacement Lien must be limited to the property encumbered by the existing Lien and the principal amount of the indebtedness may not increase ; ( g ) leases or subleases of real property granted in the ordinary course of business , and leases , subleases , non - exclusive licenses or sublicenses of property ( other than real property or intellectual property ) granted in the ordinary course of Borrower ' s business , if the leases , subleases , licenses and sublicenses do not prohibit granting Lenders a security interest ;"
"In the sentences extracted from financial agreements in U.S. SEC filings, identify the named entities that represent a person ('PER'), an organization ('ORG'), or a location ('LOC'). The required answer format is: 'entity name, entity type'.
Text: - 20 - ( h ) non - exclusive license of intellectual property granted to third parties in the ordinary course of business ; ( i ) Liens arising from judgments , decrees or attachments in circumstances not constituting an Event of Default under Section 8 . 4 or 8 . 7 ; ( j ) Liens in favor of other financial institutions arising in connection with Borrower ' s deposit and / or securities accounts held at such institutions , provided that Lenders have a perfected security interest in the amounts held in such deposit and / or securities accounts ; and ( k ) Liens in favor of other financial institutions arising in connection with Borrower ' s Subsidiaries ' deposit and / or securities accounts held at such institutions .
Answer:","Borrower, PER
Borrower, PER","[O, O, O, O, O, O, O, O, O, O, O, O, O, O, O, O, O, O, O, O, O, O, O, O, O, O, O, O, O, O, O, O, O, O, O, O, O, O, O, O, O, O, O, O, O, O, O, O, O, O, O, O, O, O, O, O, O, O, O, O, O, O, O, O, O, O, O, B-PER, O, O, O, O, O, O, O, O, O, O, O, O, O, O, O, O, O, O, O, O, O, O, O, O, O, O, O, O, O, O, O, O, O, O, O, O, O, O, O, O, O, O, O, O, O, O, O, O, O, B-PER, O, O, O, O, O, O, O, O, O, O, O, O, O, O, O]","- 20 - ( h ) non - exclusive license of intellectual property granted to third parties in the ordinary course of business ; ( i ) Liens arising from judgments , decrees or attachments in circumstances not constituting an Event of Default under Section 8 . 4 or 8 . 7 ; ( j ) Liens in favor of other financial institutions arising in connection with Borrower ' s deposit and / or securities accounts held at such institutions , provided that Lenders have a perfected security interest in the amounts held in such deposit and / or securities accounts ; and ( k ) Liens in favor of other financial institutions arising in connection with Borrower ' s Subsidiaries ' deposit and / or securities accounts held at such institutions ."
"In the sentences extracted from financial agreements in U.S. SEC filings, identify the named entities that represent a person ('PER'), an organization ('ORG'), or a location ('LOC'). The required answer format is: 'entity name, entity type'.
Text: "" Registered Organization "" is any "" registered organization "" as defined in the Code with such additions to such term as may hereafter be made "" Responsible Officer "" is any of the Chief Executive Officer , President , Chief Financial Officer , and Controller of Borrower .
Answer:","Borrower, PER","[O, O, O, O, O, O, O, O, O, O, O, O, O, O, O, O, O, O, O, O, O, O, O, O, O, O, O, O, O, O, O, O, O, O, O, O, O, O, O, O, O, O, O, O, O, O, O, B-PER, O]",""" Registered Organization "" is any "" registered organization "" as defined in the Code with such additions to such term as may hereafter be made "" Responsible Officer "" is any of the Chief Executive Officer , President , Chief Financial Officer , and Controller of Borrower ."
"In the sentences extracted from financial agreements in U.S. SEC filings, identify the named entities that represent a person ('PER'), an organization ('ORG'), or a location ('LOC'). The required answer format is: 'entity name, entity type'.
Text: "" Subordinated Debt "" is indebtedness incurred by Borrower subordinated to all of Borrower ' s now or hereafter indebtedness to Agent and Lenders ( pursuant to a subordination , intercreditor , or other similar agreement in form and substance satisfactory to Agent and Lenders entered into among Agent , Lenders and the other creditor ), on terms acceptable to Agent and Lenders .
Answer:","Borrower, PER
Borrower, PER","[O, O, O, O, O, O, O, O, B-PER, O, O, O, O, B-PER, O, O, O, O, O, O, O, O, O, O, O, O, O, O, O, O, O, O, O, O, O, O, O, O, O, O, O, O, O, O, O, O, O, O, O, O, O, O, O, O, O, O, O, O, O, O, O, O, O, O]",""" Subordinated Debt "" is indebtedness incurred by Borrower subordinated to all of Borrower ' s now or hereafter indebtedness to Agent and Lenders ( pursuant to a subordination , intercreditor , or other similar agreement in form and substance satisfactory to Agent and Lenders entered into among Agent , Lenders and the other creditor ), on terms acceptable to Agent and Lenders ."
"In the sentences extracted from financial agreements in U.S. SEC filings, identify the named entities that represent a person ('PER'), an organization ('ORG'), or a location ('LOC'). The required answer format is: 'entity name, entity type'.
Text: "" Warrant "" is , collectively , ( a ) that certain Warrant to Purchase Stock dated as of the Effective Date executed by Borrower in favor of SVB , and ( b ) that certain Warrant to Purchase Stock dated as of the Effective Date executed by Borrower in favor of Gold Hill .
Answer:","Borrower, PER
Borrower, PER
Gold Hill, LOC","[O, O, O, O, O, O, O, O, O, O, O, O, O, O, O, O, O, O, O, O, O, O, O, O, B-PER, O, O, O, O, O, O, O, O, O, O, O, O, O, O, O, O, O, O, O, O, O, O, O, B-PER, O, O, O, B-LOC, I-LOC, O]",""" Warrant "" is , collectively , ( a ) that certain Warrant to Purchase Stock dated as of the Effective Date executed by Borrower in favor of SVB , and ( b ) that certain Warrant to Purchase Stock dated as of the Effective Date executed by Borrower in favor of Gold Hill ."
