id,query,answer,choices,gold,text
0,"Assess the creditworthiness of a customer using the following table attributes for financial status. Respond with either 'good' or 'bad'. And all the table attribute names including 8 categorical attributes and 6 numerical attributes and values have been changed to meaningless symbols to protect confidentiality of the data. For instance, 'The client has attributes: A1: 0, A2: 21.67, A3: 11.5, A4: 1, A5: 5, A6: 3, A7: 0, A8: 1, A9: 1, A10: 11, A11: 1, A12: 2, A13: 0, A14: 1.', should be classified as 'good'. 
 Text: The client has attributes: A1: 1.0, A2: 23.75, A3: 0.415, A4: 1.0, A5: 8.0, A6: 4.0, A7: 0.04, A8: 0.0, A9: 1.0, A10: 2.0, A11: 0.0, A12: 2.0, A13: 128.0, A14: 7.0. 
",bad,"[good, bad]",1,"The client has attributes: A1: 1.0, A2: 23.75, A3: 0.415, A4: 1.0, A5: 8.0, A6: 4.0, A7: 0.04, A8: 0.0, A9: 1.0, A10: 2.0, A11: 0.0, A12: 2.0, A13: 128.0, A14: 7.0."
1,"Assess the creditworthiness of a customer using the following table attributes for financial status. Respond with either 'good' or 'bad'. And all the table attribute names including 8 categorical attributes and 6 numerical attributes and values have been changed to meaningless symbols to protect confidentiality of the data. For instance, 'The client has attributes: A1: 0, A2: 21.67, A3: 11.5, A4: 1, A5: 5, A6: 3, A7: 0, A8: 1, A9: 1, A10: 11, A11: 1, A12: 2, A13: 0, A14: 1.', should be classified as 'good'. 
 Text: The client has attributes: A1: 0.0, A2: 58.42, A3: 21.0, A4: 2.0, A5: 3.0, A6: 5.0, A7: 10.0, A8: 1.0, A9: 1.0, A10: 13.0, A11: 0.0, A12: 2.0, A13: 0.0, A14: 6701.0. 
",good,"[good, bad]",0,"The client has attributes: A1: 0.0, A2: 58.42, A3: 21.0, A4: 2.0, A5: 3.0, A6: 5.0, A7: 10.0, A8: 1.0, A9: 1.0, A10: 13.0, A11: 0.0, A12: 2.0, A13: 0.0, A14: 6701.0."
2,"Assess the creditworthiness of a customer using the following table attributes for financial status. Respond with either 'good' or 'bad'. And all the table attribute names including 8 categorical attributes and 6 numerical attributes and values have been changed to meaningless symbols to protect confidentiality of the data. For instance, 'The client has attributes: A1: 0, A2: 21.67, A3: 11.5, A4: 1, A5: 5, A6: 3, A7: 0, A8: 1, A9: 1, A10: 11, A11: 1, A12: 2, A13: 0, A14: 1.', should be classified as 'good'. 
 Text: The client has attributes: A1: 1.0, A2: 32.75, A3: 1.5, A4: 2.0, A5: 13.0, A6: 8.0, A7: 5.5, A8: 1.0, A9: 1.0, A10: 3.0, A11: 1.0, A12: 2.0, A13: 0.0, A14: 1.0. 
",good,"[good, bad]",0,"The client has attributes: A1: 1.0, A2: 32.75, A3: 1.5, A4: 2.0, A5: 13.0, A6: 8.0, A7: 5.5, A8: 1.0, A9: 1.0, A10: 3.0, A11: 1.0, A12: 2.0, A13: 0.0, A14: 1.0."
3,"Assess the creditworthiness of a customer using the following table attributes for financial status. Respond with either 'good' or 'bad'. And all the table attribute names including 8 categorical attributes and 6 numerical attributes and values have been changed to meaningless symbols to protect confidentiality of the data. For instance, 'The client has attributes: A1: 0, A2: 21.67, A3: 11.5, A4: 1, A5: 5, A6: 3, A7: 0, A8: 1, A9: 1, A10: 11, A11: 1, A12: 2, A13: 0, A14: 1.', should be classified as 'good'. 
 Text: The client has attributes: A1: 1.0, A2: 40.92, A3: 0.5, A4: 1.0, A5: 7.0, A6: 4.0, A7: 0.5, A8: 0.0, A9: 0.0, A10: 0.0, A11: 1.0, A12: 2.0, A13: 130.0, A14: 1.0. 
",bad,"[good, bad]",1,"The client has attributes: A1: 1.0, A2: 40.92, A3: 0.5, A4: 1.0, A5: 7.0, A6: 4.0, A7: 0.5, A8: 0.0, A9: 0.0, A10: 0.0, A11: 1.0, A12: 2.0, A13: 130.0, A14: 1.0."
4,"Assess the creditworthiness of a customer using the following table attributes for financial status. Respond with either 'good' or 'bad'. And all the table attribute names including 8 categorical attributes and 6 numerical attributes and values have been changed to meaningless symbols to protect confidentiality of the data. For instance, 'The client has attributes: A1: 0, A2: 21.67, A3: 11.5, A4: 1, A5: 5, A6: 3, A7: 0, A8: 1, A9: 1, A10: 11, A11: 1, A12: 2, A13: 0, A14: 1.', should be classified as 'good'. 
 Text: The client has attributes: A1: 1.0, A2: 23.25, A3: 4.0, A4: 2.0, A5: 8.0, A6: 5.0, A7: 0.25, A8: 1.0, A9: 0.0, A10: 0.0, A11: 1.0, A12: 2.0, A13: 160.0, A14: 1.0. 
",good,"[good, bad]",0,"The client has attributes: A1: 1.0, A2: 23.25, A3: 4.0, A4: 2.0, A5: 8.0, A6: 5.0, A7: 0.25, A8: 1.0, A9: 0.0, A10: 0.0, A11: 1.0, A12: 2.0, A13: 160.0, A14: 1.0."
5,"Assess the creditworthiness of a customer using the following table attributes for financial status. Respond with either 'good' or 'bad'. And all the table attribute names including 8 categorical attributes and 6 numerical attributes and values have been changed to meaningless symbols to protect confidentiality of the data. For instance, 'The client has attributes: A1: 0, A2: 21.67, A3: 11.5, A4: 1, A5: 5, A6: 3, A7: 0, A8: 1, A9: 1, A10: 11, A11: 1, A12: 2, A13: 0, A14: 1.', should be classified as 'good'. 
 Text: The client has attributes: A1: 0.0, A2: 28.75, A3: 3.75, A4: 2.0, A5: 8.0, A6: 4.0, A7: 1.085, A8: 1.0, A9: 1.0, A10: 1.0, A11: 1.0, A12: 2.0, A13: 371.0, A14: 1.0. 
",good,"[good, bad]",0,"The client has attributes: A1: 0.0, A2: 28.75, A3: 3.75, A4: 2.0, A5: 8.0, A6: 4.0, A7: 1.085, A8: 1.0, A9: 1.0, A10: 1.0, A11: 1.0, A12: 2.0, A13: 371.0, A14: 1.0."
6,"Assess the creditworthiness of a customer using the following table attributes for financial status. Respond with either 'good' or 'bad'. And all the table attribute names including 8 categorical attributes and 6 numerical attributes and values have been changed to meaningless symbols to protect confidentiality of the data. For instance, 'The client has attributes: A1: 0, A2: 21.67, A3: 11.5, A4: 1, A5: 5, A6: 3, A7: 0, A8: 1, A9: 1, A10: 11, A11: 1, A12: 2, A13: 0, A14: 1.', should be classified as 'good'. 
 Text: The client has attributes: A1: 0.0, A2: 27.42, A3: 14.5, A4: 2.0, A5: 14.0, A6: 8.0, A7: 3.085, A8: 1.0, A9: 1.0, A10: 1.0, A11: 0.0, A12: 2.0, A13: 120.0, A14: 12.0. 
",good,"[good, bad]",0,"The client has attributes: A1: 0.0, A2: 27.42, A3: 14.5, A4: 2.0, A5: 14.0, A6: 8.0, A7: 3.085, A8: 1.0, A9: 1.0, A10: 1.0, A11: 0.0, A12: 2.0, A13: 120.0, A14: 12.0."
7,"Assess the creditworthiness of a customer using the following table attributes for financial status. Respond with either 'good' or 'bad'. And all the table attribute names including 8 categorical attributes and 6 numerical attributes and values have been changed to meaningless symbols to protect confidentiality of the data. For instance, 'The client has attributes: A1: 0, A2: 21.67, A3: 11.5, A4: 1, A5: 5, A6: 3, A7: 0, A8: 1, A9: 1, A10: 11, A11: 1, A12: 2, A13: 0, A14: 1.', should be classified as 'good'. 
 Text: The client has attributes: A1: 1.0, A2: 31.67, A3: 0.83, A4: 2.0, A5: 14.0, A6: 4.0, A7: 1.335, A8: 1.0, A9: 1.0, A10: 8.0, A11: 1.0, A12: 2.0, A13: 303.0, A14: 3291.0. 
",good,"[good, bad]",0,"The client has attributes: A1: 1.0, A2: 31.67, A3: 0.83, A4: 2.0, A5: 14.0, A6: 4.0, A7: 1.335, A8: 1.0, A9: 1.0, A10: 8.0, A11: 1.0, A12: 2.0, A13: 303.0, A14: 3291.0."
8,"Assess the creditworthiness of a customer using the following table attributes for financial status. Respond with either 'good' or 'bad'. And all the table attribute names including 8 categorical attributes and 6 numerical attributes and values have been changed to meaningless symbols to protect confidentiality of the data. For instance, 'The client has attributes: A1: 0, A2: 21.67, A3: 11.5, A4: 1, A5: 5, A6: 3, A7: 0, A8: 1, A9: 1, A10: 11, A11: 1, A12: 2, A13: 0, A14: 1.', should be classified as 'good'. 
 Text: The client has attributes: A1: 1.0, A2: 20.25, A3: 9.96, A4: 2.0, A5: 10.0, A6: 2.0, A7: 0.0, A8: 1.0, A9: 0.0, A10: 0.0, A11: 0.0, A12: 2.0, A13: 0.0, A14: 1.0. 
",good,"[good, bad]",0,"The client has attributes: A1: 1.0, A2: 20.25, A3: 9.96, A4: 2.0, A5: 10.0, A6: 2.0, A7: 0.0, A8: 1.0, A9: 0.0, A10: 0.0, A11: 0.0, A12: 2.0, A13: 0.0, A14: 1.0."
9,"Assess the creditworthiness of a customer using the following table attributes for financial status. Respond with either 'good' or 'bad'. And all the table attribute names including 8 categorical attributes and 6 numerical attributes and values have been changed to meaningless symbols to protect confidentiality of the data. For instance, 'The client has attributes: A1: 0, A2: 21.67, A3: 11.5, A4: 1, A5: 5, A6: 3, A7: 0, A8: 1, A9: 1, A10: 11, A11: 1, A12: 2, A13: 0, A14: 1.', should be classified as 'good'. 
 Text: The client has attributes: A1: 0.0, A2: 71.58, A3: 0.0, A4: 2.0, A5: 8.0, A6: 4.0, A7: 0.0, A8: 0.0, A9: 0.0, A10: 0.0, A11: 0.0, A12: 3.0, A13: 184.0, A14: 1.0. 
",good,"[good, bad]",0,"The client has attributes: A1: 0.0, A2: 71.58, A3: 0.0, A4: 2.0, A5: 8.0, A6: 4.0, A7: 0.0, A8: 0.0, A9: 0.0, A10: 0.0, A11: 0.0, A12: 3.0, A13: 184.0, A14: 1.0."
10,"Assess the creditworthiness of a customer using the following table attributes for financial status. Respond with either 'good' or 'bad'. And all the table attribute names including 8 categorical attributes and 6 numerical attributes and values have been changed to meaningless symbols to protect confidentiality of the data. For instance, 'The client has attributes: A1: 0, A2: 21.67, A3: 11.5, A4: 1, A5: 5, A6: 3, A7: 0, A8: 1, A9: 1, A10: 11, A11: 1, A12: 2, A13: 0, A14: 1.', should be classified as 'good'. 
 Text: The client has attributes: A1: 1.0, A2: 32.67, A3: 9.0, A4: 1.0, A5: 9.0, A6: 8.0, A7: 5.25, A8: 1.0, A9: 0.0, A10: 0.0, A11: 1.0, A12: 2.0, A13: 154.0, A14: 1.0. 
",good,"[good, bad]",0,"The client has attributes: A1: 1.0, A2: 32.67, A3: 9.0, A4: 1.0, A5: 9.0, A6: 8.0, A7: 5.25, A8: 1.0, A9: 0.0, A10: 0.0, A11: 1.0, A12: 2.0, A13: 154.0, A14: 1.0."
11,"Assess the creditworthiness of a customer using the following table attributes for financial status. Respond with either 'good' or 'bad'. And all the table attribute names including 8 categorical attributes and 6 numerical attributes and values have been changed to meaningless symbols to protect confidentiality of the data. For instance, 'The client has attributes: A1: 0, A2: 21.67, A3: 11.5, A4: 1, A5: 5, A6: 3, A7: 0, A8: 1, A9: 1, A10: 11, A11: 1, A12: 2, A13: 0, A14: 1.', should be classified as 'good'. 
 Text: The client has attributes: A1: 0.0, A2: 28.08, A3: 15.0, A4: 1.0, A5: 10.0, A6: 9.0, A7: 0.0, A8: 1.0, A9: 0.0, A10: 0.0, A11: 0.0, A12: 2.0, A13: 0.0, A14: 13213.0. 
",good,"[good, bad]",0,"The client has attributes: A1: 0.0, A2: 28.08, A3: 15.0, A4: 1.0, A5: 10.0, A6: 9.0, A7: 0.0, A8: 1.0, A9: 0.0, A10: 0.0, A11: 0.0, A12: 2.0, A13: 0.0, A14: 13213.0."
12,"Assess the creditworthiness of a customer using the following table attributes for financial status. Respond with either 'good' or 'bad'. And all the table attribute names including 8 categorical attributes and 6 numerical attributes and values have been changed to meaningless symbols to protect confidentiality of the data. For instance, 'The client has attributes: A1: 0, A2: 21.67, A3: 11.5, A4: 1, A5: 5, A6: 3, A7: 0, A8: 1, A9: 1, A10: 11, A11: 1, A12: 2, A13: 0, A14: 1.', should be classified as 'good'. 
 Text: The client has attributes: A1: 1.0, A2: 28.33, A3: 5.0, A4: 2.0, A5: 9.0, A6: 4.0, A7: 11.0, A8: 1.0, A9: 0.0, A10: 0.0, A11: 1.0, A12: 2.0, A13: 70.0, A14: 1.0. 
",good,"[good, bad]",0,"The client has attributes: A1: 1.0, A2: 28.33, A3: 5.0, A4: 2.0, A5: 9.0, A6: 4.0, A7: 11.0, A8: 1.0, A9: 0.0, A10: 0.0, A11: 1.0, A12: 2.0, A13: 70.0, A14: 1.0."
13,"Assess the creditworthiness of a customer using the following table attributes for financial status. Respond with either 'good' or 'bad'. And all the table attribute names including 8 categorical attributes and 6 numerical attributes and values have been changed to meaningless symbols to protect confidentiality of the data. For instance, 'The client has attributes: A1: 0, A2: 21.67, A3: 11.5, A4: 1, A5: 5, A6: 3, A7: 0, A8: 1, A9: 1, A10: 11, A11: 1, A12: 2, A13: 0, A14: 1.', should be classified as 'good'. 
 Text: The client has attributes: A1: 1.0, A2: 31.42, A3: 15.5, A4: 2.0, A5: 8.0, A6: 4.0, A7: 0.5, A8: 1.0, A9: 0.0, A10: 0.0, A11: 0.0, A12: 2.0, A13: 120.0, A14: 1.0. 
",bad,"[good, bad]",1,"The client has attributes: A1: 1.0, A2: 31.42, A3: 15.5, A4: 2.0, A5: 8.0, A6: 4.0, A7: 0.5, A8: 1.0, A9: 0.0, A10: 0.0, A11: 0.0, A12: 2.0, A13: 120.0, A14: 1.0."
14,"Assess the creditworthiness of a customer using the following table attributes for financial status. Respond with either 'good' or 'bad'. And all the table attribute names including 8 categorical attributes and 6 numerical attributes and values have been changed to meaningless symbols to protect confidentiality of the data. For instance, 'The client has attributes: A1: 0, A2: 21.67, A3: 11.5, A4: 1, A5: 5, A6: 3, A7: 0, A8: 1, A9: 1, A10: 11, A11: 1, A12: 2, A13: 0, A14: 1.', should be classified as 'good'. 
 Text: The client has attributes: A1: 1.0, A2: 31.57, A3: 0.625, A4: 2.0, A5: 4.0, A6: 4.0, A7: 0.25, A8: 0.0, A9: 0.0, A10: 0.0, A11: 0.0, A12: 2.0, A13: 380.0, A14: 2011.0. 
",bad,"[good, bad]",1,"The client has attributes: A1: 1.0, A2: 31.57, A3: 0.625, A4: 2.0, A5: 4.0, A6: 4.0, A7: 0.25, A8: 0.0, A9: 0.0, A10: 0.0, A11: 0.0, A12: 2.0, A13: 380.0, A14: 2011.0."
15,"Assess the creditworthiness of a customer using the following table attributes for financial status. Respond with either 'good' or 'bad'. And all the table attribute names including 8 categorical attributes and 6 numerical attributes and values have been changed to meaningless symbols to protect confidentiality of the data. For instance, 'The client has attributes: A1: 0, A2: 21.67, A3: 11.5, A4: 1, A5: 5, A6: 3, A7: 0, A8: 1, A9: 1, A10: 11, A11: 1, A12: 2, A13: 0, A14: 1.', should be classified as 'good'. 
 Text: The client has attributes: A1: 0.0, A2: 16.92, A3: 0.5, A4: 2.0, A5: 3.0, A6: 4.0, A7: 0.165, A8: 0.0, A9: 1.0, A10: 6.0, A11: 1.0, A12: 2.0, A13: 240.0, A14: 36.0. 
",bad,"[good, bad]",1,"The client has attributes: A1: 0.0, A2: 16.92, A3: 0.5, A4: 2.0, A5: 3.0, A6: 4.0, A7: 0.165, A8: 0.0, A9: 1.0, A10: 6.0, A11: 1.0, A12: 2.0, A13: 240.0, A14: 36.0."
16,"Assess the creditworthiness of a customer using the following table attributes for financial status. Respond with either 'good' or 'bad'. And all the table attribute names including 8 categorical attributes and 6 numerical attributes and values have been changed to meaningless symbols to protect confidentiality of the data. For instance, 'The client has attributes: A1: 0, A2: 21.67, A3: 11.5, A4: 1, A5: 5, A6: 3, A7: 0, A8: 1, A9: 1, A10: 11, A11: 1, A12: 2, A13: 0, A14: 1.', should be classified as 'good'. 
 Text: The client has attributes: A1: 1.0, A2: 23.17, A3: 11.125, A4: 2.0, A5: 14.0, A6: 8.0, A7: 0.46, A8: 1.0, A9: 1.0, A10: 1.0, A11: 0.0, A12: 2.0, A13: 100.0, A14: 1.0. 
",good,"[good, bad]",0,"The client has attributes: A1: 1.0, A2: 23.17, A3: 11.125, A4: 2.0, A5: 14.0, A6: 8.0, A7: 0.46, A8: 1.0, A9: 1.0, A10: 1.0, A11: 0.0, A12: 2.0, A13: 100.0, A14: 1.0."
17,"Assess the creditworthiness of a customer using the following table attributes for financial status. Respond with either 'good' or 'bad'. And all the table attribute names including 8 categorical attributes and 6 numerical attributes and values have been changed to meaningless symbols to protect confidentiality of the data. For instance, 'The client has attributes: A1: 0, A2: 21.67, A3: 11.5, A4: 1, A5: 5, A6: 3, A7: 0, A8: 1, A9: 1, A10: 11, A11: 1, A12: 2, A13: 0, A14: 1.', should be classified as 'good'. 
 Text: The client has attributes: A1: 0.0, A2: 31.57, A3: 3.5, A4: 2.0, A5: 2.0, A6: 4.0, A7: 3.0, A8: 1.0, A9: 0.0, A10: 0.0, A11: 1.0, A12: 2.0, A13: 300.0, A14: 1.0. 
",bad,"[good, bad]",1,"The client has attributes: A1: 0.0, A2: 31.57, A3: 3.5, A4: 2.0, A5: 2.0, A6: 4.0, A7: 3.0, A8: 1.0, A9: 0.0, A10: 0.0, A11: 1.0, A12: 2.0, A13: 300.0, A14: 1.0."
18,"Assess the creditworthiness of a customer using the following table attributes for financial status. Respond with either 'good' or 'bad'. And all the table attribute names including 8 categorical attributes and 6 numerical attributes and values have been changed to meaningless symbols to protect confidentiality of the data. For instance, 'The client has attributes: A1: 0, A2: 21.67, A3: 11.5, A4: 1, A5: 5, A6: 3, A7: 0, A8: 1, A9: 1, A10: 11, A11: 1, A12: 2, A13: 0, A14: 1.', should be classified as 'good'. 
 Text: The client has attributes: A1: 0.0, A2: 18.58, A3: 10.0, A4: 2.0, A5: 2.0, A6: 4.0, A7: 0.415, A8: 0.0, A9: 0.0, A10: 0.0, A11: 0.0, A12: 2.0, A13: 80.0, A14: 43.0. 
",bad,"[good, bad]",1,"The client has attributes: A1: 0.0, A2: 18.58, A3: 10.0, A4: 2.0, A5: 2.0, A6: 4.0, A7: 0.415, A8: 0.0, A9: 0.0, A10: 0.0, A11: 0.0, A12: 2.0, A13: 80.0, A14: 43.0."
19,"Assess the creditworthiness of a customer using the following table attributes for financial status. Respond with either 'good' or 'bad'. And all the table attribute names including 8 categorical attributes and 6 numerical attributes and values have been changed to meaningless symbols to protect confidentiality of the data. For instance, 'The client has attributes: A1: 0, A2: 21.67, A3: 11.5, A4: 1, A5: 5, A6: 3, A7: 0, A8: 1, A9: 1, A10: 11, A11: 1, A12: 2, A13: 0, A14: 1.', should be classified as 'good'. 
 Text: The client has attributes: A1: 1.0, A2: 30.08, A3: 1.04, A4: 1.0, A5: 3.0, A6: 5.0, A7: 0.5, A8: 1.0, A9: 1.0, A10: 10.0, A11: 1.0, A12: 2.0, A13: 132.0, A14: 29.0. 
",bad,"[good, bad]",1,"The client has attributes: A1: 1.0, A2: 30.08, A3: 1.04, A4: 1.0, A5: 3.0, A6: 5.0, A7: 0.5, A8: 1.0, A9: 1.0, A10: 10.0, A11: 1.0, A12: 2.0, A13: 132.0, A14: 29.0."
20,"Assess the creditworthiness of a customer using the following table attributes for financial status. Respond with either 'good' or 'bad'. And all the table attribute names including 8 categorical attributes and 6 numerical attributes and values have been changed to meaningless symbols to protect confidentiality of the data. For instance, 'The client has attributes: A1: 0, A2: 21.67, A3: 11.5, A4: 1, A5: 5, A6: 3, A7: 0, A8: 1, A9: 1, A10: 11, A11: 1, A12: 2, A13: 0, A14: 1.', should be classified as 'good'. 
 Text: The client has attributes: A1: 1.0, A2: 48.75, A3: 26.335, A4: 1.0, A5: 1.0, A6: 1.0, A7: 0.0, A8: 1.0, A9: 0.0, A10: 0.0, A11: 1.0, A12: 2.0, A13: 0.0, A14: 1.0. 
",bad,"[good, bad]",1,"The client has attributes: A1: 1.0, A2: 48.75, A3: 26.335, A4: 1.0, A5: 1.0, A6: 1.0, A7: 0.0, A8: 1.0, A9: 0.0, A10: 0.0, A11: 1.0, A12: 2.0, A13: 0.0, A14: 1.0."
21,"Assess the creditworthiness of a customer using the following table attributes for financial status. Respond with either 'good' or 'bad'. And all the table attribute names including 8 categorical attributes and 6 numerical attributes and values have been changed to meaningless symbols to protect confidentiality of the data. For instance, 'The client has attributes: A1: 0, A2: 21.67, A3: 11.5, A4: 1, A5: 5, A6: 3, A7: 0, A8: 1, A9: 1, A10: 11, A11: 1, A12: 2, A13: 0, A14: 1.', should be classified as 'good'. 
 Text: The client has attributes: A1: 1.0, A2: 27.42, A3: 12.5, A4: 2.0, A5: 6.0, A6: 5.0, A7: 0.25, A8: 0.0, A9: 0.0, A10: 0.0, A11: 1.0, A12: 2.0, A13: 720.0, A14: 1.0. 
",bad,"[good, bad]",1,"The client has attributes: A1: 1.0, A2: 27.42, A3: 12.5, A4: 2.0, A5: 6.0, A6: 5.0, A7: 0.25, A8: 0.0, A9: 0.0, A10: 0.0, A11: 1.0, A12: 2.0, A13: 720.0, A14: 1.0."
22,"Assess the creditworthiness of a customer using the following table attributes for financial status. Respond with either 'good' or 'bad'. And all the table attribute names including 8 categorical attributes and 6 numerical attributes and values have been changed to meaningless symbols to protect confidentiality of the data. For instance, 'The client has attributes: A1: 0, A2: 21.67, A3: 11.5, A4: 1, A5: 5, A6: 3, A7: 0, A8: 1, A9: 1, A10: 11, A11: 1, A12: 2, A13: 0, A14: 1.', should be classified as 'good'. 
 Text: The client has attributes: A1: 0.0, A2: 20.08, A3: 1.25, A4: 2.0, A5: 8.0, A6: 4.0, A7: 0.0, A8: 0.0, A9: 0.0, A10: 0.0, A11: 0.0, A12: 2.0, A13: 0.0, A14: 1.0. 
",bad,"[good, bad]",1,"The client has attributes: A1: 0.0, A2: 20.08, A3: 1.25, A4: 2.0, A5: 8.0, A6: 4.0, A7: 0.0, A8: 0.0, A9: 0.0, A10: 0.0, A11: 0.0, A12: 2.0, A13: 0.0, A14: 1.0."
23,"Assess the creditworthiness of a customer using the following table attributes for financial status. Respond with either 'good' or 'bad'. And all the table attribute names including 8 categorical attributes and 6 numerical attributes and values have been changed to meaningless symbols to protect confidentiality of the data. For instance, 'The client has attributes: A1: 0, A2: 21.67, A3: 11.5, A4: 1, A5: 5, A6: 3, A7: 0, A8: 1, A9: 1, A10: 11, A11: 1, A12: 2, A13: 0, A14: 1.', should be classified as 'good'. 
 Text: The client has attributes: A1: 0.0, A2: 19.17, A3: 0.585, A4: 1.0, A5: 6.0, A6: 4.0, A7: 0.585, A8: 1.0, A9: 0.0, A10: 0.0, A11: 1.0, A12: 2.0, A13: 160.0, A14: 1.0. 
",bad,"[good, bad]",1,"The client has attributes: A1: 0.0, A2: 19.17, A3: 0.585, A4: 1.0, A5: 6.0, A6: 4.0, A7: 0.585, A8: 1.0, A9: 0.0, A10: 0.0, A11: 1.0, A12: 2.0, A13: 160.0, A14: 1.0."
24,"Assess the creditworthiness of a customer using the following table attributes for financial status. Respond with either 'good' or 'bad'. And all the table attribute names including 8 categorical attributes and 6 numerical attributes and values have been changed to meaningless symbols to protect confidentiality of the data. For instance, 'The client has attributes: A1: 0, A2: 21.67, A3: 11.5, A4: 1, A5: 5, A6: 3, A7: 0, A8: 1, A9: 1, A10: 11, A11: 1, A12: 2, A13: 0, A14: 1.', should be classified as 'good'. 
 Text: The client has attributes: A1: 1.0, A2: 25.33, A3: 0.58, A4: 2.0, A5: 8.0, A6: 4.0, A7: 0.29, A8: 1.0, A9: 1.0, A10: 7.0, A11: 1.0, A12: 2.0, A13: 96.0, A14: 5125.0. 
",good,"[good, bad]",0,"The client has attributes: A1: 1.0, A2: 25.33, A3: 0.58, A4: 2.0, A5: 8.0, A6: 4.0, A7: 0.29, A8: 1.0, A9: 1.0, A10: 7.0, A11: 1.0, A12: 2.0, A13: 96.0, A14: 5125.0."
25,"Assess the creditworthiness of a customer using the following table attributes for financial status. Respond with either 'good' or 'bad'. And all the table attribute names including 8 categorical attributes and 6 numerical attributes and values have been changed to meaningless symbols to protect confidentiality of the data. For instance, 'The client has attributes: A1: 0, A2: 21.67, A3: 11.5, A4: 1, A5: 5, A6: 3, A7: 0, A8: 1, A9: 1, A10: 11, A11: 1, A12: 2, A13: 0, A14: 1.', should be classified as 'good'. 
 Text: The client has attributes: A1: 0.0, A2: 20.67, A3: 1.835, A4: 2.0, A5: 11.0, A6: 4.0, A7: 2.085, A8: 1.0, A9: 1.0, A10: 5.0, A11: 0.0, A12: 2.0, A13: 220.0, A14: 2504.0. 
",good,"[good, bad]",0,"The client has attributes: A1: 0.0, A2: 20.67, A3: 1.835, A4: 2.0, A5: 11.0, A6: 4.0, A7: 2.085, A8: 1.0, A9: 1.0, A10: 5.0, A11: 0.0, A12: 2.0, A13: 220.0, A14: 2504.0."
26,"Assess the creditworthiness of a customer using the following table attributes for financial status. Respond with either 'good' or 'bad'. And all the table attribute names including 8 categorical attributes and 6 numerical attributes and values have been changed to meaningless symbols to protect confidentiality of the data. For instance, 'The client has attributes: A1: 0, A2: 21.67, A3: 11.5, A4: 1, A5: 5, A6: 3, A7: 0, A8: 1, A9: 1, A10: 11, A11: 1, A12: 2, A13: 0, A14: 1.', should be classified as 'good'. 
 Text: The client has attributes: A1: 1.0, A2: 37.33, A3: 2.665, A4: 2.0, A5: 13.0, A6: 4.0, A7: 0.165, A8: 0.0, A9: 0.0, A10: 0.0, A11: 1.0, A12: 2.0, A13: 0.0, A14: 502.0. 
",bad,"[good, bad]",1,"The client has attributes: A1: 1.0, A2: 37.33, A3: 2.665, A4: 2.0, A5: 13.0, A6: 4.0, A7: 0.165, A8: 0.0, A9: 0.0, A10: 0.0, A11: 1.0, A12: 2.0, A13: 0.0, A14: 502.0."
27,"Assess the creditworthiness of a customer using the following table attributes for financial status. Respond with either 'good' or 'bad'. And all the table attribute names including 8 categorical attributes and 6 numerical attributes and values have been changed to meaningless symbols to protect confidentiality of the data. For instance, 'The client has attributes: A1: 0, A2: 21.67, A3: 11.5, A4: 1, A5: 5, A6: 3, A7: 0, A8: 1, A9: 1, A10: 11, A11: 1, A12: 2, A13: 0, A14: 1.', should be classified as 'good'. 
 Text: The client has attributes: A1: 1.0, A2: 20.17, A3: 5.625, A4: 2.0, A5: 9.0, A6: 4.0, A7: 1.71, A8: 1.0, A9: 0.0, A10: 0.0, A11: 0.0, A12: 1.0, A13: 120.0, A14: 1.0. 
",good,"[good, bad]",0,"The client has attributes: A1: 1.0, A2: 20.17, A3: 5.625, A4: 2.0, A5: 9.0, A6: 4.0, A7: 1.71, A8: 1.0, A9: 0.0, A10: 0.0, A11: 0.0, A12: 1.0, A13: 120.0, A14: 1.0."
28,"Assess the creditworthiness of a customer using the following table attributes for financial status. Respond with either 'good' or 'bad'. And all the table attribute names including 8 categorical attributes and 6 numerical attributes and values have been changed to meaningless symbols to protect confidentiality of the data. For instance, 'The client has attributes: A1: 0, A2: 21.67, A3: 11.5, A4: 1, A5: 5, A6: 3, A7: 0, A8: 1, A9: 1, A10: 11, A11: 1, A12: 2, A13: 0, A14: 1.', should be classified as 'good'. 
 Text: The client has attributes: A1: 1.0, A2: 32.33, A3: 2.5, A4: 2.0, A5: 8.0, A6: 4.0, A7: 1.25, A8: 0.0, A9: 0.0, A10: 0.0, A11: 1.0, A12: 2.0, A13: 280.0, A14: 1.0. 
",bad,"[good, bad]",1,"The client has attributes: A1: 1.0, A2: 32.33, A3: 2.5, A4: 2.0, A5: 8.0, A6: 4.0, A7: 1.25, A8: 0.0, A9: 0.0, A10: 0.0, A11: 1.0, A12: 2.0, A13: 280.0, A14: 1.0."
29,"Assess the creditworthiness of a customer using the following table attributes for financial status. Respond with either 'good' or 'bad'. And all the table attribute names including 8 categorical attributes and 6 numerical attributes and values have been changed to meaningless symbols to protect confidentiality of the data. For instance, 'The client has attributes: A1: 0, A2: 21.67, A3: 11.5, A4: 1, A5: 5, A6: 3, A7: 0, A8: 1, A9: 1, A10: 11, A11: 1, A12: 2, A13: 0, A14: 1.', should be classified as 'good'. 
 Text: The client has attributes: A1: 1.0, A2: 24.75, A3: 0.54, A4: 2.0, A5: 7.0, A6: 4.0, A7: 1.0, A8: 0.0, A9: 0.0, A10: 0.0, A11: 1.0, A12: 2.0, A13: 120.0, A14: 2.0. 
",bad,"[good, bad]",1,"The client has attributes: A1: 1.0, A2: 24.75, A3: 0.54, A4: 2.0, A5: 7.0, A6: 4.0, A7: 1.0, A8: 0.0, A9: 0.0, A10: 0.0, A11: 1.0, A12: 2.0, A13: 120.0, A14: 2.0."
30,"Assess the creditworthiness of a customer using the following table attributes for financial status. Respond with either 'good' or 'bad'. And all the table attribute names including 8 categorical attributes and 6 numerical attributes and values have been changed to meaningless symbols to protect confidentiality of the data. For instance, 'The client has attributes: A1: 0, A2: 21.67, A3: 11.5, A4: 1, A5: 5, A6: 3, A7: 0, A8: 1, A9: 1, A10: 11, A11: 1, A12: 2, A13: 0, A14: 1.', should be classified as 'good'. 
 Text: The client has attributes: A1: 1.0, A2: 31.25, A3: 1.125, A4: 2.0, A5: 1.0, A6: 1.0, A7: 0.0, A8: 0.0, A9: 1.0, A10: 1.0, A11: 0.0, A12: 2.0, A13: 96.0, A14: 20.0. 
",bad,"[good, bad]",1,"The client has attributes: A1: 1.0, A2: 31.25, A3: 1.125, A4: 2.0, A5: 1.0, A6: 1.0, A7: 0.0, A8: 0.0, A9: 1.0, A10: 1.0, A11: 0.0, A12: 2.0, A13: 96.0, A14: 20.0."
31,"Assess the creditworthiness of a customer using the following table attributes for financial status. Respond with either 'good' or 'bad'. And all the table attribute names including 8 categorical attributes and 6 numerical attributes and values have been changed to meaningless symbols to protect confidentiality of the data. For instance, 'The client has attributes: A1: 0, A2: 21.67, A3: 11.5, A4: 1, A5: 5, A6: 3, A7: 0, A8: 1, A9: 1, A10: 11, A11: 1, A12: 2, A13: 0, A14: 1.', should be classified as 'good'. 
 Text: The client has attributes: A1: 1.0, A2: 23.17, A3: 0.0, A4: 2.0, A5: 8.0, A6: 4.0, A7: 0.0, A8: 0.0, A9: 0.0, A10: 0.0, A11: 0.0, A12: 3.0, A13: 184.0, A14: 1.0. 
",good,"[good, bad]",0,"The client has attributes: A1: 1.0, A2: 23.17, A3: 0.0, A4: 2.0, A5: 8.0, A6: 4.0, A7: 0.0, A8: 0.0, A9: 0.0, A10: 0.0, A11: 0.0, A12: 3.0, A13: 184.0, A14: 1.0."
32,"Assess the creditworthiness of a customer using the following table attributes for financial status. Respond with either 'good' or 'bad'. And all the table attribute names including 8 categorical attributes and 6 numerical attributes and values have been changed to meaningless symbols to protect confidentiality of the data. For instance, 'The client has attributes: A1: 0, A2: 21.67, A3: 11.5, A4: 1, A5: 5, A6: 3, A7: 0, A8: 1, A9: 1, A10: 11, A11: 1, A12: 2, A13: 0, A14: 1.', should be classified as 'good'. 
 Text: The client has attributes: A1: 1.0, A2: 47.83, A3: 4.165, A4: 2.0, A5: 14.0, A6: 5.0, A7: 0.085, A8: 0.0, A9: 0.0, A10: 0.0, A11: 1.0, A12: 2.0, A13: 520.0, A14: 1.0. 
",bad,"[good, bad]",1,"The client has attributes: A1: 1.0, A2: 47.83, A3: 4.165, A4: 2.0, A5: 14.0, A6: 5.0, A7: 0.085, A8: 0.0, A9: 0.0, A10: 0.0, A11: 1.0, A12: 2.0, A13: 520.0, A14: 1.0."
33,"Assess the creditworthiness of a customer using the following table attributes for financial status. Respond with either 'good' or 'bad'. And all the table attribute names including 8 categorical attributes and 6 numerical attributes and values have been changed to meaningless symbols to protect confidentiality of the data. For instance, 'The client has attributes: A1: 0, A2: 21.67, A3: 11.5, A4: 1, A5: 5, A6: 3, A7: 0, A8: 1, A9: 1, A10: 11, A11: 1, A12: 2, A13: 0, A14: 1.', should be classified as 'good'. 
 Text: The client has attributes: A1: 1.0, A2: 25.0, A3: 12.0, A4: 2.0, A5: 4.0, A6: 4.0, A7: 2.25, A8: 1.0, A9: 1.0, A10: 2.0, A11: 1.0, A12: 2.0, A13: 120.0, A14: 6.0. 
",bad,"[good, bad]",1,"The client has attributes: A1: 1.0, A2: 25.0, A3: 12.0, A4: 2.0, A5: 4.0, A6: 4.0, A7: 2.25, A8: 1.0, A9: 1.0, A10: 2.0, A11: 1.0, A12: 2.0, A13: 120.0, A14: 6.0."
34,"Assess the creditworthiness of a customer using the following table attributes for financial status. Respond with either 'good' or 'bad'. And all the table attribute names including 8 categorical attributes and 6 numerical attributes and values have been changed to meaningless symbols to protect confidentiality of the data. For instance, 'The client has attributes: A1: 0, A2: 21.67, A3: 11.5, A4: 1, A5: 5, A6: 3, A7: 0, A8: 1, A9: 1, A10: 11, A11: 1, A12: 2, A13: 0, A14: 1.', should be classified as 'good'. 
 Text: The client has attributes: A1: 1.0, A2: 50.75, A3: 0.585, A4: 2.0, A5: 1.0, A6: 1.0, A7: 0.0, A8: 0.0, A9: 0.0, A10: 0.0, A11: 0.0, A12: 2.0, A13: 145.0, A14: 1.0. 
",bad,"[good, bad]",1,"The client has attributes: A1: 1.0, A2: 50.75, A3: 0.585, A4: 2.0, A5: 1.0, A6: 1.0, A7: 0.0, A8: 0.0, A9: 0.0, A10: 0.0, A11: 0.0, A12: 2.0, A13: 145.0, A14: 1.0."
35,"Assess the creditworthiness of a customer using the following table attributes for financial status. Respond with either 'good' or 'bad'. And all the table attribute names including 8 categorical attributes and 6 numerical attributes and values have been changed to meaningless symbols to protect confidentiality of the data. For instance, 'The client has attributes: A1: 0, A2: 21.67, A3: 11.5, A4: 1, A5: 5, A6: 3, A7: 0, A8: 1, A9: 1, A10: 11, A11: 1, A12: 2, A13: 0, A14: 1.', should be classified as 'good'. 
 Text: The client has attributes: A1: 0.0, A2: 29.5, A3: 2.0, A4: 1.0, A5: 10.0, A6: 8.0, A7: 2.0, A8: 0.0, A9: 0.0, A10: 0.0, A11: 0.0, A12: 2.0, A13: 256.0, A14: 18.0. 
",bad,"[good, bad]",1,"The client has attributes: A1: 0.0, A2: 29.5, A3: 2.0, A4: 1.0, A5: 10.0, A6: 8.0, A7: 2.0, A8: 0.0, A9: 0.0, A10: 0.0, A11: 0.0, A12: 2.0, A13: 256.0, A14: 18.0."
36,"Assess the creditworthiness of a customer using the following table attributes for financial status. Respond with either 'good' or 'bad'. And all the table attribute names including 8 categorical attributes and 6 numerical attributes and values have been changed to meaningless symbols to protect confidentiality of the data. For instance, 'The client has attributes: A1: 0, A2: 21.67, A3: 11.5, A4: 1, A5: 5, A6: 3, A7: 0, A8: 1, A9: 1, A10: 11, A11: 1, A12: 2, A13: 0, A14: 1.', should be classified as 'good'. 
 Text: The client has attributes: A1: 0.0, A2: 19.58, A3: 0.665, A4: 1.0, A5: 8.0, A6: 4.0, A7: 1.0, A8: 0.0, A9: 1.0, A10: 1.0, A11: 0.0, A12: 2.0, A13: 2000.0, A14: 3.0. 
",bad,"[good, bad]",1,"The client has attributes: A1: 0.0, A2: 19.58, A3: 0.665, A4: 1.0, A5: 8.0, A6: 4.0, A7: 1.0, A8: 0.0, A9: 1.0, A10: 1.0, A11: 0.0, A12: 2.0, A13: 2000.0, A14: 3.0."
37,"Assess the creditworthiness of a customer using the following table attributes for financial status. Respond with either 'good' or 'bad'. And all the table attribute names including 8 categorical attributes and 6 numerical attributes and values have been changed to meaningless symbols to protect confidentiality of the data. For instance, 'The client has attributes: A1: 0, A2: 21.67, A3: 11.5, A4: 1, A5: 5, A6: 3, A7: 0, A8: 1, A9: 1, A10: 11, A11: 1, A12: 2, A13: 0, A14: 1.', should be classified as 'good'. 
 Text: The client has attributes: A1: 1.0, A2: 30.75, A3: 1.585, A4: 2.0, A5: 2.0, A6: 4.0, A7: 0.585, A8: 0.0, A9: 0.0, A10: 0.0, A11: 1.0, A12: 1.0, A13: 0.0, A14: 1.0. 
",bad,"[good, bad]",1,"The client has attributes: A1: 1.0, A2: 30.75, A3: 1.585, A4: 2.0, A5: 2.0, A6: 4.0, A7: 0.585, A8: 0.0, A9: 0.0, A10: 0.0, A11: 1.0, A12: 1.0, A13: 0.0, A14: 1.0."
38,"Assess the creditworthiness of a customer using the following table attributes for financial status. Respond with either 'good' or 'bad'. And all the table attribute names including 8 categorical attributes and 6 numerical attributes and values have been changed to meaningless symbols to protect confidentiality of the data. For instance, 'The client has attributes: A1: 0, A2: 21.67, A3: 11.5, A4: 1, A5: 5, A6: 3, A7: 0, A8: 1, A9: 1, A10: 11, A11: 1, A12: 2, A13: 0, A14: 1.', should be classified as 'good'. 
 Text: The client has attributes: A1: 0.0, A2: 20.83, A3: 8.5, A4: 2.0, A5: 8.0, A6: 4.0, A7: 0.165, A8: 0.0, A9: 0.0, A10: 0.0, A11: 0.0, A12: 2.0, A13: 0.0, A14: 352.0. 
",bad,"[good, bad]",1,"The client has attributes: A1: 0.0, A2: 20.83, A3: 8.5, A4: 2.0, A5: 8.0, A6: 4.0, A7: 0.165, A8: 0.0, A9: 0.0, A10: 0.0, A11: 0.0, A12: 2.0, A13: 0.0, A14: 352.0."
39,"Assess the creditworthiness of a customer using the following table attributes for financial status. Respond with either 'good' or 'bad'. And all the table attribute names including 8 categorical attributes and 6 numerical attributes and values have been changed to meaningless symbols to protect confidentiality of the data. For instance, 'The client has attributes: A1: 0, A2: 21.67, A3: 11.5, A4: 1, A5: 5, A6: 3, A7: 0, A8: 1, A9: 1, A10: 11, A11: 1, A12: 2, A13: 0, A14: 1.', should be classified as 'good'. 
 Text: The client has attributes: A1: 0.0, A2: 20.42, A3: 0.835, A4: 2.0, A5: 11.0, A6: 4.0, A7: 1.585, A8: 1.0, A9: 1.0, A10: 1.0, A11: 0.0, A12: 2.0, A13: 0.0, A14: 1.0. 
",good,"[good, bad]",0,"The client has attributes: A1: 0.0, A2: 20.42, A3: 0.835, A4: 2.0, A5: 11.0, A6: 4.0, A7: 1.585, A8: 1.0, A9: 1.0, A10: 1.0, A11: 0.0, A12: 2.0, A13: 0.0, A14: 1.0."
40,"Assess the creditworthiness of a customer using the following table attributes for financial status. Respond with either 'good' or 'bad'. And all the table attribute names including 8 categorical attributes and 6 numerical attributes and values have been changed to meaningless symbols to protect confidentiality of the data. For instance, 'The client has attributes: A1: 0, A2: 21.67, A3: 11.5, A4: 1, A5: 5, A6: 3, A7: 0, A8: 1, A9: 1, A10: 11, A11: 1, A12: 2, A13: 0, A14: 1.', should be classified as 'good'. 
 Text: The client has attributes: A1: 1.0, A2: 27.58, A3: 3.25, A4: 1.0, A5: 11.0, A6: 8.0, A7: 5.085, A8: 0.0, A9: 1.0, A10: 2.0, A11: 1.0, A12: 2.0, A13: 369.0, A14: 2.0. 
",bad,"[good, bad]",1,"The client has attributes: A1: 1.0, A2: 27.58, A3: 3.25, A4: 1.0, A5: 11.0, A6: 8.0, A7: 5.085, A8: 0.0, A9: 1.0, A10: 2.0, A11: 1.0, A12: 2.0, A13: 369.0, A14: 2.0."
41,"Assess the creditworthiness of a customer using the following table attributes for financial status. Respond with either 'good' or 'bad'. And all the table attribute names including 8 categorical attributes and 6 numerical attributes and values have been changed to meaningless symbols to protect confidentiality of the data. For instance, 'The client has attributes: A1: 0, A2: 21.67, A3: 11.5, A4: 1, A5: 5, A6: 3, A7: 0, A8: 1, A9: 1, A10: 11, A11: 1, A12: 2, A13: 0, A14: 1.', should be classified as 'good'. 
 Text: The client has attributes: A1: 1.0, A2: 19.17, A3: 4.0, A4: 1.0, A5: 3.0, A6: 4.0, A7: 1.0, A8: 0.0, A9: 0.0, A10: 0.0, A11: 1.0, A12: 2.0, A13: 360.0, A14: 1001.0. 
",bad,"[good, bad]",1,"The client has attributes: A1: 1.0, A2: 19.17, A3: 4.0, A4: 1.0, A5: 3.0, A6: 4.0, A7: 1.0, A8: 0.0, A9: 0.0, A10: 0.0, A11: 1.0, A12: 2.0, A13: 360.0, A14: 1001.0."
42,"Assess the creditworthiness of a customer using the following table attributes for financial status. Respond with either 'good' or 'bad'. And all the table attribute names including 8 categorical attributes and 6 numerical attributes and values have been changed to meaningless symbols to protect confidentiality of the data. For instance, 'The client has attributes: A1: 0, A2: 21.67, A3: 11.5, A4: 1, A5: 5, A6: 3, A7: 0, A8: 1, A9: 1, A10: 11, A11: 1, A12: 2, A13: 0, A14: 1.', should be classified as 'good'. 
 Text: The client has attributes: A1: 1.0, A2: 21.08, A3: 10.085, A4: 1.0, A5: 10.0, A6: 8.0, A7: 1.25, A8: 0.0, A9: 0.0, A10: 0.0, A11: 0.0, A12: 2.0, A13: 260.0, A14: 1.0. 
",bad,"[good, bad]",1,"The client has attributes: A1: 1.0, A2: 21.08, A3: 10.085, A4: 1.0, A5: 10.0, A6: 8.0, A7: 1.25, A8: 0.0, A9: 0.0, A10: 0.0, A11: 0.0, A12: 2.0, A13: 260.0, A14: 1.0."
43,"Assess the creditworthiness of a customer using the following table attributes for financial status. Respond with either 'good' or 'bad'. And all the table attribute names including 8 categorical attributes and 6 numerical attributes and values have been changed to meaningless symbols to protect confidentiality of the data. For instance, 'The client has attributes: A1: 0, A2: 21.67, A3: 11.5, A4: 1, A5: 5, A6: 3, A7: 0, A8: 1, A9: 1, A10: 11, A11: 1, A12: 2, A13: 0, A14: 1.', should be classified as 'good'. 
 Text: The client has attributes: A1: 1.0, A2: 31.57, A3: 0.04, A4: 1.0, A5: 2.0, A6: 4.0, A7: 4.25, A8: 0.0, A9: 0.0, A10: 0.0, A11: 1.0, A12: 2.0, A13: 460.0, A14: 1.0. 
",bad,"[good, bad]",1,"The client has attributes: A1: 1.0, A2: 31.57, A3: 0.04, A4: 1.0, A5: 2.0, A6: 4.0, A7: 4.25, A8: 0.0, A9: 0.0, A10: 0.0, A11: 1.0, A12: 2.0, A13: 460.0, A14: 1.0."
44,"Assess the creditworthiness of a customer using the following table attributes for financial status. Respond with either 'good' or 'bad'. And all the table attribute names including 8 categorical attributes and 6 numerical attributes and values have been changed to meaningless symbols to protect confidentiality of the data. For instance, 'The client has attributes: A1: 0, A2: 21.67, A3: 11.5, A4: 1, A5: 5, A6: 3, A7: 0, A8: 1, A9: 1, A10: 11, A11: 1, A12: 2, A13: 0, A14: 1.', should be classified as 'good'. 
 Text: The client has attributes: A1: 1.0, A2: 18.58, A3: 5.71, A4: 2.0, A5: 2.0, A6: 4.0, A7: 0.54, A8: 0.0, A9: 0.0, A10: 0.0, A11: 0.0, A12: 2.0, A13: 120.0, A14: 1.0. 
",bad,"[good, bad]",1,"The client has attributes: A1: 1.0, A2: 18.58, A3: 5.71, A4: 2.0, A5: 2.0, A6: 4.0, A7: 0.54, A8: 0.0, A9: 0.0, A10: 0.0, A11: 0.0, A12: 2.0, A13: 120.0, A14: 1.0."
45,"Assess the creditworthiness of a customer using the following table attributes for financial status. Respond with either 'good' or 'bad'. And all the table attribute names including 8 categorical attributes and 6 numerical attributes and values have been changed to meaningless symbols to protect confidentiality of the data. For instance, 'The client has attributes: A1: 0, A2: 21.67, A3: 11.5, A4: 1, A5: 5, A6: 3, A7: 0, A8: 1, A9: 1, A10: 11, A11: 1, A12: 2, A13: 0, A14: 1.', should be classified as 'good'. 
 Text: The client has attributes: A1: 1.0, A2: 20.67, A3: 1.25, A4: 1.0, A5: 8.0, A6: 8.0, A7: 1.375, A8: 1.0, A9: 1.0, A10: 3.0, A11: 1.0, A12: 2.0, A13: 140.0, A14: 211.0. 
",bad,"[good, bad]",1,"The client has attributes: A1: 1.0, A2: 20.67, A3: 1.25, A4: 1.0, A5: 8.0, A6: 8.0, A7: 1.375, A8: 1.0, A9: 1.0, A10: 3.0, A11: 1.0, A12: 2.0, A13: 140.0, A14: 211.0."
46,"Assess the creditworthiness of a customer using the following table attributes for financial status. Respond with either 'good' or 'bad'. And all the table attribute names including 8 categorical attributes and 6 numerical attributes and values have been changed to meaningless symbols to protect confidentiality of the data. For instance, 'The client has attributes: A1: 0, A2: 21.67, A3: 11.5, A4: 1, A5: 5, A6: 3, A7: 0, A8: 1, A9: 1, A10: 11, A11: 1, A12: 2, A13: 0, A14: 1.', should be classified as 'good'. 
 Text: The client has attributes: A1: 1.0, A2: 35.0, A3: 3.375, A4: 2.0, A5: 8.0, A6: 8.0, A7: 8.29, A8: 0.0, A9: 0.0, A10: 0.0, A11: 1.0, A12: 2.0, A13: 0.0, A14: 1.0. 
",bad,"[good, bad]",1,"The client has attributes: A1: 1.0, A2: 35.0, A3: 3.375, A4: 2.0, A5: 8.0, A6: 8.0, A7: 8.29, A8: 0.0, A9: 0.0, A10: 0.0, A11: 1.0, A12: 2.0, A13: 0.0, A14: 1.0."
47,"Assess the creditworthiness of a customer using the following table attributes for financial status. Respond with either 'good' or 'bad'. And all the table attribute names including 8 categorical attributes and 6 numerical attributes and values have been changed to meaningless symbols to protect confidentiality of the data. For instance, 'The client has attributes: A1: 0, A2: 21.67, A3: 11.5, A4: 1, A5: 5, A6: 3, A7: 0, A8: 1, A9: 1, A10: 11, A11: 1, A12: 2, A13: 0, A14: 1.', should be classified as 'good'. 
 Text: The client has attributes: A1: 1.0, A2: 19.0, A3: 1.75, A4: 1.0, A5: 8.0, A6: 4.0, A7: 2.335, A8: 0.0, A9: 0.0, A10: 0.0, A11: 1.0, A12: 2.0, A13: 112.0, A14: 7.0. 
",bad,"[good, bad]",1,"The client has attributes: A1: 1.0, A2: 19.0, A3: 1.75, A4: 1.0, A5: 8.0, A6: 4.0, A7: 2.335, A8: 0.0, A9: 0.0, A10: 0.0, A11: 1.0, A12: 2.0, A13: 112.0, A14: 7.0."
48,"Assess the creditworthiness of a customer using the following table attributes for financial status. Respond with either 'good' or 'bad'. And all the table attribute names including 8 categorical attributes and 6 numerical attributes and values have been changed to meaningless symbols to protect confidentiality of the data. For instance, 'The client has attributes: A1: 0, A2: 21.67, A3: 11.5, A4: 1, A5: 5, A6: 3, A7: 0, A8: 1, A9: 1, A10: 11, A11: 1, A12: 2, A13: 0, A14: 1.', should be classified as 'good'. 
 Text: The client has attributes: A1: 1.0, A2: 25.42, A3: 0.54, A4: 2.0, A5: 9.0, A6: 4.0, A7: 0.165, A8: 0.0, A9: 1.0, A10: 1.0, A11: 0.0, A12: 2.0, A13: 272.0, A14: 445.0. 
",bad,"[good, bad]",1,"The client has attributes: A1: 1.0, A2: 25.42, A3: 0.54, A4: 2.0, A5: 9.0, A6: 4.0, A7: 0.165, A8: 0.0, A9: 1.0, A10: 1.0, A11: 0.0, A12: 2.0, A13: 272.0, A14: 445.0."
49,"Assess the creditworthiness of a customer using the following table attributes for financial status. Respond with either 'good' or 'bad'. And all the table attribute names including 8 categorical attributes and 6 numerical attributes and values have been changed to meaningless symbols to protect confidentiality of the data. For instance, 'The client has attributes: A1: 0, A2: 21.67, A3: 11.5, A4: 1, A5: 5, A6: 3, A7: 0, A8: 1, A9: 1, A10: 11, A11: 1, A12: 2, A13: 0, A14: 1.', should be classified as 'good'. 
 Text: The client has attributes: A1: 1.0, A2: 24.42, A3: 12.335, A4: 2.0, A5: 11.0, A6: 8.0, A7: 1.585, A8: 1.0, A9: 0.0, A10: 0.0, A11: 1.0, A12: 2.0, A13: 120.0, A14: 1.0. 
",good,"[good, bad]",0,"The client has attributes: A1: 1.0, A2: 24.42, A3: 12.335, A4: 2.0, A5: 11.0, A6: 8.0, A7: 1.585, A8: 1.0, A9: 0.0, A10: 0.0, A11: 1.0, A12: 2.0, A13: 120.0, A14: 1.0."
50,"Assess the creditworthiness of a customer using the following table attributes for financial status. Respond with either 'good' or 'bad'. And all the table attribute names including 8 categorical attributes and 6 numerical attributes and values have been changed to meaningless symbols to protect confidentiality of the data. For instance, 'The client has attributes: A1: 0, A2: 21.67, A3: 11.5, A4: 1, A5: 5, A6: 3, A7: 0, A8: 1, A9: 1, A10: 11, A11: 1, A12: 2, A13: 0, A14: 1.', should be classified as 'good'. 
 Text: The client has attributes: A1: 1.0, A2: 23.0, A3: 0.625, A4: 1.0, A5: 6.0, A6: 4.0, A7: 0.125, A8: 1.0, A9: 0.0, A10: 0.0, A11: 0.0, A12: 2.0, A13: 180.0, A14: 2.0. 
",bad,"[good, bad]",1,"The client has attributes: A1: 1.0, A2: 23.0, A3: 0.625, A4: 1.0, A5: 6.0, A6: 4.0, A7: 0.125, A8: 1.0, A9: 0.0, A10: 0.0, A11: 0.0, A12: 2.0, A13: 180.0, A14: 2.0."
51,"Assess the creditworthiness of a customer using the following table attributes for financial status. Respond with either 'good' or 'bad'. And all the table attribute names including 8 categorical attributes and 6 numerical attributes and values have been changed to meaningless symbols to protect confidentiality of the data. For instance, 'The client has attributes: A1: 0, A2: 21.67, A3: 11.5, A4: 1, A5: 5, A6: 3, A7: 0, A8: 1, A9: 1, A10: 11, A11: 1, A12: 2, A13: 0, A14: 1.', should be classified as 'good'. 
 Text: The client has attributes: A1: 1.0, A2: 23.08, A3: 0.0, A4: 2.0, A5: 4.0, A6: 4.0, A7: 1.0, A8: 0.0, A9: 1.0, A10: 11.0, A11: 0.0, A12: 1.0, A13: 0.0, A14: 1.0. 
",bad,"[good, bad]",1,"The client has attributes: A1: 1.0, A2: 23.08, A3: 0.0, A4: 2.0, A5: 4.0, A6: 4.0, A7: 1.0, A8: 0.0, A9: 1.0, A10: 11.0, A11: 0.0, A12: 1.0, A13: 0.0, A14: 1.0."
52,"Assess the creditworthiness of a customer using the following table attributes for financial status. Respond with either 'good' or 'bad'. And all the table attribute names including 8 categorical attributes and 6 numerical attributes and values have been changed to meaningless symbols to protect confidentiality of the data. For instance, 'The client has attributes: A1: 0, A2: 21.67, A3: 11.5, A4: 1, A5: 5, A6: 3, A7: 0, A8: 1, A9: 1, A10: 11, A11: 1, A12: 2, A13: 0, A14: 1.', should be classified as 'good'. 
 Text: The client has attributes: A1: 1.0, A2: 49.58, A3: 19.0, A4: 2.0, A5: 1.0, A6: 1.0, A7: 0.0, A8: 1.0, A9: 1.0, A10: 1.0, A11: 0.0, A12: 2.0, A13: 94.0, A14: 1.0. 
",bad,"[good, bad]",1,"The client has attributes: A1: 1.0, A2: 49.58, A3: 19.0, A4: 2.0, A5: 1.0, A6: 1.0, A7: 0.0, A8: 1.0, A9: 1.0, A10: 1.0, A11: 0.0, A12: 2.0, A13: 94.0, A14: 1.0."
53,"Assess the creditworthiness of a customer using the following table attributes for financial status. Respond with either 'good' or 'bad'. And all the table attribute names including 8 categorical attributes and 6 numerical attributes and values have been changed to meaningless symbols to protect confidentiality of the data. For instance, 'The client has attributes: A1: 0, A2: 21.67, A3: 11.5, A4: 1, A5: 5, A6: 3, A7: 0, A8: 1, A9: 1, A10: 11, A11: 1, A12: 2, A13: 0, A14: 1.', should be classified as 'good'. 
 Text: The client has attributes: A1: 1.0, A2: 60.08, A3: 14.5, A4: 2.0, A5: 1.0, A6: 1.0, A7: 18.0, A8: 1.0, A9: 1.0, A10: 15.0, A11: 1.0, A12: 2.0, A13: 0.0, A14: 1001.0. 
",good,"[good, bad]",0,"The client has attributes: A1: 1.0, A2: 60.08, A3: 14.5, A4: 2.0, A5: 1.0, A6: 1.0, A7: 18.0, A8: 1.0, A9: 1.0, A10: 15.0, A11: 1.0, A12: 2.0, A13: 0.0, A14: 1001.0."
54,"Assess the creditworthiness of a customer using the following table attributes for financial status. Respond with either 'good' or 'bad'. And all the table attribute names including 8 categorical attributes and 6 numerical attributes and values have been changed to meaningless symbols to protect confidentiality of the data. For instance, 'The client has attributes: A1: 0, A2: 21.67, A3: 11.5, A4: 1, A5: 5, A6: 3, A7: 0, A8: 1, A9: 1, A10: 11, A11: 1, A12: 2, A13: 0, A14: 1.', should be classified as 'good'. 
 Text: The client has attributes: A1: 1.0, A2: 28.75, A3: 1.165, A4: 2.0, A5: 4.0, A6: 4.0, A7: 0.5, A8: 1.0, A9: 0.0, A10: 0.0, A11: 0.0, A12: 1.0, A13: 280.0, A14: 1.0. 
",bad,"[good, bad]",1,"The client has attributes: A1: 1.0, A2: 28.75, A3: 1.165, A4: 2.0, A5: 4.0, A6: 4.0, A7: 0.5, A8: 1.0, A9: 0.0, A10: 0.0, A11: 0.0, A12: 1.0, A13: 280.0, A14: 1.0."
55,"Assess the creditworthiness of a customer using the following table attributes for financial status. Respond with either 'good' or 'bad'. And all the table attribute names including 8 categorical attributes and 6 numerical attributes and values have been changed to meaningless symbols to protect confidentiality of the data. For instance, 'The client has attributes: A1: 0, A2: 21.67, A3: 11.5, A4: 1, A5: 5, A6: 3, A7: 0, A8: 1, A9: 1, A10: 11, A11: 1, A12: 2, A13: 0, A14: 1.', should be classified as 'good'. 
 Text: The client has attributes: A1: 1.0, A2: 52.42, A3: 1.5, A4: 2.0, A5: 2.0, A6: 4.0, A7: 3.75, A8: 0.0, A9: 0.0, A10: 0.0, A11: 1.0, A12: 2.0, A13: 0.0, A14: 351.0. 
",bad,"[good, bad]",1,"The client has attributes: A1: 1.0, A2: 52.42, A3: 1.5, A4: 2.0, A5: 2.0, A6: 4.0, A7: 3.75, A8: 0.0, A9: 0.0, A10: 0.0, A11: 1.0, A12: 2.0, A13: 0.0, A14: 351.0."
56,"Assess the creditworthiness of a customer using the following table attributes for financial status. Respond with either 'good' or 'bad'. And all the table attribute names including 8 categorical attributes and 6 numerical attributes and values have been changed to meaningless symbols to protect confidentiality of the data. For instance, 'The client has attributes: A1: 0, A2: 21.67, A3: 11.5, A4: 1, A5: 5, A6: 3, A7: 0, A8: 1, A9: 1, A10: 11, A11: 1, A12: 2, A13: 0, A14: 1.', should be classified as 'good'. 
 Text: The client has attributes: A1: 0.0, A2: 56.5, A3: 16.0, A4: 2.0, A5: 5.0, A6: 1.0, A7: 0.0, A8: 1.0, A9: 1.0, A10: 15.0, A11: 0.0, A12: 2.0, A13: 0.0, A14: 248.0. 
",good,"[good, bad]",0,"The client has attributes: A1: 0.0, A2: 56.5, A3: 16.0, A4: 2.0, A5: 5.0, A6: 1.0, A7: 0.0, A8: 1.0, A9: 1.0, A10: 15.0, A11: 0.0, A12: 2.0, A13: 0.0, A14: 248.0."
57,"Assess the creditworthiness of a customer using the following table attributes for financial status. Respond with either 'good' or 'bad'. And all the table attribute names including 8 categorical attributes and 6 numerical attributes and values have been changed to meaningless symbols to protect confidentiality of the data. For instance, 'The client has attributes: A1: 0, A2: 21.67, A3: 11.5, A4: 1, A5: 5, A6: 3, A7: 0, A8: 1, A9: 1, A10: 11, A11: 1, A12: 2, A13: 0, A14: 1.', should be classified as 'good'. 
 Text: The client has attributes: A1: 1.0, A2: 31.08, A3: 3.085, A4: 2.0, A5: 8.0, A6: 4.0, A7: 2.5, A8: 0.0, A9: 1.0, A10: 2.0, A11: 1.0, A12: 2.0, A13: 160.0, A14: 42.0. 
",bad,"[good, bad]",1,"The client has attributes: A1: 1.0, A2: 31.08, A3: 3.085, A4: 2.0, A5: 8.0, A6: 4.0, A7: 2.5, A8: 0.0, A9: 1.0, A10: 2.0, A11: 1.0, A12: 2.0, A13: 160.0, A14: 42.0."
58,"Assess the creditworthiness of a customer using the following table attributes for financial status. Respond with either 'good' or 'bad'. And all the table attribute names including 8 categorical attributes and 6 numerical attributes and values have been changed to meaningless symbols to protect confidentiality of the data. For instance, 'The client has attributes: A1: 0, A2: 21.67, A3: 11.5, A4: 1, A5: 5, A6: 3, A7: 0, A8: 1, A9: 1, A10: 11, A11: 1, A12: 2, A13: 0, A14: 1.', should be classified as 'good'. 
 Text: The client has attributes: A1: 1.0, A2: 36.25, A3: 5.0, A4: 2.0, A5: 8.0, A6: 5.0, A7: 2.5, A8: 1.0, A9: 1.0, A10: 6.0, A11: 0.0, A12: 2.0, A13: 0.0, A14: 368.0. 
",good,"[good, bad]",0,"The client has attributes: A1: 1.0, A2: 36.25, A3: 5.0, A4: 2.0, A5: 8.0, A6: 5.0, A7: 2.5, A8: 1.0, A9: 1.0, A10: 6.0, A11: 0.0, A12: 2.0, A13: 0.0, A14: 368.0."
59,"Assess the creditworthiness of a customer using the following table attributes for financial status. Respond with either 'good' or 'bad'. And all the table attribute names including 8 categorical attributes and 6 numerical attributes and values have been changed to meaningless symbols to protect confidentiality of the data. For instance, 'The client has attributes: A1: 0, A2: 21.67, A3: 11.5, A4: 1, A5: 5, A6: 3, A7: 0, A8: 1, A9: 1, A10: 11, A11: 1, A12: 2, A13: 0, A14: 1.', should be classified as 'good'. 
 Text: The client has attributes: A1: 0.0, A2: 39.08, A3: 4.0, A4: 2.0, A5: 8.0, A6: 4.0, A7: 3.0, A8: 0.0, A9: 0.0, A10: 0.0, A11: 0.0, A12: 2.0, A13: 480.0, A14: 1.0. 
",bad,"[good, bad]",1,"The client has attributes: A1: 0.0, A2: 39.08, A3: 4.0, A4: 2.0, A5: 8.0, A6: 4.0, A7: 3.0, A8: 0.0, A9: 0.0, A10: 0.0, A11: 0.0, A12: 2.0, A13: 480.0, A14: 1.0."
60,"Assess the creditworthiness of a customer using the following table attributes for financial status. Respond with either 'good' or 'bad'. And all the table attribute names including 8 categorical attributes and 6 numerical attributes and values have been changed to meaningless symbols to protect confidentiality of the data. For instance, 'The client has attributes: A1: 0, A2: 21.67, A3: 11.5, A4: 1, A5: 5, A6: 3, A7: 0, A8: 1, A9: 1, A10: 11, A11: 1, A12: 2, A13: 0, A14: 1.', should be classified as 'good'. 
 Text: The client has attributes: A1: 0.0, A2: 41.33, A3: 1.0, A4: 2.0, A5: 3.0, A6: 5.0, A7: 2.25, A8: 1.0, A9: 0.0, A10: 0.0, A11: 1.0, A12: 2.0, A13: 0.0, A14: 301.0. 
",good,"[good, bad]",0,"The client has attributes: A1: 0.0, A2: 41.33, A3: 1.0, A4: 2.0, A5: 3.0, A6: 5.0, A7: 2.25, A8: 1.0, A9: 0.0, A10: 0.0, A11: 1.0, A12: 2.0, A13: 0.0, A14: 301.0."
61,"Assess the creditworthiness of a customer using the following table attributes for financial status. Respond with either 'good' or 'bad'. And all the table attribute names including 8 categorical attributes and 6 numerical attributes and values have been changed to meaningless symbols to protect confidentiality of the data. For instance, 'The client has attributes: A1: 0, A2: 21.67, A3: 11.5, A4: 1, A5: 5, A6: 3, A7: 0, A8: 1, A9: 1, A10: 11, A11: 1, A12: 2, A13: 0, A14: 1.', should be classified as 'good'. 
 Text: The client has attributes: A1: 0.0, A2: 22.92, A3: 1.25, A4: 2.0, A5: 11.0, A6: 4.0, A7: 0.25, A8: 0.0, A9: 0.0, A10: 0.0, A11: 1.0, A12: 2.0, A13: 120.0, A14: 810.0. 
",bad,"[good, bad]",1,"The client has attributes: A1: 0.0, A2: 22.92, A3: 1.25, A4: 2.0, A5: 11.0, A6: 4.0, A7: 0.25, A8: 0.0, A9: 0.0, A10: 0.0, A11: 1.0, A12: 2.0, A13: 120.0, A14: 810.0."
62,"Assess the creditworthiness of a customer using the following table attributes for financial status. Respond with either 'good' or 'bad'. And all the table attribute names including 8 categorical attributes and 6 numerical attributes and values have been changed to meaningless symbols to protect confidentiality of the data. For instance, 'The client has attributes: A1: 0, A2: 21.67, A3: 11.5, A4: 1, A5: 5, A6: 3, A7: 0, A8: 1, A9: 1, A10: 11, A11: 1, A12: 2, A13: 0, A14: 1.', should be classified as 'good'. 
 Text: The client has attributes: A1: 1.0, A2: 25.75, A3: 0.75, A4: 2.0, A5: 8.0, A6: 5.0, A7: 0.25, A8: 1.0, A9: 0.0, A10: 0.0, A11: 0.0, A12: 2.0, A13: 349.0, A14: 24.0. 
",good,"[good, bad]",0,"The client has attributes: A1: 1.0, A2: 25.75, A3: 0.75, A4: 2.0, A5: 8.0, A6: 5.0, A7: 0.25, A8: 1.0, A9: 0.0, A10: 0.0, A11: 0.0, A12: 2.0, A13: 349.0, A14: 24.0."
63,"Assess the creditworthiness of a customer using the following table attributes for financial status. Respond with either 'good' or 'bad'. And all the table attribute names including 8 categorical attributes and 6 numerical attributes and values have been changed to meaningless symbols to protect confidentiality of the data. For instance, 'The client has attributes: A1: 0, A2: 21.67, A3: 11.5, A4: 1, A5: 5, A6: 3, A7: 0, A8: 1, A9: 1, A10: 11, A11: 1, A12: 2, A13: 0, A14: 1.', should be classified as 'good'. 
 Text: The client has attributes: A1: 1.0, A2: 39.92, A3: 0.54, A4: 1.0, A5: 6.0, A6: 4.0, A7: 0.5, A8: 1.0, A9: 1.0, A10: 3.0, A11: 0.0, A12: 2.0, A13: 200.0, A14: 1001.0. 
",good,"[good, bad]",0,"The client has attributes: A1: 1.0, A2: 39.92, A3: 0.54, A4: 1.0, A5: 6.0, A6: 4.0, A7: 0.5, A8: 1.0, A9: 1.0, A10: 3.0, A11: 0.0, A12: 2.0, A13: 200.0, A14: 1001.0."
64,"Assess the creditworthiness of a customer using the following table attributes for financial status. Respond with either 'good' or 'bad'. And all the table attribute names including 8 categorical attributes and 6 numerical attributes and values have been changed to meaningless symbols to protect confidentiality of the data. For instance, 'The client has attributes: A1: 0, A2: 21.67, A3: 11.5, A4: 1, A5: 5, A6: 3, A7: 0, A8: 1, A9: 1, A10: 11, A11: 1, A12: 2, A13: 0, A14: 1.', should be classified as 'good'. 
 Text: The client has attributes: A1: 0.0, A2: 35.42, A3: 12.0, A4: 2.0, A5: 11.0, A6: 8.0, A7: 14.0, A8: 1.0, A9: 1.0, A10: 8.0, A11: 0.0, A12: 2.0, A13: 0.0, A14: 6591.0. 
",good,"[good, bad]",0,"The client has attributes: A1: 0.0, A2: 35.42, A3: 12.0, A4: 2.0, A5: 11.0, A6: 8.0, A7: 14.0, A8: 1.0, A9: 1.0, A10: 8.0, A11: 0.0, A12: 2.0, A13: 0.0, A14: 6591.0."
65,"Assess the creditworthiness of a customer using the following table attributes for financial status. Respond with either 'good' or 'bad'. And all the table attribute names including 8 categorical attributes and 6 numerical attributes and values have been changed to meaningless symbols to protect confidentiality of the data. For instance, 'The client has attributes: A1: 0, A2: 21.67, A3: 11.5, A4: 1, A5: 5, A6: 3, A7: 0, A8: 1, A9: 1, A10: 11, A11: 1, A12: 2, A13: 0, A14: 1.', should be classified as 'good'. 
 Text: The client has attributes: A1: 0.0, A2: 33.08, A3: 1.625, A4: 2.0, A5: 2.0, A6: 4.0, A7: 0.54, A8: 0.0, A9: 0.0, A10: 0.0, A11: 1.0, A12: 2.0, A13: 0.0, A14: 1.0. 
",bad,"[good, bad]",1,"The client has attributes: A1: 0.0, A2: 33.08, A3: 1.625, A4: 2.0, A5: 2.0, A6: 4.0, A7: 0.54, A8: 0.0, A9: 0.0, A10: 0.0, A11: 1.0, A12: 2.0, A13: 0.0, A14: 1.0."
66,"Assess the creditworthiness of a customer using the following table attributes for financial status. Respond with either 'good' or 'bad'. And all the table attribute names including 8 categorical attributes and 6 numerical attributes and values have been changed to meaningless symbols to protect confidentiality of the data. For instance, 'The client has attributes: A1: 0, A2: 21.67, A3: 11.5, A4: 1, A5: 5, A6: 3, A7: 0, A8: 1, A9: 1, A10: 11, A11: 1, A12: 2, A13: 0, A14: 1.', should be classified as 'good'. 
 Text: The client has attributes: A1: 1.0, A2: 37.5, A3: 1.125, A4: 1.0, A5: 2.0, A6: 4.0, A7: 1.5, A8: 0.0, A9: 0.0, A10: 0.0, A11: 1.0, A12: 2.0, A13: 431.0, A14: 1.0. 
",good,"[good, bad]",0,"The client has attributes: A1: 1.0, A2: 37.5, A3: 1.125, A4: 1.0, A5: 2.0, A6: 4.0, A7: 1.5, A8: 0.0, A9: 0.0, A10: 0.0, A11: 1.0, A12: 2.0, A13: 431.0, A14: 1.0."
67,"Assess the creditworthiness of a customer using the following table attributes for financial status. Respond with either 'good' or 'bad'. And all the table attribute names including 8 categorical attributes and 6 numerical attributes and values have been changed to meaningless symbols to protect confidentiality of the data. For instance, 'The client has attributes: A1: 0, A2: 21.67, A3: 11.5, A4: 1, A5: 5, A6: 3, A7: 0, A8: 1, A9: 1, A10: 11, A11: 1, A12: 2, A13: 0, A14: 1.', should be classified as 'good'. 
 Text: The client has attributes: A1: 0.0, A2: 24.75, A3: 13.665, A4: 2.0, A5: 11.0, A6: 8.0, A7: 1.5, A8: 0.0, A9: 0.0, A10: 0.0, A11: 0.0, A12: 2.0, A13: 280.0, A14: 2.0. 
",bad,"[good, bad]",1,"The client has attributes: A1: 0.0, A2: 24.75, A3: 13.665, A4: 2.0, A5: 11.0, A6: 8.0, A7: 1.5, A8: 0.0, A9: 0.0, A10: 0.0, A11: 0.0, A12: 2.0, A13: 280.0, A14: 2.0."
68,"Assess the creditworthiness of a customer using the following table attributes for financial status. Respond with either 'good' or 'bad'. And all the table attribute names including 8 categorical attributes and 6 numerical attributes and values have been changed to meaningless symbols to protect confidentiality of the data. For instance, 'The client has attributes: A1: 0, A2: 21.67, A3: 11.5, A4: 1, A5: 5, A6: 3, A7: 0, A8: 1, A9: 1, A10: 11, A11: 1, A12: 2, A13: 0, A14: 1.', should be classified as 'good'. 
 Text: The client has attributes: A1: 1.0, A2: 16.33, A3: 4.085, A4: 2.0, A5: 3.0, A6: 8.0, A7: 0.415, A8: 0.0, A9: 0.0, A10: 0.0, A11: 1.0, A12: 2.0, A13: 120.0, A14: 1.0. 
",bad,"[good, bad]",1,"The client has attributes: A1: 1.0, A2: 16.33, A3: 4.085, A4: 2.0, A5: 3.0, A6: 8.0, A7: 0.415, A8: 0.0, A9: 0.0, A10: 0.0, A11: 1.0, A12: 2.0, A13: 120.0, A14: 1.0."
69,"Assess the creditworthiness of a customer using the following table attributes for financial status. Respond with either 'good' or 'bad'. And all the table attribute names including 8 categorical attributes and 6 numerical attributes and values have been changed to meaningless symbols to protect confidentiality of the data. For instance, 'The client has attributes: A1: 0, A2: 21.67, A3: 11.5, A4: 1, A5: 5, A6: 3, A7: 0, A8: 1, A9: 1, A10: 11, A11: 1, A12: 2, A13: 0, A14: 1.', should be classified as 'good'. 
 Text: The client has attributes: A1: 0.0, A2: 25.25, A3: 12.5, A4: 2.0, A5: 2.0, A6: 4.0, A7: 1.0, A8: 0.0, A9: 0.0, A10: 0.0, A11: 1.0, A12: 2.0, A13: 180.0, A14: 1063.0. 
",bad,"[good, bad]",1,"The client has attributes: A1: 0.0, A2: 25.25, A3: 12.5, A4: 2.0, A5: 2.0, A6: 4.0, A7: 1.0, A8: 0.0, A9: 0.0, A10: 0.0, A11: 1.0, A12: 2.0, A13: 180.0, A14: 1063.0."
70,"Assess the creditworthiness of a customer using the following table attributes for financial status. Respond with either 'good' or 'bad'. And all the table attribute names including 8 categorical attributes and 6 numerical attributes and values have been changed to meaningless symbols to protect confidentiality of the data. For instance, 'The client has attributes: A1: 0, A2: 21.67, A3: 11.5, A4: 1, A5: 5, A6: 3, A7: 0, A8: 1, A9: 1, A10: 11, A11: 1, A12: 2, A13: 0, A14: 1.', should be classified as 'good'. 
 Text: The client has attributes: A1: 0.0, A2: 18.08, A3: 0.375, A4: 3.0, A5: 13.0, A6: 1.0, A7: 10.0, A8: 0.0, A9: 0.0, A10: 0.0, A11: 1.0, A12: 1.0, A13: 300.0, A14: 1.0. 
",good,"[good, bad]",0,"The client has attributes: A1: 0.0, A2: 18.08, A3: 0.375, A4: 3.0, A5: 13.0, A6: 1.0, A7: 10.0, A8: 0.0, A9: 0.0, A10: 0.0, A11: 1.0, A12: 1.0, A13: 300.0, A14: 1.0."
71,"Assess the creditworthiness of a customer using the following table attributes for financial status. Respond with either 'good' or 'bad'. And all the table attribute names including 8 categorical attributes and 6 numerical attributes and values have been changed to meaningless symbols to protect confidentiality of the data. For instance, 'The client has attributes: A1: 0, A2: 21.67, A3: 11.5, A4: 1, A5: 5, A6: 3, A7: 0, A8: 1, A9: 1, A10: 11, A11: 1, A12: 2, A13: 0, A14: 1.', should be classified as 'good'. 
 Text: The client has attributes: A1: 1.0, A2: 22.0, A3: 7.835, A4: 1.0, A5: 3.0, A6: 5.0, A7: 0.165, A8: 0.0, A9: 0.0, A10: 0.0, A11: 1.0, A12: 2.0, A13: 184.0, A14: 1.0. 
",bad,"[good, bad]",1,"The client has attributes: A1: 1.0, A2: 22.0, A3: 7.835, A4: 1.0, A5: 3.0, A6: 5.0, A7: 0.165, A8: 0.0, A9: 0.0, A10: 0.0, A11: 1.0, A12: 2.0, A13: 184.0, A14: 1.0."
72,"Assess the creditworthiness of a customer using the following table attributes for financial status. Respond with either 'good' or 'bad'. And all the table attribute names including 8 categorical attributes and 6 numerical attributes and values have been changed to meaningless symbols to protect confidentiality of the data. For instance, 'The client has attributes: A1: 0, A2: 21.67, A3: 11.5, A4: 1, A5: 5, A6: 3, A7: 0, A8: 1, A9: 1, A10: 11, A11: 1, A12: 2, A13: 0, A14: 1.', should be classified as 'good'. 
 Text: The client has attributes: A1: 1.0, A2: 18.33, A3: 1.21, A4: 1.0, A5: 10.0, A6: 2.0, A7: 0.0, A8: 0.0, A9: 0.0, A10: 0.0, A11: 0.0, A12: 2.0, A13: 100.0, A14: 1.0. 
",bad,"[good, bad]",1,"The client has attributes: A1: 1.0, A2: 18.33, A3: 1.21, A4: 1.0, A5: 10.0, A6: 2.0, A7: 0.0, A8: 0.0, A9: 0.0, A10: 0.0, A11: 0.0, A12: 2.0, A13: 100.0, A14: 1.0."
73,"Assess the creditworthiness of a customer using the following table attributes for financial status. Respond with either 'good' or 'bad'. And all the table attribute names including 8 categorical attributes and 6 numerical attributes and values have been changed to meaningless symbols to protect confidentiality of the data. For instance, 'The client has attributes: A1: 0, A2: 21.67, A3: 11.5, A4: 1, A5: 5, A6: 3, A7: 0, A8: 1, A9: 1, A10: 11, A11: 1, A12: 2, A13: 0, A14: 1.', should be classified as 'good'. 
 Text: The client has attributes: A1: 1.0, A2: 28.25, A3: 5.125, A4: 2.0, A5: 14.0, A6: 4.0, A7: 4.75, A8: 1.0, A9: 1.0, A10: 2.0, A11: 0.0, A12: 2.0, A13: 420.0, A14: 8.0. 
",good,"[good, bad]",0,"The client has attributes: A1: 1.0, A2: 28.25, A3: 5.125, A4: 2.0, A5: 14.0, A6: 4.0, A7: 4.75, A8: 1.0, A9: 1.0, A10: 2.0, A11: 0.0, A12: 2.0, A13: 420.0, A14: 8.0."
74,"Assess the creditworthiness of a customer using the following table attributes for financial status. Respond with either 'good' or 'bad'. And all the table attribute names including 8 categorical attributes and 6 numerical attributes and values have been changed to meaningless symbols to protect confidentiality of the data. For instance, 'The client has attributes: A1: 0, A2: 21.67, A3: 11.5, A4: 1, A5: 5, A6: 3, A7: 0, A8: 1, A9: 1, A10: 11, A11: 1, A12: 2, A13: 0, A14: 1.', should be classified as 'good'. 
 Text: The client has attributes: A1: 0.0, A2: 40.33, A3: 7.54, A4: 1.0, A5: 11.0, A6: 8.0, A7: 8.0, A8: 1.0, A9: 1.0, A10: 14.0, A11: 0.0, A12: 2.0, A13: 0.0, A14: 2301.0. 
",good,"[good, bad]",0,"The client has attributes: A1: 0.0, A2: 40.33, A3: 7.54, A4: 1.0, A5: 11.0, A6: 8.0, A7: 8.0, A8: 1.0, A9: 1.0, A10: 14.0, A11: 0.0, A12: 2.0, A13: 0.0, A14: 2301.0."
75,"Assess the creditworthiness of a customer using the following table attributes for financial status. Respond with either 'good' or 'bad'. And all the table attribute names including 8 categorical attributes and 6 numerical attributes and values have been changed to meaningless symbols to protect confidentiality of the data. For instance, 'The client has attributes: A1: 0, A2: 21.67, A3: 11.5, A4: 1, A5: 5, A6: 3, A7: 0, A8: 1, A9: 1, A10: 11, A11: 1, A12: 2, A13: 0, A14: 1.', should be classified as 'good'. 
 Text: The client has attributes: A1: 1.0, A2: 42.17, A3: 5.04, A4: 2.0, A5: 11.0, A6: 8.0, A7: 12.75, A8: 1.0, A9: 0.0, A10: 0.0, A11: 1.0, A12: 2.0, A13: 92.0, A14: 1.0. 
",good,"[good, bad]",0,"The client has attributes: A1: 1.0, A2: 42.17, A3: 5.04, A4: 2.0, A5: 11.0, A6: 8.0, A7: 12.75, A8: 1.0, A9: 0.0, A10: 0.0, A11: 1.0, A12: 2.0, A13: 92.0, A14: 1.0."
76,"Assess the creditworthiness of a customer using the following table attributes for financial status. Respond with either 'good' or 'bad'. And all the table attribute names including 8 categorical attributes and 6 numerical attributes and values have been changed to meaningless symbols to protect confidentiality of the data. For instance, 'The client has attributes: A1: 0, A2: 21.67, A3: 11.5, A4: 1, A5: 5, A6: 3, A7: 0, A8: 1, A9: 1, A10: 11, A11: 1, A12: 2, A13: 0, A14: 1.', should be classified as 'good'. 
 Text: The client has attributes: A1: 0.0, A2: 25.17, A3: 2.875, A4: 2.0, A5: 14.0, A6: 8.0, A7: 0.875, A8: 1.0, A9: 0.0, A10: 0.0, A11: 0.0, A12: 2.0, A13: 360.0, A14: 1.0. 
",good,"[good, bad]",0,"The client has attributes: A1: 0.0, A2: 25.17, A3: 2.875, A4: 2.0, A5: 14.0, A6: 8.0, A7: 0.875, A8: 1.0, A9: 0.0, A10: 0.0, A11: 0.0, A12: 2.0, A13: 360.0, A14: 1.0."
77,"Assess the creditworthiness of a customer using the following table attributes for financial status. Respond with either 'good' or 'bad'. And all the table attribute names including 8 categorical attributes and 6 numerical attributes and values have been changed to meaningless symbols to protect confidentiality of the data. For instance, 'The client has attributes: A1: 0, A2: 21.67, A3: 11.5, A4: 1, A5: 5, A6: 3, A7: 0, A8: 1, A9: 1, A10: 11, A11: 1, A12: 2, A13: 0, A14: 1.', should be classified as 'good'. 
 Text: The client has attributes: A1: 0.0, A2: 33.25, A3: 2.5, A4: 1.0, A5: 8.0, A6: 4.0, A7: 2.5, A8: 0.0, A9: 0.0, A10: 0.0, A11: 1.0, A12: 2.0, A13: 0.0, A14: 3.0. 
",bad,"[good, bad]",1,"The client has attributes: A1: 0.0, A2: 33.25, A3: 2.5, A4: 1.0, A5: 8.0, A6: 4.0, A7: 2.5, A8: 0.0, A9: 0.0, A10: 0.0, A11: 1.0, A12: 2.0, A13: 0.0, A14: 3.0."
78,"Assess the creditworthiness of a customer using the following table attributes for financial status. Respond with either 'good' or 'bad'. And all the table attribute names including 8 categorical attributes and 6 numerical attributes and values have been changed to meaningless symbols to protect confidentiality of the data. For instance, 'The client has attributes: A1: 0, A2: 21.67, A3: 11.5, A4: 1, A5: 5, A6: 3, A7: 0, A8: 1, A9: 1, A10: 11, A11: 1, A12: 2, A13: 0, A14: 1.', should be classified as 'good'. 
 Text: The client has attributes: A1: 1.0, A2: 29.5, A3: 0.58, A4: 2.0, A5: 9.0, A6: 4.0, A7: 0.29, A8: 0.0, A9: 1.0, A10: 1.0, A11: 0.0, A12: 2.0, A13: 340.0, A14: 2804.0. 
",bad,"[good, bad]",1,"The client has attributes: A1: 1.0, A2: 29.5, A3: 0.58, A4: 2.0, A5: 9.0, A6: 4.0, A7: 0.29, A8: 0.0, A9: 1.0, A10: 1.0, A11: 0.0, A12: 2.0, A13: 340.0, A14: 2804.0."
79,"Assess the creditworthiness of a customer using the following table attributes for financial status. Respond with either 'good' or 'bad'. And all the table attribute names including 8 categorical attributes and 6 numerical attributes and values have been changed to meaningless symbols to protect confidentiality of the data. For instance, 'The client has attributes: A1: 0, A2: 21.67, A3: 11.5, A4: 1, A5: 5, A6: 3, A7: 0, A8: 1, A9: 1, A10: 11, A11: 1, A12: 2, A13: 0, A14: 1.', should be classified as 'good'. 
 Text: The client has attributes: A1: 1.0, A2: 22.75, A3: 11.5, A4: 2.0, A5: 3.0, A6: 4.0, A7: 0.415, A8: 0.0, A9: 0.0, A10: 0.0, A11: 0.0, A12: 2.0, A13: 0.0, A14: 1.0. 
",bad,"[good, bad]",1,"The client has attributes: A1: 1.0, A2: 22.75, A3: 11.5, A4: 2.0, A5: 3.0, A6: 4.0, A7: 0.415, A8: 0.0, A9: 0.0, A10: 0.0, A11: 0.0, A12: 2.0, A13: 0.0, A14: 1.0."
80,"Assess the creditworthiness of a customer using the following table attributes for financial status. Respond with either 'good' or 'bad'. And all the table attribute names including 8 categorical attributes and 6 numerical attributes and values have been changed to meaningless symbols to protect confidentiality of the data. For instance, 'The client has attributes: A1: 0, A2: 21.67, A3: 11.5, A4: 1, A5: 5, A6: 3, A7: 0, A8: 1, A9: 1, A10: 11, A11: 1, A12: 2, A13: 0, A14: 1.', should be classified as 'good'. 
 Text: The client has attributes: A1: 1.0, A2: 37.5, A3: 1.75, A4: 1.0, A5: 8.0, A6: 5.0, A7: 0.25, A8: 1.0, A9: 0.0, A10: 0.0, A11: 1.0, A12: 2.0, A13: 164.0, A14: 401.0. 
",bad,"[good, bad]",1,"The client has attributes: A1: 1.0, A2: 37.5, A3: 1.75, A4: 1.0, A5: 8.0, A6: 5.0, A7: 0.25, A8: 1.0, A9: 0.0, A10: 0.0, A11: 1.0, A12: 2.0, A13: 164.0, A14: 401.0."
81,"Assess the creditworthiness of a customer using the following table attributes for financial status. Respond with either 'good' or 'bad'. And all the table attribute names including 8 categorical attributes and 6 numerical attributes and values have been changed to meaningless symbols to protect confidentiality of the data. For instance, 'The client has attributes: A1: 0, A2: 21.67, A3: 11.5, A4: 1, A5: 5, A6: 3, A7: 0, A8: 1, A9: 1, A10: 11, A11: 1, A12: 2, A13: 0, A14: 1.', should be classified as 'good'. 
 Text: The client has attributes: A1: 1.0, A2: 33.58, A3: 2.75, A4: 2.0, A5: 7.0, A6: 4.0, A7: 4.25, A8: 1.0, A9: 1.0, A10: 6.0, A11: 0.0, A12: 2.0, A13: 204.0, A14: 1.0. 
",good,"[good, bad]",0,"The client has attributes: A1: 1.0, A2: 33.58, A3: 2.75, A4: 2.0, A5: 7.0, A6: 4.0, A7: 4.25, A8: 1.0, A9: 1.0, A10: 6.0, A11: 0.0, A12: 2.0, A13: 204.0, A14: 1.0."
82,"Assess the creditworthiness of a customer using the following table attributes for financial status. Respond with either 'good' or 'bad'. And all the table attribute names including 8 categorical attributes and 6 numerical attributes and values have been changed to meaningless symbols to protect confidentiality of the data. For instance, 'The client has attributes: A1: 0, A2: 21.67, A3: 11.5, A4: 1, A5: 5, A6: 3, A7: 0, A8: 1, A9: 1, A10: 11, A11: 1, A12: 2, A13: 0, A14: 1.', should be classified as 'good'. 
 Text: The client has attributes: A1: 0.0, A2: 18.83, A3: 9.54, A4: 2.0, A5: 6.0, A6: 4.0, A7: 0.085, A8: 1.0, A9: 0.0, A10: 0.0, A11: 0.0, A12: 2.0, A13: 100.0, A14: 1.0. 
",good,"[good, bad]",0,"The client has attributes: A1: 0.0, A2: 18.83, A3: 9.54, A4: 2.0, A5: 6.0, A6: 4.0, A7: 0.085, A8: 1.0, A9: 0.0, A10: 0.0, A11: 0.0, A12: 2.0, A13: 100.0, A14: 1.0."
83,"Assess the creditworthiness of a customer using the following table attributes for financial status. Respond with either 'good' or 'bad'. And all the table attribute names including 8 categorical attributes and 6 numerical attributes and values have been changed to meaningless symbols to protect confidentiality of the data. For instance, 'The client has attributes: A1: 0, A2: 21.67, A3: 11.5, A4: 1, A5: 5, A6: 3, A7: 0, A8: 1, A9: 1, A10: 11, A11: 1, A12: 2, A13: 0, A14: 1.', should be classified as 'good'. 
 Text: The client has attributes: A1: 1.0, A2: 28.25, A3: 0.875, A4: 2.0, A5: 7.0, A6: 4.0, A7: 0.96, A8: 1.0, A9: 1.0, A10: 3.0, A11: 1.0, A12: 2.0, A13: 396.0, A14: 1.0. 
",good,"[good, bad]",0,"The client has attributes: A1: 1.0, A2: 28.25, A3: 0.875, A4: 2.0, A5: 7.0, A6: 4.0, A7: 0.96, A8: 1.0, A9: 1.0, A10: 3.0, A11: 1.0, A12: 2.0, A13: 396.0, A14: 1.0."
84,"Assess the creditworthiness of a customer using the following table attributes for financial status. Respond with either 'good' or 'bad'. And all the table attribute names including 8 categorical attributes and 6 numerical attributes and values have been changed to meaningless symbols to protect confidentiality of the data. For instance, 'The client has attributes: A1: 0, A2: 21.67, A3: 11.5, A4: 1, A5: 5, A6: 3, A7: 0, A8: 1, A9: 1, A10: 11, A11: 1, A12: 2, A13: 0, A14: 1.', should be classified as 'good'. 
 Text: The client has attributes: A1: 1.0, A2: 18.08, A3: 6.75, A4: 1.0, A5: 7.0, A6: 4.0, A7: 0.04, A8: 0.0, A9: 0.0, A10: 0.0, A11: 0.0, A12: 2.0, A13: 140.0, A14: 1.0. 
",bad,"[good, bad]",1,"The client has attributes: A1: 1.0, A2: 18.08, A3: 6.75, A4: 1.0, A5: 7.0, A6: 4.0, A7: 0.04, A8: 0.0, A9: 0.0, A10: 0.0, A11: 0.0, A12: 2.0, A13: 140.0, A14: 1.0."
85,"Assess the creditworthiness of a customer using the following table attributes for financial status. Respond with either 'good' or 'bad'. And all the table attribute names including 8 categorical attributes and 6 numerical attributes and values have been changed to meaningless symbols to protect confidentiality of the data. For instance, 'The client has attributes: A1: 0, A2: 21.67, A3: 11.5, A4: 1, A5: 5, A6: 3, A7: 0, A8: 1, A9: 1, A10: 11, A11: 1, A12: 2, A13: 0, A14: 1.', should be classified as 'good'. 
 Text: The client has attributes: A1: 1.0, A2: 19.5, A3: 9.585, A4: 2.0, A5: 6.0, A6: 4.0, A7: 0.79, A8: 0.0, A9: 0.0, A10: 0.0, A11: 0.0, A12: 2.0, A13: 80.0, A14: 351.0. 
",bad,"[good, bad]",1,"The client has attributes: A1: 1.0, A2: 19.5, A3: 9.585, A4: 2.0, A5: 6.0, A6: 4.0, A7: 0.79, A8: 0.0, A9: 0.0, A10: 0.0, A11: 0.0, A12: 2.0, A13: 80.0, A14: 351.0."
86,"Assess the creditworthiness of a customer using the following table attributes for financial status. Respond with either 'good' or 'bad'. And all the table attribute names including 8 categorical attributes and 6 numerical attributes and values have been changed to meaningless symbols to protect confidentiality of the data. For instance, 'The client has attributes: A1: 0, A2: 21.67, A3: 11.5, A4: 1, A5: 5, A6: 3, A7: 0, A8: 1, A9: 1, A10: 11, A11: 1, A12: 2, A13: 0, A14: 1.', should be classified as 'good'. 
 Text: The client has attributes: A1: 1.0, A2: 20.67, A3: 5.29, A4: 2.0, A5: 11.0, A6: 4.0, A7: 0.375, A8: 1.0, A9: 1.0, A10: 1.0, A11: 0.0, A12: 2.0, A13: 160.0, A14: 1.0. 
",bad,"[good, bad]",1,"The client has attributes: A1: 1.0, A2: 20.67, A3: 5.29, A4: 2.0, A5: 11.0, A6: 4.0, A7: 0.375, A8: 1.0, A9: 1.0, A10: 1.0, A11: 0.0, A12: 2.0, A13: 160.0, A14: 1.0."
87,"Assess the creditworthiness of a customer using the following table attributes for financial status. Respond with either 'good' or 'bad'. And all the table attribute names including 8 categorical attributes and 6 numerical attributes and values have been changed to meaningless symbols to protect confidentiality of the data. For instance, 'The client has attributes: A1: 0, A2: 21.67, A3: 11.5, A4: 1, A5: 5, A6: 3, A7: 0, A8: 1, A9: 1, A10: 11, A11: 1, A12: 2, A13: 0, A14: 1.', should be classified as 'good'. 
 Text: The client has attributes: A1: 0.0, A2: 19.58, A3: 0.665, A4: 2.0, A5: 9.0, A6: 4.0, A7: 1.665, A8: 0.0, A9: 0.0, A10: 0.0, A11: 0.0, A12: 2.0, A13: 220.0, A14: 6.0. 
",bad,"[good, bad]",1,"The client has attributes: A1: 0.0, A2: 19.58, A3: 0.665, A4: 2.0, A5: 9.0, A6: 4.0, A7: 1.665, A8: 0.0, A9: 0.0, A10: 0.0, A11: 0.0, A12: 2.0, A13: 220.0, A14: 6.0."
88,"Assess the creditworthiness of a customer using the following table attributes for financial status. Respond with either 'good' or 'bad'. And all the table attribute names including 8 categorical attributes and 6 numerical attributes and values have been changed to meaningless symbols to protect confidentiality of the data. For instance, 'The client has attributes: A1: 0, A2: 21.67, A3: 11.5, A4: 1, A5: 5, A6: 3, A7: 0, A8: 1, A9: 1, A10: 11, A11: 1, A12: 2, A13: 0, A14: 1.', should be classified as 'good'. 
 Text: The client has attributes: A1: 1.0, A2: 22.25, A3: 9.0, A4: 2.0, A5: 6.0, A6: 4.0, A7: 0.085, A8: 0.0, A9: 0.0, A10: 0.0, A11: 0.0, A12: 2.0, A13: 0.0, A14: 1.0. 
",bad,"[good, bad]",1,"The client has attributes: A1: 1.0, A2: 22.25, A3: 9.0, A4: 2.0, A5: 6.0, A6: 4.0, A7: 0.085, A8: 0.0, A9: 0.0, A10: 0.0, A11: 0.0, A12: 2.0, A13: 0.0, A14: 1.0."
89,"Assess the creditworthiness of a customer using the following table attributes for financial status. Respond with either 'good' or 'bad'. And all the table attribute names including 8 categorical attributes and 6 numerical attributes and values have been changed to meaningless symbols to protect confidentiality of the data. For instance, 'The client has attributes: A1: 0, A2: 21.67, A3: 11.5, A4: 1, A5: 5, A6: 3, A7: 0, A8: 1, A9: 1, A10: 11, A11: 1, A12: 2, A13: 0, A14: 1.', should be classified as 'good'. 
 Text: The client has attributes: A1: 1.0, A2: 38.42, A3: 0.705, A4: 2.0, A5: 8.0, A6: 4.0, A7: 0.375, A8: 0.0, A9: 1.0, A10: 2.0, A11: 0.0, A12: 2.0, A13: 225.0, A14: 501.0. 
",bad,"[good, bad]",1,"The client has attributes: A1: 1.0, A2: 38.42, A3: 0.705, A4: 2.0, A5: 8.0, A6: 4.0, A7: 0.375, A8: 0.0, A9: 1.0, A10: 2.0, A11: 0.0, A12: 2.0, A13: 225.0, A14: 501.0."
90,"Assess the creditworthiness of a customer using the following table attributes for financial status. Respond with either 'good' or 'bad'. And all the table attribute names including 8 categorical attributes and 6 numerical attributes and values have been changed to meaningless symbols to protect confidentiality of the data. For instance, 'The client has attributes: A1: 0, A2: 21.67, A3: 11.5, A4: 1, A5: 5, A6: 3, A7: 0, A8: 1, A9: 1, A10: 11, A11: 1, A12: 2, A13: 0, A14: 1.', should be classified as 'good'. 
 Text: The client has attributes: A1: 1.0, A2: 74.83, A3: 19.0, A4: 1.0, A5: 1.0, A6: 1.0, A7: 0.04, A8: 0.0, A9: 1.0, A10: 2.0, A11: 0.0, A12: 2.0, A13: 0.0, A14: 352.0. 
",bad,"[good, bad]",1,"The client has attributes: A1: 1.0, A2: 74.83, A3: 19.0, A4: 1.0, A5: 1.0, A6: 1.0, A7: 0.04, A8: 0.0, A9: 1.0, A10: 2.0, A11: 0.0, A12: 2.0, A13: 0.0, A14: 352.0."
91,"Assess the creditworthiness of a customer using the following table attributes for financial status. Respond with either 'good' or 'bad'. And all the table attribute names including 8 categorical attributes and 6 numerical attributes and values have been changed to meaningless symbols to protect confidentiality of the data. For instance, 'The client has attributes: A1: 0, A2: 21.67, A3: 11.5, A4: 1, A5: 5, A6: 3, A7: 0, A8: 1, A9: 1, A10: 11, A11: 1, A12: 2, A13: 0, A14: 1.', should be classified as 'good'. 
 Text: The client has attributes: A1: 1.0, A2: 21.58, A3: 0.79, A4: 1.0, A5: 13.0, A6: 4.0, A7: 0.665, A8: 0.0, A9: 0.0, A10: 0.0, A11: 0.0, A12: 2.0, A13: 160.0, A14: 1.0. 
",bad,"[good, bad]",1,"The client has attributes: A1: 1.0, A2: 21.58, A3: 0.79, A4: 1.0, A5: 13.0, A6: 4.0, A7: 0.665, A8: 0.0, A9: 0.0, A10: 0.0, A11: 0.0, A12: 2.0, A13: 160.0, A14: 1.0."
92,"Assess the creditworthiness of a customer using the following table attributes for financial status. Respond with either 'good' or 'bad'. And all the table attribute names including 8 categorical attributes and 6 numerical attributes and values have been changed to meaningless symbols to protect confidentiality of the data. For instance, 'The client has attributes: A1: 0, A2: 21.67, A3: 11.5, A4: 1, A5: 5, A6: 3, A7: 0, A8: 1, A9: 1, A10: 11, A11: 1, A12: 2, A13: 0, A14: 1.', should be classified as 'good'. 
 Text: The client has attributes: A1: 0.0, A2: 38.33, A3: 4.415, A4: 2.0, A5: 8.0, A6: 4.0, A7: 0.125, A8: 0.0, A9: 0.0, A10: 0.0, A11: 0.0, A12: 2.0, A13: 160.0, A14: 1.0. 
",bad,"[good, bad]",1,"The client has attributes: A1: 0.0, A2: 38.33, A3: 4.415, A4: 2.0, A5: 8.0, A6: 4.0, A7: 0.125, A8: 0.0, A9: 0.0, A10: 0.0, A11: 0.0, A12: 2.0, A13: 160.0, A14: 1.0."
93,"Assess the creditworthiness of a customer using the following table attributes for financial status. Respond with either 'good' or 'bad'. And all the table attribute names including 8 categorical attributes and 6 numerical attributes and values have been changed to meaningless symbols to protect confidentiality of the data. For instance, 'The client has attributes: A1: 0, A2: 21.67, A3: 11.5, A4: 1, A5: 5, A6: 3, A7: 0, A8: 1, A9: 1, A10: 11, A11: 1, A12: 2, A13: 0, A14: 1.', should be classified as 'good'. 
 Text: The client has attributes: A1: 1.0, A2: 25.17, A3: 3.5, A4: 2.0, A5: 13.0, A6: 4.0, A7: 0.625, A8: 1.0, A9: 1.0, A10: 7.0, A11: 0.0, A12: 2.0, A13: 0.0, A14: 7060.0. 
",good,"[good, bad]",0,"The client has attributes: A1: 1.0, A2: 25.17, A3: 3.5, A4: 2.0, A5: 13.0, A6: 4.0, A7: 0.625, A8: 1.0, A9: 1.0, A10: 7.0, A11: 0.0, A12: 2.0, A13: 0.0, A14: 7060.0."
94,"Assess the creditworthiness of a customer using the following table attributes for financial status. Respond with either 'good' or 'bad'. And all the table attribute names including 8 categorical attributes and 6 numerical attributes and values have been changed to meaningless symbols to protect confidentiality of the data. For instance, 'The client has attributes: A1: 0, A2: 21.67, A3: 11.5, A4: 1, A5: 5, A6: 3, A7: 0, A8: 1, A9: 1, A10: 11, A11: 1, A12: 2, A13: 0, A14: 1.', should be classified as 'good'. 
 Text: The client has attributes: A1: 0.0, A2: 28.5, A3: 3.04, A4: 1.0, A5: 14.0, A6: 8.0, A7: 2.54, A8: 1.0, A9: 1.0, A10: 1.0, A11: 0.0, A12: 2.0, A13: 70.0, A14: 1.0. 
",good,"[good, bad]",0,"The client has attributes: A1: 0.0, A2: 28.5, A3: 3.04, A4: 1.0, A5: 14.0, A6: 8.0, A7: 2.54, A8: 1.0, A9: 1.0, A10: 1.0, A11: 0.0, A12: 2.0, A13: 70.0, A14: 1.0."
95,"Assess the creditworthiness of a customer using the following table attributes for financial status. Respond with either 'good' or 'bad'. And all the table attribute names including 8 categorical attributes and 6 numerical attributes and values have been changed to meaningless symbols to protect confidentiality of the data. For instance, 'The client has attributes: A1: 0, A2: 21.67, A3: 11.5, A4: 1, A5: 5, A6: 3, A7: 0, A8: 1, A9: 1, A10: 11, A11: 1, A12: 2, A13: 0, A14: 1.', should be classified as 'good'. 
 Text: The client has attributes: A1: 1.0, A2: 57.83, A3: 7.04, A4: 2.0, A5: 7.0, A6: 4.0, A7: 14.0, A8: 1.0, A9: 1.0, A10: 6.0, A11: 1.0, A12: 2.0, A13: 360.0, A14: 1333.0. 
",good,"[good, bad]",0,"The client has attributes: A1: 1.0, A2: 57.83, A3: 7.04, A4: 2.0, A5: 7.0, A6: 4.0, A7: 14.0, A8: 1.0, A9: 1.0, A10: 6.0, A11: 1.0, A12: 2.0, A13: 360.0, A14: 1333.0."
96,"Assess the creditworthiness of a customer using the following table attributes for financial status. Respond with either 'good' or 'bad'. And all the table attribute names including 8 categorical attributes and 6 numerical attributes and values have been changed to meaningless symbols to protect confidentiality of the data. For instance, 'The client has attributes: A1: 0, A2: 21.67, A3: 11.5, A4: 1, A5: 5, A6: 3, A7: 0, A8: 1, A9: 1, A10: 11, A11: 1, A12: 2, A13: 0, A14: 1.', should be classified as 'good'. 
 Text: The client has attributes: A1: 0.0, A2: 50.08, A3: 12.54, A4: 2.0, A5: 6.0, A6: 4.0, A7: 2.29, A8: 1.0, A9: 1.0, A10: 3.0, A11: 1.0, A12: 2.0, A13: 156.0, A14: 1.0. 
",good,"[good, bad]",0,"The client has attributes: A1: 0.0, A2: 50.08, A3: 12.54, A4: 2.0, A5: 6.0, A6: 4.0, A7: 2.29, A8: 1.0, A9: 1.0, A10: 3.0, A11: 1.0, A12: 2.0, A13: 156.0, A14: 1.0."
97,"Assess the creditworthiness of a customer using the following table attributes for financial status. Respond with either 'good' or 'bad'. And all the table attribute names including 8 categorical attributes and 6 numerical attributes and values have been changed to meaningless symbols to protect confidentiality of the data. For instance, 'The client has attributes: A1: 0, A2: 21.67, A3: 11.5, A4: 1, A5: 5, A6: 3, A7: 0, A8: 1, A9: 1, A10: 11, A11: 1, A12: 2, A13: 0, A14: 1.', should be classified as 'good'. 
 Text: The client has attributes: A1: 0.0, A2: 31.57, A3: 1.5, A4: 2.0, A5: 1.0, A6: 1.0, A7: 0.0, A8: 0.0, A9: 1.0, A10: 2.0, A11: 1.0, A12: 2.0, A13: 200.0, A14: 106.0. 
",bad,"[good, bad]",1,"The client has attributes: A1: 0.0, A2: 31.57, A3: 1.5, A4: 2.0, A5: 1.0, A6: 1.0, A7: 0.0, A8: 0.0, A9: 1.0, A10: 2.0, A11: 1.0, A12: 2.0, A13: 200.0, A14: 106.0."
98,"Assess the creditworthiness of a customer using the following table attributes for financial status. Respond with either 'good' or 'bad'. And all the table attribute names including 8 categorical attributes and 6 numerical attributes and values have been changed to meaningless symbols to protect confidentiality of the data. For instance, 'The client has attributes: A1: 0, A2: 21.67, A3: 11.5, A4: 1, A5: 5, A6: 3, A7: 0, A8: 1, A9: 1, A10: 11, A11: 1, A12: 2, A13: 0, A14: 1.', should be classified as 'good'. 
 Text: The client has attributes: A1: 1.0, A2: 23.5, A3: 2.75, A4: 2.0, A5: 1.0, A6: 1.0, A7: 4.5, A8: 0.0, A9: 0.0, A10: 0.0, A11: 0.0, A12: 2.0, A13: 160.0, A14: 26.0. 
",bad,"[good, bad]",1,"The client has attributes: A1: 1.0, A2: 23.5, A3: 2.75, A4: 2.0, A5: 1.0, A6: 1.0, A7: 4.5, A8: 0.0, A9: 0.0, A10: 0.0, A11: 0.0, A12: 2.0, A13: 160.0, A14: 26.0."
99,"Assess the creditworthiness of a customer using the following table attributes for financial status. Respond with either 'good' or 'bad'. And all the table attribute names including 8 categorical attributes and 6 numerical attributes and values have been changed to meaningless symbols to protect confidentiality of the data. For instance, 'The client has attributes: A1: 0, A2: 21.67, A3: 11.5, A4: 1, A5: 5, A6: 3, A7: 0, A8: 1, A9: 1, A10: 11, A11: 1, A12: 2, A13: 0, A14: 1.', should be classified as 'good'. 
 Text: The client has attributes: A1: 1.0, A2: 24.08, A3: 9.0, A4: 2.0, A5: 6.0, A6: 4.0, A7: 0.25, A8: 0.0, A9: 0.0, A10: 0.0, A11: 1.0, A12: 2.0, A13: 0.0, A14: 1.0. 
",bad,"[good, bad]",1,"The client has attributes: A1: 1.0, A2: 24.08, A3: 9.0, A4: 2.0, A5: 6.0, A6: 4.0, A7: 0.25, A8: 0.0, A9: 0.0, A10: 0.0, A11: 1.0, A12: 2.0, A13: 0.0, A14: 1.0."
100,"Assess the creditworthiness of a customer using the following table attributes for financial status. Respond with either 'good' or 'bad'. And all the table attribute names including 8 categorical attributes and 6 numerical attributes and values have been changed to meaningless symbols to protect confidentiality of the data. For instance, 'The client has attributes: A1: 0, A2: 21.67, A3: 11.5, A4: 1, A5: 5, A6: 3, A7: 0, A8: 1, A9: 1, A10: 11, A11: 1, A12: 2, A13: 0, A14: 1.', should be classified as 'good'. 
 Text: The client has attributes: A1: 1.0, A2: 24.17, A3: 0.875, A4: 2.0, A5: 11.0, A6: 4.0, A7: 4.625, A8: 1.0, A9: 1.0, A10: 2.0, A11: 1.0, A12: 2.0, A13: 520.0, A14: 2001.0. 
",good,"[good, bad]",0,"The client has attributes: A1: 1.0, A2: 24.17, A3: 0.875, A4: 2.0, A5: 11.0, A6: 4.0, A7: 4.625, A8: 1.0, A9: 1.0, A10: 2.0, A11: 1.0, A12: 2.0, A13: 520.0, A14: 2001.0."
101,"Assess the creditworthiness of a customer using the following table attributes for financial status. Respond with either 'good' or 'bad'. And all the table attribute names including 8 categorical attributes and 6 numerical attributes and values have been changed to meaningless symbols to protect confidentiality of the data. For instance, 'The client has attributes: A1: 0, A2: 21.67, A3: 11.5, A4: 1, A5: 5, A6: 3, A7: 0, A8: 1, A9: 1, A10: 11, A11: 1, A12: 2, A13: 0, A14: 1.', should be classified as 'good'. 
 Text: The client has attributes: A1: 0.0, A2: 21.92, A3: 11.665, A4: 2.0, A5: 4.0, A6: 8.0, A7: 0.085, A8: 0.0, A9: 0.0, A10: 0.0, A11: 0.0, A12: 2.0, A13: 320.0, A14: 6.0. 
",bad,"[good, bad]",1,"The client has attributes: A1: 0.0, A2: 21.92, A3: 11.665, A4: 2.0, A5: 4.0, A6: 8.0, A7: 0.085, A8: 0.0, A9: 0.0, A10: 0.0, A11: 0.0, A12: 2.0, A13: 320.0, A14: 6.0."
102,"Assess the creditworthiness of a customer using the following table attributes for financial status. Respond with either 'good' or 'bad'. And all the table attribute names including 8 categorical attributes and 6 numerical attributes and values have been changed to meaningless symbols to protect confidentiality of the data. For instance, 'The client has attributes: A1: 0, A2: 21.67, A3: 11.5, A4: 1, A5: 5, A6: 3, A7: 0, A8: 1, A9: 1, A10: 11, A11: 1, A12: 2, A13: 0, A14: 1.', should be classified as 'good'. 
 Text: The client has attributes: A1: 0.0, A2: 31.25, A3: 3.75, A4: 2.0, A5: 13.0, A6: 8.0, A7: 0.625, A8: 1.0, A9: 1.0, A10: 9.0, A11: 1.0, A12: 2.0, A13: 181.0, A14: 1.0. 
",good,"[good, bad]",0,"The client has attributes: A1: 0.0, A2: 31.25, A3: 3.75, A4: 2.0, A5: 13.0, A6: 8.0, A7: 0.625, A8: 1.0, A9: 1.0, A10: 9.0, A11: 1.0, A12: 2.0, A13: 181.0, A14: 1.0."
103,"Assess the creditworthiness of a customer using the following table attributes for financial status. Respond with either 'good' or 'bad'. And all the table attribute names including 8 categorical attributes and 6 numerical attributes and values have been changed to meaningless symbols to protect confidentiality of the data. For instance, 'The client has attributes: A1: 0, A2: 21.67, A3: 11.5, A4: 1, A5: 5, A6: 3, A7: 0, A8: 1, A9: 1, A10: 11, A11: 1, A12: 2, A13: 0, A14: 1.', should be classified as 'good'. 
 Text: The client has attributes: A1: 1.0, A2: 18.0, A3: 0.165, A4: 2.0, A5: 11.0, A6: 7.0, A7: 0.21, A8: 0.0, A9: 0.0, A10: 0.0, A11: 0.0, A12: 2.0, A13: 200.0, A14: 41.0. 
",good,"[good, bad]",0,"The client has attributes: A1: 1.0, A2: 18.0, A3: 0.165, A4: 2.0, A5: 11.0, A6: 7.0, A7: 0.21, A8: 0.0, A9: 0.0, A10: 0.0, A11: 0.0, A12: 2.0, A13: 200.0, A14: 41.0."
104,"Assess the creditworthiness of a customer using the following table attributes for financial status. Respond with either 'good' or 'bad'. And all the table attribute names including 8 categorical attributes and 6 numerical attributes and values have been changed to meaningless symbols to protect confidentiality of the data. For instance, 'The client has attributes: A1: 0, A2: 21.67, A3: 11.5, A4: 1, A5: 5, A6: 3, A7: 0, A8: 1, A9: 1, A10: 11, A11: 1, A12: 2, A13: 0, A14: 1.', should be classified as 'good'. 
 Text: The client has attributes: A1: 1.0, A2: 20.08, A3: 0.25, A4: 2.0, A5: 11.0, A6: 4.0, A7: 0.125, A8: 0.0, A9: 0.0, A10: 0.0, A11: 0.0, A12: 2.0, A13: 200.0, A14: 1.0. 
",bad,"[good, bad]",1,"The client has attributes: A1: 1.0, A2: 20.08, A3: 0.25, A4: 2.0, A5: 11.0, A6: 4.0, A7: 0.125, A8: 0.0, A9: 0.0, A10: 0.0, A11: 0.0, A12: 2.0, A13: 200.0, A14: 1.0."
105,"Assess the creditworthiness of a customer using the following table attributes for financial status. Respond with either 'good' or 'bad'. And all the table attribute names including 8 categorical attributes and 6 numerical attributes and values have been changed to meaningless symbols to protect confidentiality of the data. For instance, 'The client has attributes: A1: 0, A2: 21.67, A3: 11.5, A4: 1, A5: 5, A6: 3, A7: 0, A8: 1, A9: 1, A10: 11, A11: 1, A12: 2, A13: 0, A14: 1.', should be classified as 'good'. 
 Text: The client has attributes: A1: 1.0, A2: 21.92, A3: 0.5, A4: 2.0, A5: 8.0, A6: 4.0, A7: 0.125, A8: 0.0, A9: 0.0, A10: 0.0, A11: 0.0, A12: 2.0, A13: 360.0, A14: 1.0. 
",bad,"[good, bad]",1,"The client has attributes: A1: 1.0, A2: 21.92, A3: 0.5, A4: 2.0, A5: 8.0, A6: 4.0, A7: 0.125, A8: 0.0, A9: 0.0, A10: 0.0, A11: 0.0, A12: 2.0, A13: 360.0, A14: 1.0."
106,"Assess the creditworthiness of a customer using the following table attributes for financial status. Respond with either 'good' or 'bad'. And all the table attribute names including 8 categorical attributes and 6 numerical attributes and values have been changed to meaningless symbols to protect confidentiality of the data. For instance, 'The client has attributes: A1: 0, A2: 21.67, A3: 11.5, A4: 1, A5: 5, A6: 3, A7: 0, A8: 1, A9: 1, A10: 11, A11: 1, A12: 2, A13: 0, A14: 1.', should be classified as 'good'. 
 Text: The client has attributes: A1: 1.0, A2: 48.08, A3: 3.75, A4: 2.0, A5: 3.0, A6: 5.0, A7: 1.0, A8: 0.0, A9: 0.0, A10: 0.0, A11: 0.0, A12: 2.0, A13: 100.0, A14: 3.0. 
",bad,"[good, bad]",1,"The client has attributes: A1: 1.0, A2: 48.08, A3: 3.75, A4: 2.0, A5: 3.0, A6: 5.0, A7: 1.0, A8: 0.0, A9: 0.0, A10: 0.0, A11: 0.0, A12: 2.0, A13: 100.0, A14: 3.0."
107,"Assess the creditworthiness of a customer using the following table attributes for financial status. Respond with either 'good' or 'bad'. And all the table attribute names including 8 categorical attributes and 6 numerical attributes and values have been changed to meaningless symbols to protect confidentiality of the data. For instance, 'The client has attributes: A1: 0, A2: 21.67, A3: 11.5, A4: 1, A5: 5, A6: 3, A7: 0, A8: 1, A9: 1, A10: 11, A11: 1, A12: 2, A13: 0, A14: 1.', should be classified as 'good'. 
 Text: The client has attributes: A1: 0.0, A2: 47.0, A3: 13.0, A4: 2.0, A5: 3.0, A6: 5.0, A7: 5.165, A8: 1.0, A9: 1.0, A10: 9.0, A11: 1.0, A12: 2.0, A13: 0.0, A14: 1.0. 
",good,"[good, bad]",0,"The client has attributes: A1: 0.0, A2: 47.0, A3: 13.0, A4: 2.0, A5: 3.0, A6: 5.0, A7: 5.165, A8: 1.0, A9: 1.0, A10: 9.0, A11: 1.0, A12: 2.0, A13: 0.0, A14: 1.0."
108,"Assess the creditworthiness of a customer using the following table attributes for financial status. Respond with either 'good' or 'bad'. And all the table attribute names including 8 categorical attributes and 6 numerical attributes and values have been changed to meaningless symbols to protect confidentiality of the data. For instance, 'The client has attributes: A1: 0, A2: 21.67, A3: 11.5, A4: 1, A5: 5, A6: 3, A7: 0, A8: 1, A9: 1, A10: 11, A11: 1, A12: 2, A13: 0, A14: 1.', should be classified as 'good'. 
 Text: The client has attributes: A1: 1.0, A2: 19.67, A3: 0.375, A4: 2.0, A5: 11.0, A6: 4.0, A7: 2.0, A8: 1.0, A9: 1.0, A10: 2.0, A11: 1.0, A12: 2.0, A13: 80.0, A14: 1.0. 
",good,"[good, bad]",0,"The client has attributes: A1: 1.0, A2: 19.67, A3: 0.375, A4: 2.0, A5: 11.0, A6: 4.0, A7: 2.0, A8: 1.0, A9: 1.0, A10: 2.0, A11: 1.0, A12: 2.0, A13: 80.0, A14: 1.0."
109,"Assess the creditworthiness of a customer using the following table attributes for financial status. Respond with either 'good' or 'bad'. And all the table attribute names including 8 categorical attributes and 6 numerical attributes and values have been changed to meaningless symbols to protect confidentiality of the data. For instance, 'The client has attributes: A1: 0, A2: 21.67, A3: 11.5, A4: 1, A5: 5, A6: 3, A7: 0, A8: 1, A9: 1, A10: 11, A11: 1, A12: 2, A13: 0, A14: 1.', should be classified as 'good'. 
 Text: The client has attributes: A1: 1.0, A2: 32.0, A3: 1.75, A4: 1.0, A5: 10.0, A6: 8.0, A7: 0.04, A8: 1.0, A9: 0.0, A10: 0.0, A11: 1.0, A12: 2.0, A13: 393.0, A14: 1.0. 
",good,"[good, bad]",0,"The client has attributes: A1: 1.0, A2: 32.0, A3: 1.75, A4: 1.0, A5: 10.0, A6: 8.0, A7: 0.04, A8: 1.0, A9: 0.0, A10: 0.0, A11: 1.0, A12: 2.0, A13: 393.0, A14: 1.0."
110,"Assess the creditworthiness of a customer using the following table attributes for financial status. Respond with either 'good' or 'bad'. And all the table attribute names including 8 categorical attributes and 6 numerical attributes and values have been changed to meaningless symbols to protect confidentiality of the data. For instance, 'The client has attributes: A1: 0, A2: 21.67, A3: 11.5, A4: 1, A5: 5, A6: 3, A7: 0, A8: 1, A9: 1, A10: 11, A11: 1, A12: 2, A13: 0, A14: 1.', should be classified as 'good'. 
 Text: The client has attributes: A1: 1.0, A2: 31.67, A3: 16.165, A4: 2.0, A5: 2.0, A6: 4.0, A7: 3.0, A8: 1.0, A9: 1.0, A10: 9.0, A11: 0.0, A12: 2.0, A13: 250.0, A14: 731.0. 
",good,"[good, bad]",0,"The client has attributes: A1: 1.0, A2: 31.67, A3: 16.165, A4: 2.0, A5: 2.0, A6: 4.0, A7: 3.0, A8: 1.0, A9: 1.0, A10: 9.0, A11: 0.0, A12: 2.0, A13: 250.0, A14: 731.0."
111,"Assess the creditworthiness of a customer using the following table attributes for financial status. Respond with either 'good' or 'bad'. And all the table attribute names including 8 categorical attributes and 6 numerical attributes and values have been changed to meaningless symbols to protect confidentiality of the data. For instance, 'The client has attributes: A1: 0, A2: 21.67, A3: 11.5, A4: 1, A5: 5, A6: 3, A7: 0, A8: 1, A9: 1, A10: 11, A11: 1, A12: 2, A13: 0, A14: 1.', should be classified as 'good'. 
 Text: The client has attributes: A1: 1.0, A2: 30.83, A3: 0.0, A4: 2.0, A5: 9.0, A6: 4.0, A7: 1.25, A8: 1.0, A9: 1.0, A10: 1.0, A11: 0.0, A12: 2.0, A13: 202.0, A14: 1.0. 
",good,"[good, bad]",0,"The client has attributes: A1: 1.0, A2: 30.83, A3: 0.0, A4: 2.0, A5: 9.0, A6: 4.0, A7: 1.25, A8: 1.0, A9: 1.0, A10: 1.0, A11: 0.0, A12: 2.0, A13: 202.0, A14: 1.0."
112,"Assess the creditworthiness of a customer using the following table attributes for financial status. Respond with either 'good' or 'bad'. And all the table attribute names including 8 categorical attributes and 6 numerical attributes and values have been changed to meaningless symbols to protect confidentiality of the data. For instance, 'The client has attributes: A1: 0, A2: 21.67, A3: 11.5, A4: 1, A5: 5, A6: 3, A7: 0, A8: 1, A9: 1, A10: 11, A11: 1, A12: 2, A13: 0, A14: 1.', should be classified as 'good'. 
 Text: The client has attributes: A1: 0.0, A2: 24.5, A3: 1.04, A4: 1.0, A5: 1.0, A6: 1.0, A7: 0.5, A8: 1.0, A9: 1.0, A10: 3.0, A11: 0.0, A12: 2.0, A13: 180.0, A14: 148.0. 
",bad,"[good, bad]",1,"The client has attributes: A1: 0.0, A2: 24.5, A3: 1.04, A4: 1.0, A5: 1.0, A6: 1.0, A7: 0.5, A8: 1.0, A9: 1.0, A10: 3.0, A11: 0.0, A12: 2.0, A13: 180.0, A14: 148.0."
113,"Assess the creditworthiness of a customer using the following table attributes for financial status. Respond with either 'good' or 'bad'. And all the table attribute names including 8 categorical attributes and 6 numerical attributes and values have been changed to meaningless symbols to protect confidentiality of the data. For instance, 'The client has attributes: A1: 0, A2: 21.67, A3: 11.5, A4: 1, A5: 5, A6: 3, A7: 0, A8: 1, A9: 1, A10: 11, A11: 1, A12: 2, A13: 0, A14: 1.', should be classified as 'good'. 
 Text: The client has attributes: A1: 1.0, A2: 34.08, A3: 0.08, A4: 1.0, A5: 7.0, A6: 5.0, A7: 0.04, A8: 1.0, A9: 1.0, A10: 1.0, A11: 1.0, A12: 2.0, A13: 280.0, A14: 2001.0. 
",good,"[good, bad]",0,"The client has attributes: A1: 1.0, A2: 34.08, A3: 0.08, A4: 1.0, A5: 7.0, A6: 5.0, A7: 0.04, A8: 1.0, A9: 1.0, A10: 1.0, A11: 1.0, A12: 2.0, A13: 280.0, A14: 2001.0."
114,"Assess the creditworthiness of a customer using the following table attributes for financial status. Respond with either 'good' or 'bad'. And all the table attribute names including 8 categorical attributes and 6 numerical attributes and values have been changed to meaningless symbols to protect confidentiality of the data. For instance, 'The client has attributes: A1: 0, A2: 21.67, A3: 11.5, A4: 1, A5: 5, A6: 3, A7: 0, A8: 1, A9: 1, A10: 11, A11: 1, A12: 2, A13: 0, A14: 1.', should be classified as 'good'. 
 Text: The client has attributes: A1: 1.0, A2: 47.67, A3: 0.29, A4: 2.0, A5: 8.0, A6: 5.0, A7: 15.0, A8: 1.0, A9: 1.0, A10: 20.0, A11: 0.0, A12: 2.0, A13: 0.0, A14: 15001.0. 
",good,"[good, bad]",0,"The client has attributes: A1: 1.0, A2: 47.67, A3: 0.29, A4: 2.0, A5: 8.0, A6: 5.0, A7: 15.0, A8: 1.0, A9: 1.0, A10: 20.0, A11: 0.0, A12: 2.0, A13: 0.0, A14: 15001.0."
115,"Assess the creditworthiness of a customer using the following table attributes for financial status. Respond with either 'good' or 'bad'. And all the table attribute names including 8 categorical attributes and 6 numerical attributes and values have been changed to meaningless symbols to protect confidentiality of the data. For instance, 'The client has attributes: A1: 0, A2: 21.67, A3: 11.5, A4: 1, A5: 5, A6: 3, A7: 0, A8: 1, A9: 1, A10: 11, A11: 1, A12: 2, A13: 0, A14: 1.', should be classified as 'good'. 
 Text: The client has attributes: A1: 0.0, A2: 57.08, A3: 0.335, A4: 2.0, A5: 3.0, A6: 5.0, A7: 1.0, A8: 1.0, A9: 0.0, A10: 0.0, A11: 1.0, A12: 2.0, A13: 252.0, A14: 2198.0. 
",bad,"[good, bad]",1,"The client has attributes: A1: 0.0, A2: 57.08, A3: 0.335, A4: 2.0, A5: 3.0, A6: 5.0, A7: 1.0, A8: 1.0, A9: 0.0, A10: 0.0, A11: 1.0, A12: 2.0, A13: 252.0, A14: 2198.0."
116,"Assess the creditworthiness of a customer using the following table attributes for financial status. Respond with either 'good' or 'bad'. And all the table attribute names including 8 categorical attributes and 6 numerical attributes and values have been changed to meaningless symbols to protect confidentiality of the data. For instance, 'The client has attributes: A1: 0, A2: 21.67, A3: 11.5, A4: 1, A5: 5, A6: 3, A7: 0, A8: 1, A9: 1, A10: 11, A11: 1, A12: 2, A13: 0, A14: 1.', should be classified as 'good'. 
 Text: The client has attributes: A1: 1.0, A2: 22.67, A3: 0.75, A4: 2.0, A5: 3.0, A6: 4.0, A7: 1.585, A8: 0.0, A9: 1.0, A10: 1.0, A11: 1.0, A12: 2.0, A13: 400.0, A14: 10.0. 
",bad,"[good, bad]",1,"The client has attributes: A1: 1.0, A2: 22.67, A3: 0.75, A4: 2.0, A5: 3.0, A6: 4.0, A7: 1.585, A8: 0.0, A9: 1.0, A10: 1.0, A11: 1.0, A12: 2.0, A13: 400.0, A14: 10.0."
117,"Assess the creditworthiness of a customer using the following table attributes for financial status. Respond with either 'good' or 'bad'. And all the table attribute names including 8 categorical attributes and 6 numerical attributes and values have been changed to meaningless symbols to protect confidentiality of the data. For instance, 'The client has attributes: A1: 0, A2: 21.67, A3: 11.5, A4: 1, A5: 5, A6: 3, A7: 0, A8: 1, A9: 1, A10: 11, A11: 1, A12: 2, A13: 0, A14: 1.', should be classified as 'good'. 
 Text: The client has attributes: A1: 1.0, A2: 32.08, A3: 4.0, A4: 2.0, A5: 7.0, A6: 4.0, A7: 2.5, A8: 1.0, A9: 0.0, A10: 0.0, A11: 1.0, A12: 2.0, A13: 360.0, A14: 1.0. 
",good,"[good, bad]",0,"The client has attributes: A1: 1.0, A2: 32.08, A3: 4.0, A4: 2.0, A5: 7.0, A6: 4.0, A7: 2.5, A8: 1.0, A9: 0.0, A10: 0.0, A11: 1.0, A12: 2.0, A13: 360.0, A14: 1.0."
118,"Assess the creditworthiness of a customer using the following table attributes for financial status. Respond with either 'good' or 'bad'. And all the table attribute names including 8 categorical attributes and 6 numerical attributes and values have been changed to meaningless symbols to protect confidentiality of the data. For instance, 'The client has attributes: A1: 0, A2: 21.67, A3: 11.5, A4: 1, A5: 5, A6: 3, A7: 0, A8: 1, A9: 1, A10: 11, A11: 1, A12: 2, A13: 0, A14: 1.', should be classified as 'good'. 
 Text: The client has attributes: A1: 0.0, A2: 25.08, A3: 2.54, A4: 1.0, A5: 6.0, A6: 4.0, A7: 0.25, A8: 1.0, A9: 0.0, A10: 0.0, A11: 1.0, A12: 2.0, A13: 370.0, A14: 1.0. 
",good,"[good, bad]",0,"The client has attributes: A1: 0.0, A2: 25.08, A3: 2.54, A4: 1.0, A5: 6.0, A6: 4.0, A7: 0.25, A8: 1.0, A9: 0.0, A10: 0.0, A11: 1.0, A12: 2.0, A13: 370.0, A14: 1.0."
119,"Assess the creditworthiness of a customer using the following table attributes for financial status. Respond with either 'good' or 'bad'. And all the table attribute names including 8 categorical attributes and 6 numerical attributes and values have been changed to meaningless symbols to protect confidentiality of the data. For instance, 'The client has attributes: A1: 0, A2: 21.67, A3: 11.5, A4: 1, A5: 5, A6: 3, A7: 0, A8: 1, A9: 1, A10: 11, A11: 1, A12: 2, A13: 0, A14: 1.', should be classified as 'good'. 
 Text: The client has attributes: A1: 1.0, A2: 19.42, A3: 6.5, A4: 2.0, A5: 9.0, A6: 8.0, A7: 1.46, A8: 1.0, A9: 1.0, A10: 7.0, A11: 0.0, A12: 2.0, A13: 80.0, A14: 2955.0. 
",good,"[good, bad]",0,"The client has attributes: A1: 1.0, A2: 19.42, A3: 6.5, A4: 2.0, A5: 9.0, A6: 8.0, A7: 1.46, A8: 1.0, A9: 1.0, A10: 7.0, A11: 0.0, A12: 2.0, A13: 80.0, A14: 2955.0."
120,"Assess the creditworthiness of a customer using the following table attributes for financial status. Respond with either 'good' or 'bad'. And all the table attribute names including 8 categorical attributes and 6 numerical attributes and values have been changed to meaningless symbols to protect confidentiality of the data. For instance, 'The client has attributes: A1: 0, A2: 21.67, A3: 11.5, A4: 1, A5: 5, A6: 3, A7: 0, A8: 1, A9: 1, A10: 11, A11: 1, A12: 2, A13: 0, A14: 1.', should be classified as 'good'. 
 Text: The client has attributes: A1: 1.0, A2: 23.92, A3: 1.5, A4: 2.0, A5: 2.0, A6: 8.0, A7: 1.875, A8: 1.0, A9: 1.0, A10: 6.0, A11: 0.0, A12: 2.0, A13: 200.0, A14: 328.0. 
",good,"[good, bad]",0,"The client has attributes: A1: 1.0, A2: 23.92, A3: 1.5, A4: 2.0, A5: 2.0, A6: 8.0, A7: 1.875, A8: 1.0, A9: 1.0, A10: 6.0, A11: 0.0, A12: 2.0, A13: 200.0, A14: 328.0."
121,"Assess the creditworthiness of a customer using the following table attributes for financial status. Respond with either 'good' or 'bad'. And all the table attribute names including 8 categorical attributes and 6 numerical attributes and values have been changed to meaningless symbols to protect confidentiality of the data. For instance, 'The client has attributes: A1: 0, A2: 21.67, A3: 11.5, A4: 1, A5: 5, A6: 3, A7: 0, A8: 1, A9: 1, A10: 11, A11: 1, A12: 2, A13: 0, A14: 1.', should be classified as 'good'. 
 Text: The client has attributes: A1: 0.0, A2: 28.17, A3: 0.375, A4: 2.0, A5: 11.0, A6: 4.0, A7: 0.585, A8: 1.0, A9: 1.0, A10: 4.0, A11: 0.0, A12: 2.0, A13: 80.0, A14: 1.0. 
",good,"[good, bad]",0,"The client has attributes: A1: 0.0, A2: 28.17, A3: 0.375, A4: 2.0, A5: 11.0, A6: 4.0, A7: 0.585, A8: 1.0, A9: 1.0, A10: 4.0, A11: 0.0, A12: 2.0, A13: 80.0, A14: 1.0."
122,"Assess the creditworthiness of a customer using the following table attributes for financial status. Respond with either 'good' or 'bad'. And all the table attribute names including 8 categorical attributes and 6 numerical attributes and values have been changed to meaningless symbols to protect confidentiality of the data. For instance, 'The client has attributes: A1: 0, A2: 21.67, A3: 11.5, A4: 1, A5: 5, A6: 3, A7: 0, A8: 1, A9: 1, A10: 11, A11: 1, A12: 2, A13: 0, A14: 1.', should be classified as 'good'. 
 Text: The client has attributes: A1: 0.0, A2: 23.58, A3: 0.585, A4: 1.0, A5: 1.0, A6: 1.0, A7: 0.125, A8: 0.0, A9: 0.0, A10: 0.0, A11: 0.0, A12: 2.0, A13: 120.0, A14: 88.0. 
",bad,"[good, bad]",1,"The client has attributes: A1: 0.0, A2: 23.58, A3: 0.585, A4: 1.0, A5: 1.0, A6: 1.0, A7: 0.125, A8: 0.0, A9: 0.0, A10: 0.0, A11: 0.0, A12: 2.0, A13: 120.0, A14: 88.0."
123,"Assess the creditworthiness of a customer using the following table attributes for financial status. Respond with either 'good' or 'bad'. And all the table attribute names including 8 categorical attributes and 6 numerical attributes and values have been changed to meaningless symbols to protect confidentiality of the data. For instance, 'The client has attributes: A1: 0, A2: 21.67, A3: 11.5, A4: 1, A5: 5, A6: 3, A7: 0, A8: 1, A9: 1, A10: 11, A11: 1, A12: 2, A13: 0, A14: 1.', should be classified as 'good'. 
 Text: The client has attributes: A1: 1.0, A2: 24.58, A3: 13.5, A4: 1.0, A5: 1.0, A6: 1.0, A7: 0.0, A8: 0.0, A9: 0.0, A10: 0.0, A11: 0.0, A12: 2.0, A13: 184.0, A14: 1.0. 
",bad,"[good, bad]",1,"The client has attributes: A1: 1.0, A2: 24.58, A3: 13.5, A4: 1.0, A5: 1.0, A6: 1.0, A7: 0.0, A8: 0.0, A9: 0.0, A10: 0.0, A11: 0.0, A12: 2.0, A13: 184.0, A14: 1.0."
124,"Assess the creditworthiness of a customer using the following table attributes for financial status. Respond with either 'good' or 'bad'. And all the table attribute names including 8 categorical attributes and 6 numerical attributes and values have been changed to meaningless symbols to protect confidentiality of the data. For instance, 'The client has attributes: A1: 0, A2: 21.67, A3: 11.5, A4: 1, A5: 5, A6: 3, A7: 0, A8: 1, A9: 1, A10: 11, A11: 1, A12: 2, A13: 0, A14: 1.', should be classified as 'good'. 
 Text: The client has attributes: A1: 1.0, A2: 35.75, A3: 2.415, A4: 2.0, A5: 9.0, A6: 4.0, A7: 0.125, A8: 0.0, A9: 1.0, A10: 2.0, A11: 0.0, A12: 2.0, A13: 220.0, A14: 2.0. 
",bad,"[good, bad]",1,"The client has attributes: A1: 1.0, A2: 35.75, A3: 2.415, A4: 2.0, A5: 9.0, A6: 4.0, A7: 0.125, A8: 0.0, A9: 1.0, A10: 2.0, A11: 0.0, A12: 2.0, A13: 220.0, A14: 2.0."
125,"Assess the creditworthiness of a customer using the following table attributes for financial status. Respond with either 'good' or 'bad'. And all the table attribute names including 8 categorical attributes and 6 numerical attributes and values have been changed to meaningless symbols to protect confidentiality of the data. For instance, 'The client has attributes: A1: 0, A2: 21.67, A3: 11.5, A4: 1, A5: 5, A6: 3, A7: 0, A8: 1, A9: 1, A10: 11, A11: 1, A12: 2, A13: 0, A14: 1.', should be classified as 'good'. 
 Text: The client has attributes: A1: 1.0, A2: 30.17, A3: 6.5, A4: 2.0, A5: 13.0, A6: 4.0, A7: 3.125, A8: 1.0, A9: 1.0, A10: 8.0, A11: 0.0, A12: 2.0, A13: 330.0, A14: 1201.0. 
",good,"[good, bad]",0,"The client has attributes: A1: 1.0, A2: 30.17, A3: 6.5, A4: 2.0, A5: 13.0, A6: 4.0, A7: 3.125, A8: 1.0, A9: 1.0, A10: 8.0, A11: 0.0, A12: 2.0, A13: 330.0, A14: 1201.0."
126,"Assess the creditworthiness of a customer using the following table attributes for financial status. Respond with either 'good' or 'bad'. And all the table attribute names including 8 categorical attributes and 6 numerical attributes and values have been changed to meaningless symbols to protect confidentiality of the data. For instance, 'The client has attributes: A1: 0, A2: 21.67, A3: 11.5, A4: 1, A5: 5, A6: 3, A7: 0, A8: 1, A9: 1, A10: 11, A11: 1, A12: 2, A13: 0, A14: 1.', should be classified as 'good'. 
 Text: The client has attributes: A1: 1.0, A2: 26.33, A3: 13.0, A4: 2.0, A5: 10.0, A6: 2.0, A7: 0.0, A8: 0.0, A9: 0.0, A10: 0.0, A11: 1.0, A12: 2.0, A13: 140.0, A14: 1111.0. 
",bad,"[good, bad]",1,"The client has attributes: A1: 1.0, A2: 26.33, A3: 13.0, A4: 2.0, A5: 10.0, A6: 2.0, A7: 0.0, A8: 0.0, A9: 0.0, A10: 0.0, A11: 1.0, A12: 2.0, A13: 140.0, A14: 1111.0."
127,"Assess the creditworthiness of a customer using the following table attributes for financial status. Respond with either 'good' or 'bad'. And all the table attribute names including 8 categorical attributes and 6 numerical attributes and values have been changed to meaningless symbols to protect confidentiality of the data. For instance, 'The client has attributes: A1: 0, A2: 21.67, A3: 11.5, A4: 1, A5: 5, A6: 3, A7: 0, A8: 1, A9: 1, A10: 11, A11: 1, A12: 2, A13: 0, A14: 1.', should be classified as 'good'. 
 Text: The client has attributes: A1: 0.0, A2: 20.75, A3: 10.335, A4: 2.0, A5: 13.0, A6: 8.0, A7: 0.335, A8: 1.0, A9: 1.0, A10: 1.0, A11: 1.0, A12: 2.0, A13: 80.0, A14: 51.0. 
",good,"[good, bad]",0,"The client has attributes: A1: 0.0, A2: 20.75, A3: 10.335, A4: 2.0, A5: 13.0, A6: 8.0, A7: 0.335, A8: 1.0, A9: 1.0, A10: 1.0, A11: 1.0, A12: 2.0, A13: 80.0, A14: 51.0."
128,"Assess the creditworthiness of a customer using the following table attributes for financial status. Respond with either 'good' or 'bad'. And all the table attribute names including 8 categorical attributes and 6 numerical attributes and values have been changed to meaningless symbols to protect confidentiality of the data. For instance, 'The client has attributes: A1: 0, A2: 21.67, A3: 11.5, A4: 1, A5: 5, A6: 3, A7: 0, A8: 1, A9: 1, A10: 11, A11: 1, A12: 2, A13: 0, A14: 1.', should be classified as 'good'. 
 Text: The client has attributes: A1: 1.0, A2: 31.58, A3: 0.75, A4: 1.0, A5: 6.0, A6: 4.0, A7: 3.5, A8: 0.0, A9: 0.0, A10: 0.0, A11: 1.0, A12: 2.0, A13: 320.0, A14: 1.0. 
",bad,"[good, bad]",1,"The client has attributes: A1: 1.0, A2: 31.58, A3: 0.75, A4: 1.0, A5: 6.0, A6: 4.0, A7: 3.5, A8: 0.0, A9: 0.0, A10: 0.0, A11: 1.0, A12: 2.0, A13: 320.0, A14: 1.0."
129,"Assess the creditworthiness of a customer using the following table attributes for financial status. Respond with either 'good' or 'bad'. And all the table attribute names including 8 categorical attributes and 6 numerical attributes and values have been changed to meaningless symbols to protect confidentiality of the data. For instance, 'The client has attributes: A1: 0, A2: 21.67, A3: 11.5, A4: 1, A5: 5, A6: 3, A7: 0, A8: 1, A9: 1, A10: 11, A11: 1, A12: 2, A13: 0, A14: 1.', should be classified as 'good'. 
 Text: The client has attributes: A1: 0.0, A2: 23.42, A3: 0.79, A4: 1.0, A5: 11.0, A6: 4.0, A7: 1.5, A8: 1.0, A9: 1.0, A10: 2.0, A11: 1.0, A12: 2.0, A13: 80.0, A14: 401.0. 
",good,"[good, bad]",0,"The client has attributes: A1: 0.0, A2: 23.42, A3: 0.79, A4: 1.0, A5: 11.0, A6: 4.0, A7: 1.5, A8: 1.0, A9: 1.0, A10: 2.0, A11: 1.0, A12: 2.0, A13: 80.0, A14: 401.0."
130,"Assess the creditworthiness of a customer using the following table attributes for financial status. Respond with either 'good' or 'bad'. And all the table attribute names including 8 categorical attributes and 6 numerical attributes and values have been changed to meaningless symbols to protect confidentiality of the data. For instance, 'The client has attributes: A1: 0, A2: 21.67, A3: 11.5, A4: 1, A5: 5, A6: 3, A7: 0, A8: 1, A9: 1, A10: 11, A11: 1, A12: 2, A13: 0, A14: 1.', should be classified as 'good'. 
 Text: The client has attributes: A1: 1.0, A2: 16.08, A3: 0.75, A4: 2.0, A5: 8.0, A6: 4.0, A7: 1.75, A8: 1.0, A9: 1.0, A10: 5.0, A11: 1.0, A12: 2.0, A13: 352.0, A14: 691.0. 
",good,"[good, bad]",0,"The client has attributes: A1: 1.0, A2: 16.08, A3: 0.75, A4: 2.0, A5: 8.0, A6: 4.0, A7: 1.75, A8: 1.0, A9: 1.0, A10: 5.0, A11: 1.0, A12: 2.0, A13: 352.0, A14: 691.0."
131,"Assess the creditworthiness of a customer using the following table attributes for financial status. Respond with either 'good' or 'bad'. And all the table attribute names including 8 categorical attributes and 6 numerical attributes and values have been changed to meaningless symbols to protect confidentiality of the data. For instance, 'The client has attributes: A1: 0, A2: 21.67, A3: 11.5, A4: 1, A5: 5, A6: 3, A7: 0, A8: 1, A9: 1, A10: 11, A11: 1, A12: 2, A13: 0, A14: 1.', should be classified as 'good'. 
 Text: The client has attributes: A1: 1.0, A2: 26.92, A3: 2.25, A4: 2.0, A5: 3.0, A6: 5.0, A7: 0.5, A8: 0.0, A9: 0.0, A10: 0.0, A11: 1.0, A12: 2.0, A13: 640.0, A14: 4001.0. 
",bad,"[good, bad]",1,"The client has attributes: A1: 1.0, A2: 26.92, A3: 2.25, A4: 2.0, A5: 3.0, A6: 5.0, A7: 0.5, A8: 0.0, A9: 0.0, A10: 0.0, A11: 1.0, A12: 2.0, A13: 640.0, A14: 4001.0."
132,"Assess the creditworthiness of a customer using the following table attributes for financial status. Respond with either 'good' or 'bad'. And all the table attribute names including 8 categorical attributes and 6 numerical attributes and values have been changed to meaningless symbols to protect confidentiality of the data. For instance, 'The client has attributes: A1: 0, A2: 21.67, A3: 11.5, A4: 1, A5: 5, A6: 3, A7: 0, A8: 1, A9: 1, A10: 11, A11: 1, A12: 2, A13: 0, A14: 1.', should be classified as 'good'. 
 Text: The client has attributes: A1: 1.0, A2: 41.17, A3: 4.04, A4: 2.0, A5: 13.0, A6: 8.0, A7: 7.0, A8: 1.0, A9: 1.0, A10: 8.0, A11: 0.0, A12: 2.0, A13: 320.0, A14: 1.0. 
",good,"[good, bad]",0,"The client has attributes: A1: 1.0, A2: 41.17, A3: 4.04, A4: 2.0, A5: 13.0, A6: 8.0, A7: 7.0, A8: 1.0, A9: 1.0, A10: 8.0, A11: 0.0, A12: 2.0, A13: 320.0, A14: 1.0."
133,"Assess the creditworthiness of a customer using the following table attributes for financial status. Respond with either 'good' or 'bad'. And all the table attribute names including 8 categorical attributes and 6 numerical attributes and values have been changed to meaningless symbols to protect confidentiality of the data. For instance, 'The client has attributes: A1: 0, A2: 21.67, A3: 11.5, A4: 1, A5: 5, A6: 3, A7: 0, A8: 1, A9: 1, A10: 11, A11: 1, A12: 2, A13: 0, A14: 1.', should be classified as 'good'. 
 Text: The client has attributes: A1: 0.0, A2: 42.25, A3: 1.75, A4: 1.0, A5: 8.0, A6: 4.0, A7: 0.0, A8: 0.0, A9: 0.0, A10: 0.0, A11: 1.0, A12: 2.0, A13: 150.0, A14: 2.0. 
",bad,"[good, bad]",1,"The client has attributes: A1: 0.0, A2: 42.25, A3: 1.75, A4: 1.0, A5: 8.0, A6: 4.0, A7: 0.0, A8: 0.0, A9: 0.0, A10: 0.0, A11: 1.0, A12: 2.0, A13: 150.0, A14: 2.0."
134,"Assess the creditworthiness of a customer using the following table attributes for financial status. Respond with either 'good' or 'bad'. And all the table attribute names including 8 categorical attributes and 6 numerical attributes and values have been changed to meaningless symbols to protect confidentiality of the data. For instance, 'The client has attributes: A1: 0, A2: 21.67, A3: 11.5, A4: 1, A5: 5, A6: 3, A7: 0, A8: 1, A9: 1, A10: 11, A11: 1, A12: 2, A13: 0, A14: 1.', should be classified as 'good'. 
 Text: The client has attributes: A1: 0.0, A2: 21.5, A3: 6.0, A4: 2.0, A5: 6.0, A6: 4.0, A7: 2.5, A8: 1.0, A9: 1.0, A10: 3.0, A11: 0.0, A12: 2.0, A13: 80.0, A14: 919.0. 
",good,"[good, bad]",0,"The client has attributes: A1: 0.0, A2: 21.5, A3: 6.0, A4: 2.0, A5: 6.0, A6: 4.0, A7: 2.5, A8: 1.0, A9: 1.0, A10: 3.0, A11: 0.0, A12: 2.0, A13: 80.0, A14: 919.0."
135,"Assess the creditworthiness of a customer using the following table attributes for financial status. Respond with either 'good' or 'bad'. And all the table attribute names including 8 categorical attributes and 6 numerical attributes and values have been changed to meaningless symbols to protect confidentiality of the data. For instance, 'The client has attributes: A1: 0, A2: 21.67, A3: 11.5, A4: 1, A5: 5, A6: 3, A7: 0, A8: 1, A9: 1, A10: 11, A11: 1, A12: 2, A13: 0, A14: 1.', should be classified as 'good'. 
 Text: The client has attributes: A1: 1.0, A2: 20.75, A3: 5.085, A4: 1.0, A5: 5.0, A6: 4.0, A7: 0.29, A8: 0.0, A9: 0.0, A10: 0.0, A11: 0.0, A12: 2.0, A13: 140.0, A14: 185.0. 
",bad,"[good, bad]",1,"The client has attributes: A1: 1.0, A2: 20.75, A3: 5.085, A4: 1.0, A5: 5.0, A6: 4.0, A7: 0.29, A8: 0.0, A9: 0.0, A10: 0.0, A11: 0.0, A12: 2.0, A13: 140.0, A14: 185.0."
136,"Assess the creditworthiness of a customer using the following table attributes for financial status. Respond with either 'good' or 'bad'. And all the table attribute names including 8 categorical attributes and 6 numerical attributes and values have been changed to meaningless symbols to protect confidentiality of the data. For instance, 'The client has attributes: A1: 0, A2: 21.67, A3: 11.5, A4: 1, A5: 5, A6: 3, A7: 0, A8: 1, A9: 1, A10: 11, A11: 1, A12: 2, A13: 0, A14: 1.', should be classified as 'good'. 
 Text: The client has attributes: A1: 1.0, A2: 21.33, A3: 10.5, A4: 2.0, A5: 8.0, A6: 4.0, A7: 3.0, A8: 1.0, A9: 0.0, A10: 0.0, A11: 1.0, A12: 2.0, A13: 0.0, A14: 1.0. 
",good,"[good, bad]",0,"The client has attributes: A1: 1.0, A2: 21.33, A3: 10.5, A4: 2.0, A5: 8.0, A6: 4.0, A7: 3.0, A8: 1.0, A9: 0.0, A10: 0.0, A11: 1.0, A12: 2.0, A13: 0.0, A14: 1.0."
137,"Assess the creditworthiness of a customer using the following table attributes for financial status. Respond with either 'good' or 'bad'. And all the table attribute names including 8 categorical attributes and 6 numerical attributes and values have been changed to meaningless symbols to protect confidentiality of the data. For instance, 'The client has attributes: A1: 0, A2: 21.67, A3: 11.5, A4: 1, A5: 5, A6: 3, A7: 0, A8: 1, A9: 1, A10: 11, A11: 1, A12: 2, A13: 0, A14: 1.', should be classified as 'good'. 
 Text: The client has attributes: A1: 1.0, A2: 25.67, A3: 0.29, A4: 1.0, A5: 8.0, A6: 4.0, A7: 1.5, A8: 0.0, A9: 0.0, A10: 0.0, A11: 1.0, A12: 2.0, A13: 160.0, A14: 1.0. 
",bad,"[good, bad]",1,"The client has attributes: A1: 1.0, A2: 25.67, A3: 0.29, A4: 1.0, A5: 8.0, A6: 4.0, A7: 1.5, A8: 0.0, A9: 0.0, A10: 0.0, A11: 1.0, A12: 2.0, A13: 160.0, A14: 1.0."
138,"Assess the creditworthiness of a customer using the following table attributes for financial status. Respond with either 'good' or 'bad'. And all the table attribute names including 8 categorical attributes and 6 numerical attributes and values have been changed to meaningless symbols to protect confidentiality of the data. For instance, 'The client has attributes: A1: 0, A2: 21.67, A3: 11.5, A4: 1, A5: 5, A6: 3, A7: 0, A8: 1, A9: 1, A10: 11, A11: 1, A12: 2, A13: 0, A14: 1.', should be classified as 'good'. 
 Text: The client has attributes: A1: 1.0, A2: 28.58, A3: 3.625, A4: 2.0, A5: 6.0, A6: 4.0, A7: 0.25, A8: 0.0, A9: 0.0, A10: 0.0, A11: 1.0, A12: 2.0, A13: 100.0, A14: 1.0. 
",bad,"[good, bad]",1,"The client has attributes: A1: 1.0, A2: 28.58, A3: 3.625, A4: 2.0, A5: 6.0, A6: 4.0, A7: 0.25, A8: 0.0, A9: 0.0, A10: 0.0, A11: 1.0, A12: 2.0, A13: 100.0, A14: 1.0."
139,"Assess the creditworthiness of a customer using the following table attributes for financial status. Respond with either 'good' or 'bad'. And all the table attribute names including 8 categorical attributes and 6 numerical attributes and values have been changed to meaningless symbols to protect confidentiality of the data. For instance, 'The client has attributes: A1: 0, A2: 21.67, A3: 11.5, A4: 1, A5: 5, A6: 3, A7: 0, A8: 1, A9: 1, A10: 11, A11: 1, A12: 2, A13: 0, A14: 1.', should be classified as 'good'. 
 Text: The client has attributes: A1: 1.0, A2: 29.67, A3: 0.75, A4: 1.0, A5: 8.0, A6: 4.0, A7: 0.04, A8: 0.0, A9: 0.0, A10: 0.0, A11: 0.0, A12: 2.0, A13: 240.0, A14: 1.0. 
",bad,"[good, bad]",1,"The client has attributes: A1: 1.0, A2: 29.67, A3: 0.75, A4: 1.0, A5: 8.0, A6: 4.0, A7: 0.04, A8: 0.0, A9: 0.0, A10: 0.0, A11: 0.0, A12: 2.0, A13: 240.0, A14: 1.0."
140,"Assess the creditworthiness of a customer using the following table attributes for financial status. Respond with either 'good' or 'bad'. And all the table attribute names including 8 categorical attributes and 6 numerical attributes and values have been changed to meaningless symbols to protect confidentiality of the data. For instance, 'The client has attributes: A1: 0, A2: 21.67, A3: 11.5, A4: 1, A5: 5, A6: 3, A7: 0, A8: 1, A9: 1, A10: 11, A11: 1, A12: 2, A13: 0, A14: 1.', should be classified as 'good'. 
 Text: The client has attributes: A1: 1.0, A2: 34.42, A3: 4.25, A4: 2.0, A5: 3.0, A6: 5.0, A7: 3.25, A8: 1.0, A9: 1.0, A10: 2.0, A11: 0.0, A12: 2.0, A13: 274.0, A14: 611.0. 
",good,"[good, bad]",0,"The client has attributes: A1: 1.0, A2: 34.42, A3: 4.25, A4: 2.0, A5: 3.0, A6: 5.0, A7: 3.25, A8: 1.0, A9: 1.0, A10: 2.0, A11: 0.0, A12: 2.0, A13: 274.0, A14: 611.0."
141,"Assess the creditworthiness of a customer using the following table attributes for financial status. Respond with either 'good' or 'bad'. And all the table attribute names including 8 categorical attributes and 6 numerical attributes and values have been changed to meaningless symbols to protect confidentiality of the data. For instance, 'The client has attributes: A1: 0, A2: 21.67, A3: 11.5, A4: 1, A5: 5, A6: 3, A7: 0, A8: 1, A9: 1, A10: 11, A11: 1, A12: 2, A13: 0, A14: 1.', should be classified as 'good'. 
 Text: The client has attributes: A1: 1.0, A2: 40.0, A3: 6.5, A4: 2.0, A5: 6.0, A6: 5.0, A7: 3.5, A8: 1.0, A9: 1.0, A10: 1.0, A11: 0.0, A12: 2.0, A13: 0.0, A14: 501.0. 
",good,"[good, bad]",0,"The client has attributes: A1: 1.0, A2: 40.0, A3: 6.5, A4: 2.0, A5: 6.0, A6: 5.0, A7: 3.5, A8: 1.0, A9: 1.0, A10: 1.0, A11: 0.0, A12: 2.0, A13: 0.0, A14: 501.0."
142,"Assess the creditworthiness of a customer using the following table attributes for financial status. Respond with either 'good' or 'bad'. And all the table attribute names including 8 categorical attributes and 6 numerical attributes and values have been changed to meaningless symbols to protect confidentiality of the data. For instance, 'The client has attributes: A1: 0, A2: 21.67, A3: 11.5, A4: 1, A5: 5, A6: 3, A7: 0, A8: 1, A9: 1, A10: 11, A11: 1, A12: 2, A13: 0, A14: 1.', should be classified as 'good'. 
 Text: The client has attributes: A1: 1.0, A2: 28.0, A3: 2.0, A4: 2.0, A5: 4.0, A6: 8.0, A7: 4.165, A8: 1.0, A9: 1.0, A10: 2.0, A11: 1.0, A12: 2.0, A13: 181.0, A14: 1.0. 
",good,"[good, bad]",0,"The client has attributes: A1: 1.0, A2: 28.0, A3: 2.0, A4: 2.0, A5: 4.0, A6: 8.0, A7: 4.165, A8: 1.0, A9: 1.0, A10: 2.0, A11: 1.0, A12: 2.0, A13: 181.0, A14: 1.0."
143,"Assess the creditworthiness of a customer using the following table attributes for financial status. Respond with either 'good' or 'bad'. And all the table attribute names including 8 categorical attributes and 6 numerical attributes and values have been changed to meaningless symbols to protect confidentiality of the data. For instance, 'The client has attributes: A1: 0, A2: 21.67, A3: 11.5, A4: 1, A5: 5, A6: 3, A7: 0, A8: 1, A9: 1, A10: 11, A11: 1, A12: 2, A13: 0, A14: 1.', should be classified as 'good'. 
 Text: The client has attributes: A1: 1.0, A2: 20.17, A3: 8.17, A4: 2.0, A5: 6.0, A6: 4.0, A7: 1.96, A8: 1.0, A9: 1.0, A10: 14.0, A11: 0.0, A12: 2.0, A13: 60.0, A14: 159.0. 
",good,"[good, bad]",0,"The client has attributes: A1: 1.0, A2: 20.17, A3: 8.17, A4: 2.0, A5: 6.0, A6: 4.0, A7: 1.96, A8: 1.0, A9: 1.0, A10: 14.0, A11: 0.0, A12: 2.0, A13: 60.0, A14: 159.0."
144,"Assess the creditworthiness of a customer using the following table attributes for financial status. Respond with either 'good' or 'bad'. And all the table attribute names including 8 categorical attributes and 6 numerical attributes and values have been changed to meaningless symbols to protect confidentiality of the data. For instance, 'The client has attributes: A1: 0, A2: 21.67, A3: 11.5, A4: 1, A5: 5, A6: 3, A7: 0, A8: 1, A9: 1, A10: 11, A11: 1, A12: 2, A13: 0, A14: 1.', should be classified as 'good'. 
 Text: The client has attributes: A1: 1.0, A2: 27.83, A3: 1.54, A4: 2.0, A5: 9.0, A6: 4.0, A7: 3.75, A8: 1.0, A9: 1.0, A10: 5.0, A11: 1.0, A12: 2.0, A13: 100.0, A14: 4.0. 
",good,"[good, bad]",0,"The client has attributes: A1: 1.0, A2: 27.83, A3: 1.54, A4: 2.0, A5: 9.0, A6: 4.0, A7: 3.75, A8: 1.0, A9: 1.0, A10: 5.0, A11: 1.0, A12: 2.0, A13: 100.0, A14: 4.0."
145,"Assess the creditworthiness of a customer using the following table attributes for financial status. Respond with either 'good' or 'bad'. And all the table attribute names including 8 categorical attributes and 6 numerical attributes and values have been changed to meaningless symbols to protect confidentiality of the data. For instance, 'The client has attributes: A1: 0, A2: 21.67, A3: 11.5, A4: 1, A5: 5, A6: 3, A7: 0, A8: 1, A9: 1, A10: 11, A11: 1, A12: 2, A13: 0, A14: 1.', should be classified as 'good'. 
 Text: The client has attributes: A1: 0.0, A2: 18.75, A3: 7.5, A4: 2.0, A5: 11.0, A6: 4.0, A7: 2.71, A8: 1.0, A9: 1.0, A10: 5.0, A11: 0.0, A12: 2.0, A13: 184.0, A14: 26727.0. 
",good,"[good, bad]",0,"The client has attributes: A1: 0.0, A2: 18.75, A3: 7.5, A4: 2.0, A5: 11.0, A6: 4.0, A7: 2.71, A8: 1.0, A9: 1.0, A10: 5.0, A11: 0.0, A12: 2.0, A13: 184.0, A14: 26727.0."
146,"Assess the creditworthiness of a customer using the following table attributes for financial status. Respond with either 'good' or 'bad'. And all the table attribute names including 8 categorical attributes and 6 numerical attributes and values have been changed to meaningless symbols to protect confidentiality of the data. For instance, 'The client has attributes: A1: 0, A2: 21.67, A3: 11.5, A4: 1, A5: 5, A6: 3, A7: 0, A8: 1, A9: 1, A10: 11, A11: 1, A12: 2, A13: 0, A14: 1.', should be classified as 'good'. 
 Text: The client has attributes: A1: 0.0, A2: 28.17, A3: 0.585, A4: 2.0, A5: 6.0, A6: 4.0, A7: 0.04, A8: 0.0, A9: 0.0, A10: 0.0, A11: 0.0, A12: 2.0, A13: 260.0, A14: 1005.0. 
",bad,"[good, bad]",1,"The client has attributes: A1: 0.0, A2: 28.17, A3: 0.585, A4: 2.0, A5: 6.0, A6: 4.0, A7: 0.04, A8: 0.0, A9: 0.0, A10: 0.0, A11: 0.0, A12: 2.0, A13: 260.0, A14: 1005.0."
147,"Assess the creditworthiness of a customer using the following table attributes for financial status. Respond with either 'good' or 'bad'. And all the table attribute names including 8 categorical attributes and 6 numerical attributes and values have been changed to meaningless symbols to protect confidentiality of the data. For instance, 'The client has attributes: A1: 0, A2: 21.67, A3: 11.5, A4: 1, A5: 5, A6: 3, A7: 0, A8: 1, A9: 1, A10: 11, A11: 1, A12: 2, A13: 0, A14: 1.', should be classified as 'good'. 
 Text: The client has attributes: A1: 1.0, A2: 21.83, A3: 1.54, A4: 2.0, A5: 4.0, A6: 4.0, A7: 0.085, A8: 0.0, A9: 0.0, A10: 0.0, A11: 1.0, A12: 2.0, A13: 356.0, A14: 1.0. 
",bad,"[good, bad]",1,"The client has attributes: A1: 1.0, A2: 21.83, A3: 1.54, A4: 2.0, A5: 4.0, A6: 4.0, A7: 0.085, A8: 0.0, A9: 0.0, A10: 0.0, A11: 1.0, A12: 2.0, A13: 356.0, A14: 1.0."
148,"Assess the creditworthiness of a customer using the following table attributes for financial status. Respond with either 'good' or 'bad'. And all the table attribute names including 8 categorical attributes and 6 numerical attributes and values have been changed to meaningless symbols to protect confidentiality of the data. For instance, 'The client has attributes: A1: 0, A2: 21.67, A3: 11.5, A4: 1, A5: 5, A6: 3, A7: 0, A8: 1, A9: 1, A10: 11, A11: 1, A12: 2, A13: 0, A14: 1.', should be classified as 'good'. 
 Text: The client has attributes: A1: 1.0, A2: 27.67, A3: 0.75, A4: 2.0, A5: 11.0, A6: 8.0, A7: 0.165, A8: 0.0, A9: 0.0, A10: 0.0, A11: 1.0, A12: 2.0, A13: 220.0, A14: 252.0. 
",bad,"[good, bad]",1,"The client has attributes: A1: 1.0, A2: 27.67, A3: 0.75, A4: 2.0, A5: 11.0, A6: 8.0, A7: 0.165, A8: 0.0, A9: 0.0, A10: 0.0, A11: 1.0, A12: 2.0, A13: 220.0, A14: 252.0."
149,"Assess the creditworthiness of a customer using the following table attributes for financial status. Respond with either 'good' or 'bad'. And all the table attribute names including 8 categorical attributes and 6 numerical attributes and values have been changed to meaningless symbols to protect confidentiality of the data. For instance, 'The client has attributes: A1: 0, A2: 21.67, A3: 11.5, A4: 1, A5: 5, A6: 3, A7: 0, A8: 1, A9: 1, A10: 11, A11: 1, A12: 2, A13: 0, A14: 1.', should be classified as 'good'. 
 Text: The client has attributes: A1: 1.0, A2: 49.17, A3: 2.29, A4: 2.0, A5: 1.0, A6: 1.0, A7: 0.29, A8: 0.0, A9: 0.0, A10: 0.0, A11: 0.0, A12: 2.0, A13: 200.0, A14: 4.0. 
",bad,"[good, bad]",1,"The client has attributes: A1: 1.0, A2: 49.17, A3: 2.29, A4: 2.0, A5: 1.0, A6: 1.0, A7: 0.29, A8: 0.0, A9: 0.0, A10: 0.0, A11: 0.0, A12: 2.0, A13: 200.0, A14: 4.0."
150,"Assess the creditworthiness of a customer using the following table attributes for financial status. Respond with either 'good' or 'bad'. And all the table attribute names including 8 categorical attributes and 6 numerical attributes and values have been changed to meaningless symbols to protect confidentiality of the data. For instance, 'The client has attributes: A1: 0, A2: 21.67, A3: 11.5, A4: 1, A5: 5, A6: 3, A7: 0, A8: 1, A9: 1, A10: 11, A11: 1, A12: 2, A13: 0, A14: 1.', should be classified as 'good'. 
 Text: The client has attributes: A1: 1.0, A2: 27.75, A3: 0.585, A4: 1.0, A5: 13.0, A6: 4.0, A7: 0.25, A8: 1.0, A9: 1.0, A10: 2.0, A11: 0.0, A12: 2.0, A13: 260.0, A14: 501.0. 
",good,"[good, bad]",0,"The client has attributes: A1: 1.0, A2: 27.75, A3: 0.585, A4: 1.0, A5: 13.0, A6: 4.0, A7: 0.25, A8: 1.0, A9: 1.0, A10: 2.0, A11: 0.0, A12: 2.0, A13: 260.0, A14: 501.0."
151,"Assess the creditworthiness of a customer using the following table attributes for financial status. Respond with either 'good' or 'bad'. And all the table attribute names including 8 categorical attributes and 6 numerical attributes and values have been changed to meaningless symbols to protect confidentiality of the data. For instance, 'The client has attributes: A1: 0, A2: 21.67, A3: 11.5, A4: 1, A5: 5, A6: 3, A7: 0, A8: 1, A9: 1, A10: 11, A11: 1, A12: 2, A13: 0, A14: 1.', should be classified as 'good'. 
 Text: The client has attributes: A1: 1.0, A2: 23.0, A3: 0.75, A4: 2.0, A5: 7.0, A6: 4.0, A7: 0.5, A8: 0.0, A9: 0.0, A10: 0.0, A11: 1.0, A12: 1.0, A13: 320.0, A14: 1.0. 
",bad,"[good, bad]",1,"The client has attributes: A1: 1.0, A2: 23.0, A3: 0.75, A4: 2.0, A5: 7.0, A6: 4.0, A7: 0.5, A8: 0.0, A9: 0.0, A10: 0.0, A11: 1.0, A12: 1.0, A13: 320.0, A14: 1.0."
152,"Assess the creditworthiness of a customer using the following table attributes for financial status. Respond with either 'good' or 'bad'. And all the table attribute names including 8 categorical attributes and 6 numerical attributes and values have been changed to meaningless symbols to protect confidentiality of the data. For instance, 'The client has attributes: A1: 0, A2: 21.67, A3: 11.5, A4: 1, A5: 5, A6: 3, A7: 0, A8: 1, A9: 1, A10: 11, A11: 1, A12: 2, A13: 0, A14: 1.', should be classified as 'good'. 
 Text: The client has attributes: A1: 1.0, A2: 32.92, A3: 2.5, A4: 2.0, A5: 6.0, A6: 4.0, A7: 1.75, A8: 0.0, A9: 1.0, A10: 2.0, A11: 1.0, A12: 2.0, A13: 720.0, A14: 1.0. 
",bad,"[good, bad]",1,"The client has attributes: A1: 1.0, A2: 32.92, A3: 2.5, A4: 2.0, A5: 6.0, A6: 4.0, A7: 1.75, A8: 0.0, A9: 1.0, A10: 2.0, A11: 1.0, A12: 2.0, A13: 720.0, A14: 1.0."
153,"Assess the creditworthiness of a customer using the following table attributes for financial status. Respond with either 'good' or 'bad'. And all the table attribute names including 8 categorical attributes and 6 numerical attributes and values have been changed to meaningless symbols to protect confidentiality of the data. For instance, 'The client has attributes: A1: 0, A2: 21.67, A3: 11.5, A4: 1, A5: 5, A6: 3, A7: 0, A8: 1, A9: 1, A10: 11, A11: 1, A12: 2, A13: 0, A14: 1.', should be classified as 'good'. 
 Text: The client has attributes: A1: 0.0, A2: 46.08, A3: 3.0, A4: 2.0, A5: 8.0, A6: 4.0, A7: 2.375, A8: 1.0, A9: 1.0, A10: 8.0, A11: 1.0, A12: 2.0, A13: 396.0, A14: 4160.0. 
",good,"[good, bad]",0,"The client has attributes: A1: 0.0, A2: 46.08, A3: 3.0, A4: 2.0, A5: 8.0, A6: 4.0, A7: 2.375, A8: 1.0, A9: 1.0, A10: 8.0, A11: 1.0, A12: 2.0, A13: 396.0, A14: 4160.0."
154,"Assess the creditworthiness of a customer using the following table attributes for financial status. Respond with either 'good' or 'bad'. And all the table attribute names including 8 categorical attributes and 6 numerical attributes and values have been changed to meaningless symbols to protect confidentiality of the data. For instance, 'The client has attributes: A1: 0, A2: 21.67, A3: 11.5, A4: 1, A5: 5, A6: 3, A7: 0, A8: 1, A9: 1, A10: 11, A11: 1, A12: 2, A13: 0, A14: 1.', should be classified as 'good'. 
 Text: The client has attributes: A1: 1.0, A2: 41.5, A3: 1.54, A4: 2.0, A5: 3.0, A6: 5.0, A7: 3.5, A8: 0.0, A9: 0.0, A10: 0.0, A11: 0.0, A12: 2.0, A13: 216.0, A14: 1.0. 
",good,"[good, bad]",0,"The client has attributes: A1: 1.0, A2: 41.5, A3: 1.54, A4: 2.0, A5: 3.0, A6: 5.0, A7: 3.5, A8: 0.0, A9: 0.0, A10: 0.0, A11: 0.0, A12: 2.0, A13: 216.0, A14: 1.0."
155,"Assess the creditworthiness of a customer using the following table attributes for financial status. Respond with either 'good' or 'bad'. And all the table attribute names including 8 categorical attributes and 6 numerical attributes and values have been changed to meaningless symbols to protect confidentiality of the data. For instance, 'The client has attributes: A1: 0, A2: 21.67, A3: 11.5, A4: 1, A5: 5, A6: 3, A7: 0, A8: 1, A9: 1, A10: 11, A11: 1, A12: 2, A13: 0, A14: 1.', should be classified as 'good'. 
 Text: The client has attributes: A1: 1.0, A2: 36.17, A3: 5.5, A4: 2.0, A5: 3.0, A6: 5.0, A7: 5.0, A8: 0.0, A9: 0.0, A10: 0.0, A11: 0.0, A12: 2.0, A13: 210.0, A14: 688.0. 
",bad,"[good, bad]",1,"The client has attributes: A1: 1.0, A2: 36.17, A3: 5.5, A4: 2.0, A5: 3.0, A6: 5.0, A7: 5.0, A8: 0.0, A9: 0.0, A10: 0.0, A11: 0.0, A12: 2.0, A13: 210.0, A14: 688.0."
156,"Assess the creditworthiness of a customer using the following table attributes for financial status. Respond with either 'good' or 'bad'. And all the table attribute names including 8 categorical attributes and 6 numerical attributes and values have been changed to meaningless symbols to protect confidentiality of the data. For instance, 'The client has attributes: A1: 0, A2: 21.67, A3: 11.5, A4: 1, A5: 5, A6: 3, A7: 0, A8: 1, A9: 1, A10: 11, A11: 1, A12: 2, A13: 0, A14: 1.', should be classified as 'good'. 
 Text: The client has attributes: A1: 0.0, A2: 24.33, A3: 2.5, A4: 1.0, A5: 3.0, A6: 5.0, A7: 4.5, A8: 0.0, A9: 0.0, A10: 0.0, A11: 0.0, A12: 2.0, A13: 200.0, A14: 457.0. 
",bad,"[good, bad]",1,"The client has attributes: A1: 0.0, A2: 24.33, A3: 2.5, A4: 1.0, A5: 3.0, A6: 5.0, A7: 4.5, A8: 0.0, A9: 0.0, A10: 0.0, A11: 0.0, A12: 2.0, A13: 200.0, A14: 457.0."
157,"Assess the creditworthiness of a customer using the following table attributes for financial status. Respond with either 'good' or 'bad'. And all the table attribute names including 8 categorical attributes and 6 numerical attributes and values have been changed to meaningless symbols to protect confidentiality of the data. For instance, 'The client has attributes: A1: 0, A2: 21.67, A3: 11.5, A4: 1, A5: 5, A6: 3, A7: 0, A8: 1, A9: 1, A10: 11, A11: 1, A12: 2, A13: 0, A14: 1.', should be classified as 'good'. 
 Text: The client has attributes: A1: 1.0, A2: 41.42, A3: 5.0, A4: 2.0, A5: 11.0, A6: 8.0, A7: 5.0, A8: 1.0, A9: 1.0, A10: 6.0, A11: 1.0, A12: 2.0, A13: 470.0, A14: 1.0. 
",good,"[good, bad]",0,"The client has attributes: A1: 1.0, A2: 41.42, A3: 5.0, A4: 2.0, A5: 11.0, A6: 8.0, A7: 5.0, A8: 1.0, A9: 1.0, A10: 6.0, A11: 1.0, A12: 2.0, A13: 470.0, A14: 1.0."
158,"Assess the creditworthiness of a customer using the following table attributes for financial status. Respond with either 'good' or 'bad'. And all the table attribute names including 8 categorical attributes and 6 numerical attributes and values have been changed to meaningless symbols to protect confidentiality of the data. For instance, 'The client has attributes: A1: 0, A2: 21.67, A3: 11.5, A4: 1, A5: 5, A6: 3, A7: 0, A8: 1, A9: 1, A10: 11, A11: 1, A12: 2, A13: 0, A14: 1.', should be classified as 'good'. 
 Text: The client has attributes: A1: 1.0, A2: 33.67, A3: 1.25, A4: 2.0, A5: 9.0, A6: 4.0, A7: 1.165, A8: 0.0, A9: 0.0, A10: 0.0, A11: 0.0, A12: 2.0, A13: 120.0, A14: 1.0. 
",bad,"[good, bad]",1,"The client has attributes: A1: 1.0, A2: 33.67, A3: 1.25, A4: 2.0, A5: 9.0, A6: 4.0, A7: 1.165, A8: 0.0, A9: 0.0, A10: 0.0, A11: 0.0, A12: 2.0, A13: 120.0, A14: 1.0."
159,"Assess the creditworthiness of a customer using the following table attributes for financial status. Respond with either 'good' or 'bad'. And all the table attribute names including 8 categorical attributes and 6 numerical attributes and values have been changed to meaningless symbols to protect confidentiality of the data. For instance, 'The client has attributes: A1: 0, A2: 21.67, A3: 11.5, A4: 1, A5: 5, A6: 3, A7: 0, A8: 1, A9: 1, A10: 11, A11: 1, A12: 2, A13: 0, A14: 1.', should be classified as 'good'. 
 Text: The client has attributes: A1: 1.0, A2: 32.33, A3: 7.5, A4: 2.0, A5: 10.0, A6: 5.0, A7: 1.585, A8: 1.0, A9: 0.0, A10: 0.0, A11: 1.0, A12: 1.0, A13: 420.0, A14: 1.0. 
",bad,"[good, bad]",1,"The client has attributes: A1: 1.0, A2: 32.33, A3: 7.5, A4: 2.0, A5: 10.0, A6: 5.0, A7: 1.585, A8: 1.0, A9: 0.0, A10: 0.0, A11: 1.0, A12: 1.0, A13: 420.0, A14: 1.0."
160,"Assess the creditworthiness of a customer using the following table attributes for financial status. Respond with either 'good' or 'bad'. And all the table attribute names including 8 categorical attributes and 6 numerical attributes and values have been changed to meaningless symbols to protect confidentiality of the data. For instance, 'The client has attributes: A1: 0, A2: 21.67, A3: 11.5, A4: 1, A5: 5, A6: 3, A7: 0, A8: 1, A9: 1, A10: 11, A11: 1, A12: 2, A13: 0, A14: 1.', should be classified as 'good'. 
 Text: The client has attributes: A1: 0.0, A2: 24.5, A3: 12.75, A4: 2.0, A5: 8.0, A6: 5.0, A7: 4.75, A8: 1.0, A9: 1.0, A10: 2.0, A11: 0.0, A12: 2.0, A13: 73.0, A14: 445.0. 
",good,"[good, bad]",0,"The client has attributes: A1: 0.0, A2: 24.5, A3: 12.75, A4: 2.0, A5: 8.0, A6: 5.0, A7: 4.75, A8: 1.0, A9: 1.0, A10: 2.0, A11: 0.0, A12: 2.0, A13: 73.0, A14: 445.0."
161,"Assess the creditworthiness of a customer using the following table attributes for financial status. Respond with either 'good' or 'bad'. And all the table attribute names including 8 categorical attributes and 6 numerical attributes and values have been changed to meaningless symbols to protect confidentiality of the data. For instance, 'The client has attributes: A1: 0, A2: 21.67, A3: 11.5, A4: 1, A5: 5, A6: 3, A7: 0, A8: 1, A9: 1, A10: 11, A11: 1, A12: 2, A13: 0, A14: 1.', should be classified as 'good'. 
 Text: The client has attributes: A1: 1.0, A2: 59.5, A3: 2.75, A4: 2.0, A5: 9.0, A6: 4.0, A7: 1.75, A8: 1.0, A9: 1.0, A10: 5.0, A11: 1.0, A12: 2.0, A13: 60.0, A14: 59.0. 
",good,"[good, bad]",0,"The client has attributes: A1: 1.0, A2: 59.5, A3: 2.75, A4: 2.0, A5: 9.0, A6: 4.0, A7: 1.75, A8: 1.0, A9: 1.0, A10: 5.0, A11: 1.0, A12: 2.0, A13: 60.0, A14: 59.0."
162,"Assess the creditworthiness of a customer using the following table attributes for financial status. Respond with either 'good' or 'bad'. And all the table attribute names including 8 categorical attributes and 6 numerical attributes and values have been changed to meaningless symbols to protect confidentiality of the data. For instance, 'The client has attributes: A1: 0, A2: 21.67, A3: 11.5, A4: 1, A5: 5, A6: 3, A7: 0, A8: 1, A9: 1, A10: 11, A11: 1, A12: 2, A13: 0, A14: 1.', should be classified as 'good'. 
 Text: The client has attributes: A1: 1.0, A2: 38.92, A3: 1.75, A4: 2.0, A5: 4.0, A6: 4.0, A7: 0.5, A8: 0.0, A9: 0.0, A10: 0.0, A11: 1.0, A12: 2.0, A13: 300.0, A14: 3.0. 
",bad,"[good, bad]",1,"The client has attributes: A1: 1.0, A2: 38.92, A3: 1.75, A4: 2.0, A5: 4.0, A6: 4.0, A7: 0.5, A8: 0.0, A9: 0.0, A10: 0.0, A11: 1.0, A12: 2.0, A13: 300.0, A14: 3.0."
163,"Assess the creditworthiness of a customer using the following table attributes for financial status. Respond with either 'good' or 'bad'. And all the table attribute names including 8 categorical attributes and 6 numerical attributes and values have been changed to meaningless symbols to protect confidentiality of the data. For instance, 'The client has attributes: A1: 0, A2: 21.67, A3: 11.5, A4: 1, A5: 5, A6: 3, A7: 0, A8: 1, A9: 1, A10: 11, A11: 1, A12: 2, A13: 0, A14: 1.', should be classified as 'good'. 
 Text: The client has attributes: A1: 0.0, A2: 47.42, A3: 8.0, A4: 2.0, A5: 10.0, A6: 5.0, A7: 6.5, A8: 1.0, A9: 1.0, A10: 6.0, A11: 0.0, A12: 2.0, A13: 375.0, A14: 51101.0. 
",good,"[good, bad]",0,"The client has attributes: A1: 0.0, A2: 47.42, A3: 8.0, A4: 2.0, A5: 10.0, A6: 5.0, A7: 6.5, A8: 1.0, A9: 1.0, A10: 6.0, A11: 0.0, A12: 2.0, A13: 375.0, A14: 51101.0."
164,"Assess the creditworthiness of a customer using the following table attributes for financial status. Respond with either 'good' or 'bad'. And all the table attribute names including 8 categorical attributes and 6 numerical attributes and values have been changed to meaningless symbols to protect confidentiality of the data. For instance, 'The client has attributes: A1: 0, A2: 21.67, A3: 11.5, A4: 1, A5: 5, A6: 3, A7: 0, A8: 1, A9: 1, A10: 11, A11: 1, A12: 2, A13: 0, A14: 1.', should be classified as 'good'. 
 Text: The client has attributes: A1: 0.0, A2: 58.67, A3: 4.46, A4: 2.0, A5: 11.0, A6: 8.0, A7: 3.04, A8: 1.0, A9: 1.0, A10: 6.0, A11: 0.0, A12: 2.0, A13: 43.0, A14: 561.0. 
",good,"[good, bad]",0,"The client has attributes: A1: 0.0, A2: 58.67, A3: 4.46, A4: 2.0, A5: 11.0, A6: 8.0, A7: 3.04, A8: 1.0, A9: 1.0, A10: 6.0, A11: 0.0, A12: 2.0, A13: 43.0, A14: 561.0."
165,"Assess the creditworthiness of a customer using the following table attributes for financial status. Respond with either 'good' or 'bad'. And all the table attribute names including 8 categorical attributes and 6 numerical attributes and values have been changed to meaningless symbols to protect confidentiality of the data. For instance, 'The client has attributes: A1: 0, A2: 21.67, A3: 11.5, A4: 1, A5: 5, A6: 3, A7: 0, A8: 1, A9: 1, A10: 11, A11: 1, A12: 2, A13: 0, A14: 1.', should be classified as 'good'. 
 Text: The client has attributes: A1: 1.0, A2: 36.17, A3: 0.42, A4: 1.0, A5: 9.0, A6: 4.0, A7: 0.29, A8: 0.0, A9: 0.0, A10: 0.0, A11: 1.0, A12: 2.0, A13: 309.0, A14: 3.0. 
",bad,"[good, bad]",1,"The client has attributes: A1: 1.0, A2: 36.17, A3: 0.42, A4: 1.0, A5: 9.0, A6: 4.0, A7: 0.29, A8: 0.0, A9: 0.0, A10: 0.0, A11: 1.0, A12: 2.0, A13: 309.0, A14: 3.0."
166,"Assess the creditworthiness of a customer using the following table attributes for financial status. Respond with either 'good' or 'bad'. And all the table attribute names including 8 categorical attributes and 6 numerical attributes and values have been changed to meaningless symbols to protect confidentiality of the data. For instance, 'The client has attributes: A1: 0, A2: 21.67, A3: 11.5, A4: 1, A5: 5, A6: 3, A7: 0, A8: 1, A9: 1, A10: 11, A11: 1, A12: 2, A13: 0, A14: 1.', should be classified as 'good'. 
 Text: The client has attributes: A1: 1.0, A2: 22.58, A3: 10.04, A4: 2.0, A5: 14.0, A6: 4.0, A7: 0.04, A8: 1.0, A9: 1.0, A10: 9.0, A11: 0.0, A12: 2.0, A13: 60.0, A14: 397.0. 
",good,"[good, bad]",0,"The client has attributes: A1: 1.0, A2: 22.58, A3: 10.04, A4: 2.0, A5: 14.0, A6: 4.0, A7: 0.04, A8: 1.0, A9: 1.0, A10: 9.0, A11: 0.0, A12: 2.0, A13: 60.0, A14: 397.0."
167,"Assess the creditworthiness of a customer using the following table attributes for financial status. Respond with either 'good' or 'bad'. And all the table attribute names including 8 categorical attributes and 6 numerical attributes and values have been changed to meaningless symbols to protect confidentiality of the data. For instance, 'The client has attributes: A1: 0, A2: 21.67, A3: 11.5, A4: 1, A5: 5, A6: 3, A7: 0, A8: 1, A9: 1, A10: 11, A11: 1, A12: 2, A13: 0, A14: 1.', should be classified as 'good'. 
 Text: The client has attributes: A1: 1.0, A2: 25.08, A3: 1.71, A4: 2.0, A5: 14.0, A6: 4.0, A7: 1.665, A8: 1.0, A9: 1.0, A10: 1.0, A11: 1.0, A12: 2.0, A13: 395.0, A14: 21.0. 
",good,"[good, bad]",0,"The client has attributes: A1: 1.0, A2: 25.08, A3: 1.71, A4: 2.0, A5: 14.0, A6: 4.0, A7: 1.665, A8: 1.0, A9: 1.0, A10: 1.0, A11: 1.0, A12: 2.0, A13: 395.0, A14: 21.0."
168,"Assess the creditworthiness of a customer using the following table attributes for financial status. Respond with either 'good' or 'bad'. And all the table attribute names including 8 categorical attributes and 6 numerical attributes and values have been changed to meaningless symbols to protect confidentiality of the data. For instance, 'The client has attributes: A1: 0, A2: 21.67, A3: 11.5, A4: 1, A5: 5, A6: 3, A7: 0, A8: 1, A9: 1, A10: 11, A11: 1, A12: 2, A13: 0, A14: 1.', should be classified as 'good'. 
 Text: The client has attributes: A1: 1.0, A2: 16.25, A3: 0.0, A4: 1.0, A5: 6.0, A6: 4.0, A7: 0.25, A8: 0.0, A9: 0.0, A10: 0.0, A11: 0.0, A12: 2.0, A13: 60.0, A14: 1.0. 
",bad,"[good, bad]",1,"The client has attributes: A1: 1.0, A2: 16.25, A3: 0.0, A4: 1.0, A5: 6.0, A6: 4.0, A7: 0.25, A8: 0.0, A9: 0.0, A10: 0.0, A11: 0.0, A12: 2.0, A13: 60.0, A14: 1.0."
169,"Assess the creditworthiness of a customer using the following table attributes for financial status. Respond with either 'good' or 'bad'. And all the table attribute names including 8 categorical attributes and 6 numerical attributes and values have been changed to meaningless symbols to protect confidentiality of the data. For instance, 'The client has attributes: A1: 0, A2: 21.67, A3: 11.5, A4: 1, A5: 5, A6: 3, A7: 0, A8: 1, A9: 1, A10: 11, A11: 1, A12: 2, A13: 0, A14: 1.', should be classified as 'good'. 
 Text: The client has attributes: A1: 0.0, A2: 33.17, A3: 2.25, A4: 1.0, A5: 13.0, A6: 4.0, A7: 3.5, A8: 0.0, A9: 0.0, A10: 0.0, A11: 1.0, A12: 2.0, A13: 200.0, A14: 142.0. 
",bad,"[good, bad]",1,"The client has attributes: A1: 0.0, A2: 33.17, A3: 2.25, A4: 1.0, A5: 13.0, A6: 4.0, A7: 3.5, A8: 0.0, A9: 0.0, A10: 0.0, A11: 1.0, A12: 2.0, A13: 200.0, A14: 142.0."
170,"Assess the creditworthiness of a customer using the following table attributes for financial status. Respond with either 'good' or 'bad'. And all the table attribute names including 8 categorical attributes and 6 numerical attributes and values have been changed to meaningless symbols to protect confidentiality of the data. For instance, 'The client has attributes: A1: 0, A2: 21.67, A3: 11.5, A4: 1, A5: 5, A6: 3, A7: 0, A8: 1, A9: 1, A10: 11, A11: 1, A12: 2, A13: 0, A14: 1.', should be classified as 'good'. 
 Text: The client has attributes: A1: 0.0, A2: 25.33, A3: 2.085, A4: 2.0, A5: 8.0, A6: 8.0, A7: 2.75, A8: 1.0, A9: 0.0, A10: 0.0, A11: 1.0, A12: 2.0, A13: 360.0, A14: 2.0. 
",bad,"[good, bad]",1,"The client has attributes: A1: 0.0, A2: 25.33, A3: 2.085, A4: 2.0, A5: 8.0, A6: 8.0, A7: 2.75, A8: 1.0, A9: 0.0, A10: 0.0, A11: 1.0, A12: 2.0, A13: 360.0, A14: 2.0."
171,"Assess the creditworthiness of a customer using the following table attributes for financial status. Respond with either 'good' or 'bad'. And all the table attribute names including 8 categorical attributes and 6 numerical attributes and values have been changed to meaningless symbols to protect confidentiality of the data. For instance, 'The client has attributes: A1: 0, A2: 21.67, A3: 11.5, A4: 1, A5: 5, A6: 3, A7: 0, A8: 1, A9: 1, A10: 11, A11: 1, A12: 2, A13: 0, A14: 1.', should be classified as 'good'. 
 Text: The client has attributes: A1: 1.0, A2: 22.67, A3: 10.5, A4: 2.0, A5: 11.0, A6: 8.0, A7: 1.335, A8: 1.0, A9: 0.0, A10: 0.0, A11: 0.0, A12: 2.0, A13: 100.0, A14: 1.0. 
",good,"[good, bad]",0,"The client has attributes: A1: 1.0, A2: 22.67, A3: 10.5, A4: 2.0, A5: 11.0, A6: 8.0, A7: 1.335, A8: 1.0, A9: 0.0, A10: 0.0, A11: 0.0, A12: 2.0, A13: 100.0, A14: 1.0."
172,"Assess the creditworthiness of a customer using the following table attributes for financial status. Respond with either 'good' or 'bad'. And all the table attribute names including 8 categorical attributes and 6 numerical attributes and values have been changed to meaningless symbols to protect confidentiality of the data. For instance, 'The client has attributes: A1: 0, A2: 21.67, A3: 11.5, A4: 1, A5: 5, A6: 3, A7: 0, A8: 1, A9: 1, A10: 11, A11: 1, A12: 2, A13: 0, A14: 1.', should be classified as 'good'. 
 Text: The client has attributes: A1: 1.0, A2: 17.58, A3: 10.0, A4: 2.0, A5: 9.0, A6: 8.0, A7: 0.165, A8: 0.0, A9: 1.0, A10: 1.0, A11: 0.0, A12: 2.0, A13: 120.0, A14: 2.0. 
",bad,"[good, bad]",1,"The client has attributes: A1: 1.0, A2: 17.58, A3: 10.0, A4: 2.0, A5: 9.0, A6: 8.0, A7: 0.165, A8: 0.0, A9: 1.0, A10: 1.0, A11: 0.0, A12: 2.0, A13: 120.0, A14: 2.0."
173,"Assess the creditworthiness of a customer using the following table attributes for financial status. Respond with either 'good' or 'bad'. And all the table attribute names including 8 categorical attributes and 6 numerical attributes and values have been changed to meaningless symbols to protect confidentiality of the data. For instance, 'The client has attributes: A1: 0, A2: 21.67, A3: 11.5, A4: 1, A5: 5, A6: 3, A7: 0, A8: 1, A9: 1, A10: 11, A11: 1, A12: 2, A13: 0, A14: 1.', should be classified as 'good'. 
 Text: The client has attributes: A1: 1.0, A2: 31.57, A3: 4.0, A4: 2.0, A5: 14.0, A6: 4.0, A7: 5.0, A8: 1.0, A9: 1.0, A10: 3.0, A11: 1.0, A12: 2.0, A13: 290.0, A14: 2280.0. 
",good,"[good, bad]",0,"The client has attributes: A1: 1.0, A2: 31.57, A3: 4.0, A4: 2.0, A5: 14.0, A6: 4.0, A7: 5.0, A8: 1.0, A9: 1.0, A10: 3.0, A11: 1.0, A12: 2.0, A13: 290.0, A14: 2280.0."
174,"Assess the creditworthiness of a customer using the following table attributes for financial status. Respond with either 'good' or 'bad'. And all the table attribute names including 8 categorical attributes and 6 numerical attributes and values have been changed to meaningless symbols to protect confidentiality of the data. For instance, 'The client has attributes: A1: 0, A2: 21.67, A3: 11.5, A4: 1, A5: 5, A6: 3, A7: 0, A8: 1, A9: 1, A10: 11, A11: 1, A12: 2, A13: 0, A14: 1.', should be classified as 'good'. 
 Text: The client has attributes: A1: 0.0, A2: 24.08, A3: 0.5, A4: 2.0, A5: 11.0, A6: 8.0, A7: 1.25, A8: 1.0, A9: 1.0, A10: 1.0, A11: 0.0, A12: 2.0, A13: 0.0, A14: 679.0. 
",good,"[good, bad]",0,"The client has attributes: A1: 0.0, A2: 24.08, A3: 0.5, A4: 2.0, A5: 11.0, A6: 8.0, A7: 1.25, A8: 1.0, A9: 1.0, A10: 1.0, A11: 0.0, A12: 2.0, A13: 0.0, A14: 679.0."
175,"Assess the creditworthiness of a customer using the following table attributes for financial status. Respond with either 'good' or 'bad'. And all the table attribute names including 8 categorical attributes and 6 numerical attributes and values have been changed to meaningless symbols to protect confidentiality of the data. For instance, 'The client has attributes: A1: 0, A2: 21.67, A3: 11.5, A4: 1, A5: 5, A6: 3, A7: 0, A8: 1, A9: 1, A10: 11, A11: 1, A12: 2, A13: 0, A14: 1.', should be classified as 'good'. 
 Text: The client has attributes: A1: 1.0, A2: 31.57, A3: 3.0, A4: 1.0, A5: 3.0, A6: 5.0, A7: 7.0, A8: 0.0, A9: 0.0, A10: 0.0, A11: 0.0, A12: 2.0, A13: 0.0, A14: 2.0. 
",bad,"[good, bad]",1,"The client has attributes: A1: 1.0, A2: 31.57, A3: 3.0, A4: 1.0, A5: 3.0, A6: 5.0, A7: 7.0, A8: 0.0, A9: 0.0, A10: 0.0, A11: 0.0, A12: 2.0, A13: 0.0, A14: 2.0."
176,"Assess the creditworthiness of a customer using the following table attributes for financial status. Respond with either 'good' or 'bad'. And all the table attribute names including 8 categorical attributes and 6 numerical attributes and values have been changed to meaningless symbols to protect confidentiality of the data. For instance, 'The client has attributes: A1: 0, A2: 21.67, A3: 11.5, A4: 1, A5: 5, A6: 3, A7: 0, A8: 1, A9: 1, A10: 11, A11: 1, A12: 2, A13: 0, A14: 1.', should be classified as 'good'. 
 Text: The client has attributes: A1: 0.0, A2: 26.08, A3: 8.665, A4: 2.0, A5: 6.0, A6: 4.0, A7: 1.415, A8: 1.0, A9: 0.0, A10: 0.0, A11: 0.0, A12: 2.0, A13: 160.0, A14: 151.0. 
",good,"[good, bad]",0,"The client has attributes: A1: 0.0, A2: 26.08, A3: 8.665, A4: 2.0, A5: 6.0, A6: 4.0, A7: 1.415, A8: 1.0, A9: 0.0, A10: 0.0, A11: 0.0, A12: 2.0, A13: 160.0, A14: 151.0."
177,"Assess the creditworthiness of a customer using the following table attributes for financial status. Respond with either 'good' or 'bad'. And all the table attribute names including 8 categorical attributes and 6 numerical attributes and values have been changed to meaningless symbols to protect confidentiality of the data. For instance, 'The client has attributes: A1: 0, A2: 21.67, A3: 11.5, A4: 1, A5: 5, A6: 3, A7: 0, A8: 1, A9: 1, A10: 11, A11: 1, A12: 2, A13: 0, A14: 1.', should be classified as 'good'. 
 Text: The client has attributes: A1: 0.0, A2: 20.75, A3: 9.54, A4: 2.0, A5: 3.0, A6: 4.0, A7: 0.04, A8: 0.0, A9: 0.0, A10: 0.0, A11: 0.0, A12: 2.0, A13: 200.0, A14: 1001.0. 
",bad,"[good, bad]",1,"The client has attributes: A1: 0.0, A2: 20.75, A3: 9.54, A4: 2.0, A5: 3.0, A6: 4.0, A7: 0.04, A8: 0.0, A9: 0.0, A10: 0.0, A11: 0.0, A12: 2.0, A13: 200.0, A14: 1001.0."
178,"Assess the creditworthiness of a customer using the following table attributes for financial status. Respond with either 'good' or 'bad'. And all the table attribute names including 8 categorical attributes and 6 numerical attributes and values have been changed to meaningless symbols to protect confidentiality of the data. For instance, 'The client has attributes: A1: 0, A2: 21.67, A3: 11.5, A4: 1, A5: 5, A6: 3, A7: 0, A8: 1, A9: 1, A10: 11, A11: 1, A12: 2, A13: 0, A14: 1.', should be classified as 'good'. 
 Text: The client has attributes: A1: 1.0, A2: 32.42, A3: 3.0, A4: 2.0, A5: 2.0, A6: 4.0, A7: 0.165, A8: 0.0, A9: 0.0, A10: 0.0, A11: 1.0, A12: 2.0, A13: 120.0, A14: 1.0. 
",bad,"[good, bad]",1,"The client has attributes: A1: 1.0, A2: 32.42, A3: 3.0, A4: 2.0, A5: 2.0, A6: 4.0, A7: 0.165, A8: 0.0, A9: 0.0, A10: 0.0, A11: 1.0, A12: 2.0, A13: 120.0, A14: 1.0."
179,"Assess the creditworthiness of a customer using the following table attributes for financial status. Respond with either 'good' or 'bad'. And all the table attribute names including 8 categorical attributes and 6 numerical attributes and values have been changed to meaningless symbols to protect confidentiality of the data. For instance, 'The client has attributes: A1: 0, A2: 21.67, A3: 11.5, A4: 1, A5: 5, A6: 3, A7: 0, A8: 1, A9: 1, A10: 11, A11: 1, A12: 2, A13: 0, A14: 1.', should be classified as 'good'. 
 Text: The client has attributes: A1: 0.0, A2: 23.58, A3: 0.83, A4: 2.0, A5: 11.0, A6: 4.0, A7: 0.415, A8: 0.0, A9: 1.0, A10: 1.0, A11: 1.0, A12: 2.0, A13: 200.0, A14: 12.0. 
",bad,"[good, bad]",1,"The client has attributes: A1: 0.0, A2: 23.58, A3: 0.83, A4: 2.0, A5: 11.0, A6: 4.0, A7: 0.415, A8: 0.0, A9: 1.0, A10: 1.0, A11: 1.0, A12: 2.0, A13: 200.0, A14: 12.0."
180,"Assess the creditworthiness of a customer using the following table attributes for financial status. Respond with either 'good' or 'bad'. And all the table attribute names including 8 categorical attributes and 6 numerical attributes and values have been changed to meaningless symbols to protect confidentiality of the data. For instance, 'The client has attributes: A1: 0, A2: 21.67, A3: 11.5, A4: 1, A5: 5, A6: 3, A7: 0, A8: 1, A9: 1, A10: 11, A11: 1, A12: 2, A13: 0, A14: 1.', should be classified as 'good'. 
 Text: The client has attributes: A1: 1.0, A2: 28.17, A3: 0.125, A4: 1.0, A5: 4.0, A6: 4.0, A7: 0.085, A8: 0.0, A9: 0.0, A10: 0.0, A11: 0.0, A12: 2.0, A13: 216.0, A14: 2101.0. 
",bad,"[good, bad]",1,"The client has attributes: A1: 1.0, A2: 28.17, A3: 0.125, A4: 1.0, A5: 4.0, A6: 4.0, A7: 0.085, A8: 0.0, A9: 0.0, A10: 0.0, A11: 0.0, A12: 2.0, A13: 216.0, A14: 2101.0."
181,"Assess the creditworthiness of a customer using the following table attributes for financial status. Respond with either 'good' or 'bad'. And all the table attribute names including 8 categorical attributes and 6 numerical attributes and values have been changed to meaningless symbols to protect confidentiality of the data. For instance, 'The client has attributes: A1: 0, A2: 21.67, A3: 11.5, A4: 1, A5: 5, A6: 3, A7: 0, A8: 1, A9: 1, A10: 11, A11: 1, A12: 2, A13: 0, A14: 1.', should be classified as 'good'. 
 Text: The client has attributes: A1: 0.0, A2: 17.33, A3: 9.5, A4: 2.0, A5: 6.0, A6: 4.0, A7: 1.75, A8: 0.0, A9: 1.0, A10: 10.0, A11: 1.0, A12: 2.0, A13: 0.0, A14: 11.0. 
",bad,"[good, bad]",1,"The client has attributes: A1: 0.0, A2: 17.33, A3: 9.5, A4: 2.0, A5: 6.0, A6: 4.0, A7: 1.75, A8: 0.0, A9: 1.0, A10: 10.0, A11: 1.0, A12: 2.0, A13: 0.0, A14: 11.0."
182,"Assess the creditworthiness of a customer using the following table attributes for financial status. Respond with either 'good' or 'bad'. And all the table attribute names including 8 categorical attributes and 6 numerical attributes and values have been changed to meaningless symbols to protect confidentiality of the data. For instance, 'The client has attributes: A1: 0, A2: 21.67, A3: 11.5, A4: 1, A5: 5, A6: 3, A7: 0, A8: 1, A9: 1, A10: 11, A11: 1, A12: 2, A13: 0, A14: 1.', should be classified as 'good'. 
 Text: The client has attributes: A1: 1.0, A2: 27.58, A3: 2.04, A4: 1.0, A5: 6.0, A6: 4.0, A7: 2.0, A8: 1.0, A9: 1.0, A10: 3.0, A11: 1.0, A12: 2.0, A13: 370.0, A14: 561.0. 
",good,"[good, bad]",0,"The client has attributes: A1: 1.0, A2: 27.58, A3: 2.04, A4: 1.0, A5: 6.0, A6: 4.0, A7: 2.0, A8: 1.0, A9: 1.0, A10: 3.0, A11: 1.0, A12: 2.0, A13: 370.0, A14: 561.0."
183,"Assess the creditworthiness of a customer using the following table attributes for financial status. Respond with either 'good' or 'bad'. And all the table attribute names including 8 categorical attributes and 6 numerical attributes and values have been changed to meaningless symbols to protect confidentiality of the data. For instance, 'The client has attributes: A1: 0, A2: 21.67, A3: 11.5, A4: 1, A5: 5, A6: 3, A7: 0, A8: 1, A9: 1, A10: 11, A11: 1, A12: 2, A13: 0, A14: 1.', should be classified as 'good'. 
 Text: The client has attributes: A1: 1.0, A2: 25.92, A3: 0.875, A4: 2.0, A5: 4.0, A6: 4.0, A7: 0.375, A8: 0.0, A9: 1.0, A10: 2.0, A11: 1.0, A12: 2.0, A13: 174.0, A14: 4.0. 
",bad,"[good, bad]",1,"The client has attributes: A1: 1.0, A2: 25.92, A3: 0.875, A4: 2.0, A5: 4.0, A6: 4.0, A7: 0.375, A8: 0.0, A9: 1.0, A10: 2.0, A11: 1.0, A12: 2.0, A13: 174.0, A14: 4.0."
184,"Assess the creditworthiness of a customer using the following table attributes for financial status. Respond with either 'good' or 'bad'. And all the table attribute names including 8 categorical attributes and 6 numerical attributes and values have been changed to meaningless symbols to protect confidentiality of the data. For instance, 'The client has attributes: A1: 0, A2: 21.67, A3: 11.5, A4: 1, A5: 5, A6: 3, A7: 0, A8: 1, A9: 1, A10: 11, A11: 1, A12: 2, A13: 0, A14: 1.', should be classified as 'good'. 
 Text: The client has attributes: A1: 1.0, A2: 34.17, A3: 5.25, A4: 2.0, A5: 9.0, A6: 4.0, A7: 0.085, A8: 0.0, A9: 0.0, A10: 0.0, A11: 1.0, A12: 2.0, A13: 290.0, A14: 7.0. 
",good,"[good, bad]",0,"The client has attributes: A1: 1.0, A2: 34.17, A3: 5.25, A4: 2.0, A5: 9.0, A6: 4.0, A7: 0.085, A8: 0.0, A9: 0.0, A10: 0.0, A11: 1.0, A12: 2.0, A13: 290.0, A14: 7.0."
185,"Assess the creditworthiness of a customer using the following table attributes for financial status. Respond with either 'good' or 'bad'. And all the table attribute names including 8 categorical attributes and 6 numerical attributes and values have been changed to meaningless symbols to protect confidentiality of the data. For instance, 'The client has attributes: A1: 0, A2: 21.67, A3: 11.5, A4: 1, A5: 5, A6: 3, A7: 0, A8: 1, A9: 1, A10: 11, A11: 1, A12: 2, A13: 0, A14: 1.', should be classified as 'good'. 
 Text: The client has attributes: A1: 1.0, A2: 33.58, A3: 0.25, A4: 2.0, A5: 3.0, A6: 5.0, A7: 4.0, A8: 0.0, A9: 0.0, A10: 0.0, A11: 1.0, A12: 1.0, A13: 420.0, A14: 1.0. 
",bad,"[good, bad]",1,"The client has attributes: A1: 1.0, A2: 33.58, A3: 0.25, A4: 2.0, A5: 3.0, A6: 5.0, A7: 4.0, A8: 0.0, A9: 0.0, A10: 0.0, A11: 1.0, A12: 1.0, A13: 420.0, A14: 1.0."
186,"Assess the creditworthiness of a customer using the following table attributes for financial status. Respond with either 'good' or 'bad'. And all the table attribute names including 8 categorical attributes and 6 numerical attributes and values have been changed to meaningless symbols to protect confidentiality of the data. For instance, 'The client has attributes: A1: 0, A2: 21.67, A3: 11.5, A4: 1, A5: 5, A6: 3, A7: 0, A8: 1, A9: 1, A10: 11, A11: 1, A12: 2, A13: 0, A14: 1.', should be classified as 'good'. 
 Text: The client has attributes: A1: 1.0, A2: 16.92, A3: 0.335, A4: 1.0, A5: 4.0, A6: 4.0, A7: 0.29, A8: 0.0, A9: 0.0, A10: 0.0, A11: 0.0, A12: 1.0, A13: 200.0, A14: 1.0. 
",bad,"[good, bad]",1,"The client has attributes: A1: 1.0, A2: 16.92, A3: 0.335, A4: 1.0, A5: 4.0, A6: 4.0, A7: 0.29, A8: 0.0, A9: 0.0, A10: 0.0, A11: 0.0, A12: 1.0, A13: 200.0, A14: 1.0."
187,"Assess the creditworthiness of a customer using the following table attributes for financial status. Respond with either 'good' or 'bad'. And all the table attribute names including 8 categorical attributes and 6 numerical attributes and values have been changed to meaningless symbols to protect confidentiality of the data. For instance, 'The client has attributes: A1: 0, A2: 21.67, A3: 11.5, A4: 1, A5: 5, A6: 3, A7: 0, A8: 1, A9: 1, A10: 11, A11: 1, A12: 2, A13: 0, A14: 1.', should be classified as 'good'. 
 Text: The client has attributes: A1: 1.0, A2: 32.08, A3: 4.0, A4: 1.0, A5: 13.0, A6: 4.0, A7: 1.5, A8: 0.0, A9: 0.0, A10: 0.0, A11: 1.0, A12: 2.0, A13: 120.0, A14: 1.0. 
",bad,"[good, bad]",1,"The client has attributes: A1: 1.0, A2: 32.08, A3: 4.0, A4: 1.0, A5: 13.0, A6: 4.0, A7: 1.5, A8: 0.0, A9: 0.0, A10: 0.0, A11: 1.0, A12: 2.0, A13: 120.0, A14: 1.0."
188,"Assess the creditworthiness of a customer using the following table attributes for financial status. Respond with either 'good' or 'bad'. And all the table attribute names including 8 categorical attributes and 6 numerical attributes and values have been changed to meaningless symbols to protect confidentiality of the data. For instance, 'The client has attributes: A1: 0, A2: 21.67, A3: 11.5, A4: 1, A5: 5, A6: 3, A7: 0, A8: 1, A9: 1, A10: 11, A11: 1, A12: 2, A13: 0, A14: 1.', should be classified as 'good'. 
 Text: The client has attributes: A1: 0.0, A2: 22.42, A3: 5.665, A4: 2.0, A5: 11.0, A6: 4.0, A7: 2.585, A8: 1.0, A9: 1.0, A10: 7.0, A11: 0.0, A12: 2.0, A13: 129.0, A14: 3258.0. 
",good,"[good, bad]",0,"The client has attributes: A1: 0.0, A2: 22.42, A3: 5.665, A4: 2.0, A5: 11.0, A6: 4.0, A7: 2.585, A8: 1.0, A9: 1.0, A10: 7.0, A11: 0.0, A12: 2.0, A13: 129.0, A14: 3258.0."
189,"Assess the creditworthiness of a customer using the following table attributes for financial status. Respond with either 'good' or 'bad'. And all the table attribute names including 8 categorical attributes and 6 numerical attributes and values have been changed to meaningless symbols to protect confidentiality of the data. For instance, 'The client has attributes: A1: 0, A2: 21.67, A3: 11.5, A4: 1, A5: 5, A6: 3, A7: 0, A8: 1, A9: 1, A10: 11, A11: 1, A12: 2, A13: 0, A14: 1.', should be classified as 'good'. 
 Text: The client has attributes: A1: 1.0, A2: 25.0, A3: 12.5, A4: 2.0, A5: 6.0, A6: 4.0, A7: 3.0, A8: 1.0, A9: 0.0, A10: 0.0, A11: 1.0, A12: 1.0, A13: 20.0, A14: 1.0. 
",good,"[good, bad]",0,"The client has attributes: A1: 1.0, A2: 25.0, A3: 12.5, A4: 2.0, A5: 6.0, A6: 4.0, A7: 3.0, A8: 1.0, A9: 0.0, A10: 0.0, A11: 1.0, A12: 1.0, A13: 20.0, A14: 1.0."
190,"Assess the creditworthiness of a customer using the following table attributes for financial status. Respond with either 'good' or 'bad'. And all the table attribute names including 8 categorical attributes and 6 numerical attributes and values have been changed to meaningless symbols to protect confidentiality of the data. For instance, 'The client has attributes: A1: 0, A2: 21.67, A3: 11.5, A4: 1, A5: 5, A6: 3, A7: 0, A8: 1, A9: 1, A10: 11, A11: 1, A12: 2, A13: 0, A14: 1.', should be classified as 'good'. 
 Text: The client has attributes: A1: 0.0, A2: 40.33, A3: 8.125, A4: 1.0, A5: 4.0, A6: 4.0, A7: 0.165, A8: 0.0, A9: 1.0, A10: 2.0, A11: 0.0, A12: 2.0, A13: 184.0, A14: 19.0. 
",bad,"[good, bad]",1,"The client has attributes: A1: 0.0, A2: 40.33, A3: 8.125, A4: 1.0, A5: 4.0, A6: 4.0, A7: 0.165, A8: 0.0, A9: 1.0, A10: 2.0, A11: 0.0, A12: 2.0, A13: 184.0, A14: 19.0."
191,"Assess the creditworthiness of a customer using the following table attributes for financial status. Respond with either 'good' or 'bad'. And all the table attribute names including 8 categorical attributes and 6 numerical attributes and values have been changed to meaningless symbols to protect confidentiality of the data. For instance, 'The client has attributes: A1: 0, A2: 21.67, A3: 11.5, A4: 1, A5: 5, A6: 3, A7: 0, A8: 1, A9: 1, A10: 11, A11: 1, A12: 2, A13: 0, A14: 1.', should be classified as 'good'. 
 Text: The client has attributes: A1: 1.0, A2: 18.17, A3: 2.46, A4: 2.0, A5: 8.0, A6: 7.0, A7: 0.96, A8: 0.0, A9: 1.0, A10: 2.0, A11: 1.0, A12: 2.0, A13: 160.0, A14: 588.0. 
",bad,"[good, bad]",1,"The client has attributes: A1: 1.0, A2: 18.17, A3: 2.46, A4: 2.0, A5: 8.0, A6: 7.0, A7: 0.96, A8: 0.0, A9: 1.0, A10: 2.0, A11: 1.0, A12: 2.0, A13: 160.0, A14: 588.0."
192,"Assess the creditworthiness of a customer using the following table attributes for financial status. Respond with either 'good' or 'bad'. And all the table attribute names including 8 categorical attributes and 6 numerical attributes and values have been changed to meaningless symbols to protect confidentiality of the data. For instance, 'The client has attributes: A1: 0, A2: 21.67, A3: 11.5, A4: 1, A5: 5, A6: 3, A7: 0, A8: 1, A9: 1, A10: 11, A11: 1, A12: 2, A13: 0, A14: 1.', should be classified as 'good'. 
 Text: The client has attributes: A1: 0.0, A2: 17.67, A3: 0.0, A4: 1.0, A5: 5.0, A6: 1.0, A7: 0.0, A8: 0.0, A9: 0.0, A10: 0.0, A11: 0.0, A12: 2.0, A13: 86.0, A14: 1.0. 
",bad,"[good, bad]",1,"The client has attributes: A1: 0.0, A2: 17.67, A3: 0.0, A4: 1.0, A5: 5.0, A6: 1.0, A7: 0.0, A8: 0.0, A9: 0.0, A10: 0.0, A11: 0.0, A12: 2.0, A13: 86.0, A14: 1.0."
193,"Assess the creditworthiness of a customer using the following table attributes for financial status. Respond with either 'good' or 'bad'. And all the table attribute names including 8 categorical attributes and 6 numerical attributes and values have been changed to meaningless symbols to protect confidentiality of the data. For instance, 'The client has attributes: A1: 0, A2: 21.67, A3: 11.5, A4: 1, A5: 5, A6: 3, A7: 0, A8: 1, A9: 1, A10: 11, A11: 1, A12: 2, A13: 0, A14: 1.', should be classified as 'good'. 
 Text: The client has attributes: A1: 0.0, A2: 25.0, A3: 12.33, A4: 2.0, A5: 13.0, A6: 8.0, A7: 3.5, A8: 1.0, A9: 1.0, A10: 6.0, A11: 0.0, A12: 2.0, A13: 400.0, A14: 459.0. 
",good,"[good, bad]",0,"The client has attributes: A1: 0.0, A2: 25.0, A3: 12.33, A4: 2.0, A5: 13.0, A6: 8.0, A7: 3.5, A8: 1.0, A9: 1.0, A10: 6.0, A11: 0.0, A12: 2.0, A13: 400.0, A14: 459.0."
194,"Assess the creditworthiness of a customer using the following table attributes for financial status. Respond with either 'good' or 'bad'. And all the table attribute names including 8 categorical attributes and 6 numerical attributes and values have been changed to meaningless symbols to protect confidentiality of the data. For instance, 'The client has attributes: A1: 0, A2: 21.67, A3: 11.5, A4: 1, A5: 5, A6: 3, A7: 0, A8: 1, A9: 1, A10: 11, A11: 1, A12: 2, A13: 0, A14: 1.', should be classified as 'good'. 
 Text: The client has attributes: A1: 1.0, A2: 27.25, A3: 0.625, A4: 2.0, A5: 6.0, A6: 4.0, A7: 0.455, A8: 1.0, A9: 0.0, A10: 0.0, A11: 1.0, A12: 2.0, A13: 200.0, A14: 1.0. 
",bad,"[good, bad]",1,"The client has attributes: A1: 1.0, A2: 27.25, A3: 0.625, A4: 2.0, A5: 6.0, A6: 4.0, A7: 0.455, A8: 1.0, A9: 0.0, A10: 0.0, A11: 1.0, A12: 2.0, A13: 200.0, A14: 1.0."
195,"Assess the creditworthiness of a customer using the following table attributes for financial status. Respond with either 'good' or 'bad'. And all the table attribute names including 8 categorical attributes and 6 numerical attributes and values have been changed to meaningless symbols to protect confidentiality of the data. For instance, 'The client has attributes: A1: 0, A2: 21.67, A3: 11.5, A4: 1, A5: 5, A6: 3, A7: 0, A8: 1, A9: 1, A10: 11, A11: 1, A12: 2, A13: 0, A14: 1.', should be classified as 'good'. 
 Text: The client has attributes: A1: 1.0, A2: 25.83, A3: 12.835, A4: 2.0, A5: 13.0, A6: 4.0, A7: 0.5, A8: 0.0, A9: 0.0, A10: 0.0, A11: 0.0, A12: 2.0, A13: 0.0, A14: 3.0. 
",bad,"[good, bad]",1,"The client has attributes: A1: 1.0, A2: 25.83, A3: 12.835, A4: 2.0, A5: 13.0, A6: 4.0, A7: 0.5, A8: 0.0, A9: 0.0, A10: 0.0, A11: 0.0, A12: 2.0, A13: 0.0, A14: 3.0."
196,"Assess the creditworthiness of a customer using the following table attributes for financial status. Respond with either 'good' or 'bad'. And all the table attribute names including 8 categorical attributes and 6 numerical attributes and values have been changed to meaningless symbols to protect confidentiality of the data. For instance, 'The client has attributes: A1: 0, A2: 21.67, A3: 11.5, A4: 1, A5: 5, A6: 3, A7: 0, A8: 1, A9: 1, A10: 11, A11: 1, A12: 2, A13: 0, A14: 1.', should be classified as 'good'. 
 Text: The client has attributes: A1: 1.0, A2: 27.0, A3: 0.75, A4: 2.0, A5: 8.0, A6: 8.0, A7: 4.25, A8: 1.0, A9: 1.0, A10: 3.0, A11: 1.0, A12: 2.0, A13: 312.0, A14: 151.0. 
",good,"[good, bad]",0,"The client has attributes: A1: 1.0, A2: 27.0, A3: 0.75, A4: 2.0, A5: 8.0, A6: 8.0, A7: 4.25, A8: 1.0, A9: 1.0, A10: 3.0, A11: 1.0, A12: 2.0, A13: 312.0, A14: 151.0."
197,"Assess the creditworthiness of a customer using the following table attributes for financial status. Respond with either 'good' or 'bad'. And all the table attribute names including 8 categorical attributes and 6 numerical attributes and values have been changed to meaningless symbols to protect confidentiality of the data. For instance, 'The client has attributes: A1: 0, A2: 21.67, A3: 11.5, A4: 1, A5: 5, A6: 3, A7: 0, A8: 1, A9: 1, A10: 11, A11: 1, A12: 2, A13: 0, A14: 1.', should be classified as 'good'. 
 Text: The client has attributes: A1: 1.0, A2: 39.92, A3: 6.21, A4: 2.0, A5: 11.0, A6: 4.0, A7: 0.04, A8: 1.0, A9: 1.0, A10: 1.0, A11: 0.0, A12: 2.0, A13: 200.0, A14: 301.0. 
",good,"[good, bad]",0,"The client has attributes: A1: 1.0, A2: 39.92, A3: 6.21, A4: 2.0, A5: 11.0, A6: 4.0, A7: 0.04, A8: 1.0, A9: 1.0, A10: 1.0, A11: 0.0, A12: 2.0, A13: 200.0, A14: 301.0."
198,"Assess the creditworthiness of a customer using the following table attributes for financial status. Respond with either 'good' or 'bad'. And all the table attribute names including 8 categorical attributes and 6 numerical attributes and values have been changed to meaningless symbols to protect confidentiality of the data. For instance, 'The client has attributes: A1: 0, A2: 21.67, A3: 11.5, A4: 1, A5: 5, A6: 3, A7: 0, A8: 1, A9: 1, A10: 11, A11: 1, A12: 2, A13: 0, A14: 1.', should be classified as 'good'. 
 Text: The client has attributes: A1: 1.0, A2: 19.33, A3: 10.915, A4: 2.0, A5: 8.0, A6: 5.0, A7: 0.585, A8: 0.0, A9: 1.0, A10: 2.0, A11: 1.0, A12: 2.0, A13: 200.0, A14: 8.0. 
",bad,"[good, bad]",1,"The client has attributes: A1: 1.0, A2: 19.33, A3: 10.915, A4: 2.0, A5: 8.0, A6: 5.0, A7: 0.585, A8: 0.0, A9: 1.0, A10: 2.0, A11: 1.0, A12: 2.0, A13: 200.0, A14: 8.0."
199,"Assess the creditworthiness of a customer using the following table attributes for financial status. Respond with either 'good' or 'bad'. And all the table attribute names including 8 categorical attributes and 6 numerical attributes and values have been changed to meaningless symbols to protect confidentiality of the data. For instance, 'The client has attributes: A1: 0, A2: 21.67, A3: 11.5, A4: 1, A5: 5, A6: 3, A7: 0, A8: 1, A9: 1, A10: 11, A11: 1, A12: 2, A13: 0, A14: 1.', should be classified as 'good'. 
 Text: The client has attributes: A1: 1.0, A2: 22.0, A3: 0.79, A4: 2.0, A5: 9.0, A6: 4.0, A7: 0.29, A8: 0.0, A9: 1.0, A10: 1.0, A11: 0.0, A12: 2.0, A13: 420.0, A14: 284.0. 
",bad,"[good, bad]",1,"The client has attributes: A1: 1.0, A2: 22.0, A3: 0.79, A4: 2.0, A5: 9.0, A6: 4.0, A7: 0.29, A8: 0.0, A9: 1.0, A10: 1.0, A11: 0.0, A12: 2.0, A13: 420.0, A14: 284.0."
200,"Assess the creditworthiness of a customer using the following table attributes for financial status. Respond with either 'good' or 'bad'. And all the table attribute names including 8 categorical attributes and 6 numerical attributes and values have been changed to meaningless symbols to protect confidentiality of the data. For instance, 'The client has attributes: A1: 0, A2: 21.67, A3: 11.5, A4: 1, A5: 5, A6: 3, A7: 0, A8: 1, A9: 1, A10: 11, A11: 1, A12: 2, A13: 0, A14: 1.', should be classified as 'good'. 
 Text: The client has attributes: A1: 1.0, A2: 30.17, A3: 0.5, A4: 2.0, A5: 8.0, A6: 4.0, A7: 1.75, A8: 1.0, A9: 1.0, A10: 11.0, A11: 0.0, A12: 2.0, A13: 32.0, A14: 541.0. 
",good,"[good, bad]",0,"The client has attributes: A1: 1.0, A2: 30.17, A3: 0.5, A4: 2.0, A5: 8.0, A6: 4.0, A7: 1.75, A8: 1.0, A9: 1.0, A10: 11.0, A11: 0.0, A12: 2.0, A13: 32.0, A14: 541.0."
201,"Assess the creditworthiness of a customer using the following table attributes for financial status. Respond with either 'good' or 'bad'. And all the table attribute names including 8 categorical attributes and 6 numerical attributes and values have been changed to meaningless symbols to protect confidentiality of the data. For instance, 'The client has attributes: A1: 0, A2: 21.67, A3: 11.5, A4: 1, A5: 5, A6: 3, A7: 0, A8: 1, A9: 1, A10: 11, A11: 1, A12: 2, A13: 0, A14: 1.', should be classified as 'good'. 
 Text: The client has attributes: A1: 1.0, A2: 25.0, A3: 11.25, A4: 2.0, A5: 8.0, A6: 4.0, A7: 2.5, A8: 1.0, A9: 1.0, A10: 17.0, A11: 0.0, A12: 2.0, A13: 200.0, A14: 1209.0. 
",good,"[good, bad]",0,"The client has attributes: A1: 1.0, A2: 25.0, A3: 11.25, A4: 2.0, A5: 8.0, A6: 4.0, A7: 2.5, A8: 1.0, A9: 1.0, A10: 17.0, A11: 0.0, A12: 2.0, A13: 200.0, A14: 1209.0."
202,"Assess the creditworthiness of a customer using the following table attributes for financial status. Respond with either 'good' or 'bad'. And all the table attribute names including 8 categorical attributes and 6 numerical attributes and values have been changed to meaningless symbols to protect confidentiality of the data. For instance, 'The client has attributes: A1: 0, A2: 21.67, A3: 11.5, A4: 1, A5: 5, A6: 3, A7: 0, A8: 1, A9: 1, A10: 11, A11: 1, A12: 2, A13: 0, A14: 1.', should be classified as 'good'. 
 Text: The client has attributes: A1: 1.0, A2: 23.08, A3: 11.5, A4: 2.0, A5: 9.0, A6: 8.0, A7: 2.125, A8: 1.0, A9: 1.0, A10: 11.0, A11: 1.0, A12: 2.0, A13: 290.0, A14: 285.0. 
",good,"[good, bad]",0,"The client has attributes: A1: 1.0, A2: 23.08, A3: 11.5, A4: 2.0, A5: 9.0, A6: 8.0, A7: 2.125, A8: 1.0, A9: 1.0, A10: 11.0, A11: 1.0, A12: 2.0, A13: 290.0, A14: 285.0."
203,"Assess the creditworthiness of a customer using the following table attributes for financial status. Respond with either 'good' or 'bad'. And all the table attribute names including 8 categorical attributes and 6 numerical attributes and values have been changed to meaningless symbols to protect confidentiality of the data. For instance, 'The client has attributes: A1: 0, A2: 21.67, A3: 11.5, A4: 1, A5: 5, A6: 3, A7: 0, A8: 1, A9: 1, A10: 11, A11: 1, A12: 2, A13: 0, A14: 1.', should be classified as 'good'. 
 Text: The client has attributes: A1: 0.0, A2: 18.25, A3: 10.0, A4: 2.0, A5: 9.0, A6: 4.0, A7: 1.0, A8: 0.0, A9: 1.0, A10: 1.0, A11: 0.0, A12: 2.0, A13: 120.0, A14: 2.0. 
",bad,"[good, bad]",1,"The client has attributes: A1: 0.0, A2: 18.25, A3: 10.0, A4: 2.0, A5: 9.0, A6: 4.0, A7: 1.0, A8: 0.0, A9: 1.0, A10: 1.0, A11: 0.0, A12: 2.0, A13: 120.0, A14: 2.0."
204,"Assess the creditworthiness of a customer using the following table attributes for financial status. Respond with either 'good' or 'bad'. And all the table attribute names including 8 categorical attributes and 6 numerical attributes and values have been changed to meaningless symbols to protect confidentiality of the data. For instance, 'The client has attributes: A1: 0, A2: 21.67, A3: 11.5, A4: 1, A5: 5, A6: 3, A7: 0, A8: 1, A9: 1, A10: 11, A11: 1, A12: 2, A13: 0, A14: 1.', should be classified as 'good'. 
 Text: The client has attributes: A1: 0.0, A2: 28.5, A3: 1.0, A4: 2.0, A5: 11.0, A6: 4.0, A7: 1.0, A8: 1.0, A9: 1.0, A10: 2.0, A11: 1.0, A12: 2.0, A13: 167.0, A14: 501.0. 
",bad,"[good, bad]",1,"The client has attributes: A1: 0.0, A2: 28.5, A3: 1.0, A4: 2.0, A5: 11.0, A6: 4.0, A7: 1.0, A8: 1.0, A9: 1.0, A10: 2.0, A11: 1.0, A12: 2.0, A13: 167.0, A14: 501.0."
205,"Assess the creditworthiness of a customer using the following table attributes for financial status. Respond with either 'good' or 'bad'. And all the table attribute names including 8 categorical attributes and 6 numerical attributes and values have been changed to meaningless symbols to protect confidentiality of the data. For instance, 'The client has attributes: A1: 0, A2: 21.67, A3: 11.5, A4: 1, A5: 5, A6: 3, A7: 0, A8: 1, A9: 1, A10: 11, A11: 1, A12: 2, A13: 0, A14: 1.', should be classified as 'good'. 
 Text: The client has attributes: A1: 1.0, A2: 65.42, A3: 11.0, A4: 2.0, A5: 10.0, A6: 9.0, A7: 20.0, A8: 1.0, A9: 1.0, A10: 7.0, A11: 1.0, A12: 2.0, A13: 22.0, A14: 1.0. 
",good,"[good, bad]",0,"The client has attributes: A1: 1.0, A2: 65.42, A3: 11.0, A4: 2.0, A5: 10.0, A6: 9.0, A7: 20.0, A8: 1.0, A9: 1.0, A10: 7.0, A11: 1.0, A12: 2.0, A13: 22.0, A14: 1.0."
206,"Assess the creditworthiness of a customer using the following table attributes for financial status. Respond with either 'good' or 'bad'. And all the table attribute names including 8 categorical attributes and 6 numerical attributes and values have been changed to meaningless symbols to protect confidentiality of the data. For instance, 'The client has attributes: A1: 0, A2: 21.67, A3: 11.5, A4: 1, A5: 5, A6: 3, A7: 0, A8: 1, A9: 1, A10: 11, A11: 1, A12: 2, A13: 0, A14: 1.', should be classified as 'good'. 
 Text: The client has attributes: A1: 1.0, A2: 36.08, A3: 2.54, A4: 2.0, A5: 1.0, A6: 1.0, A7: 0.0, A8: 0.0, A9: 0.0, A10: 0.0, A11: 0.0, A12: 2.0, A13: 0.0, A14: 1001.0. 
",bad,"[good, bad]",1,"The client has attributes: A1: 1.0, A2: 36.08, A3: 2.54, A4: 2.0, A5: 1.0, A6: 1.0, A7: 0.0, A8: 0.0, A9: 0.0, A10: 0.0, A11: 0.0, A12: 2.0, A13: 0.0, A14: 1001.0."
207,"Assess the creditworthiness of a customer using the following table attributes for financial status. Respond with either 'good' or 'bad'. And all the table attribute names including 8 categorical attributes and 6 numerical attributes and values have been changed to meaningless symbols to protect confidentiality of the data. For instance, 'The client has attributes: A1: 0, A2: 21.67, A3: 11.5, A4: 1, A5: 5, A6: 3, A7: 0, A8: 1, A9: 1, A10: 11, A11: 1, A12: 2, A13: 0, A14: 1.', should be classified as 'good'. 
 Text: The client has attributes: A1: 1.0, A2: 21.25, A3: 1.5, A4: 2.0, A5: 9.0, A6: 4.0, A7: 1.5, A8: 0.0, A9: 0.0, A10: 0.0, A11: 0.0, A12: 2.0, A13: 150.0, A14: 9.0. 
",good,"[good, bad]",0,"The client has attributes: A1: 1.0, A2: 21.25, A3: 1.5, A4: 2.0, A5: 9.0, A6: 4.0, A7: 1.5, A8: 0.0, A9: 0.0, A10: 0.0, A11: 0.0, A12: 2.0, A13: 150.0, A14: 9.0."
208,"Assess the creditworthiness of a customer using the following table attributes for financial status. Respond with either 'good' or 'bad'. And all the table attribute names including 8 categorical attributes and 6 numerical attributes and values have been changed to meaningless symbols to protect confidentiality of the data. For instance, 'The client has attributes: A1: 0, A2: 21.67, A3: 11.5, A4: 1, A5: 5, A6: 3, A7: 0, A8: 1, A9: 1, A10: 11, A11: 1, A12: 2, A13: 0, A14: 1.', should be classified as 'good'. 
 Text: The client has attributes: A1: 1.0, A2: 31.57, A3: 0.5, A4: 2.0, A5: 8.0, A6: 5.0, A7: 0.835, A8: 1.0, A9: 0.0, A10: 0.0, A11: 1.0, A12: 1.0, A13: 320.0, A14: 1.0. 
",bad,"[good, bad]",1,"The client has attributes: A1: 1.0, A2: 31.57, A3: 0.5, A4: 2.0, A5: 8.0, A6: 5.0, A7: 0.835, A8: 1.0, A9: 0.0, A10: 0.0, A11: 1.0, A12: 1.0, A13: 320.0, A14: 1.0."
209,"Assess the creditworthiness of a customer using the following table attributes for financial status. Respond with either 'good' or 'bad'. And all the table attribute names including 8 categorical attributes and 6 numerical attributes and values have been changed to meaningless symbols to protect confidentiality of the data. For instance, 'The client has attributes: A1: 0, A2: 21.67, A3: 11.5, A4: 1, A5: 5, A6: 3, A7: 0, A8: 1, A9: 1, A10: 11, A11: 1, A12: 2, A13: 0, A14: 1.', should be classified as 'good'. 
 Text: The client has attributes: A1: 1.0, A2: 18.25, A3: 0.165, A4: 2.0, A5: 2.0, A6: 4.0, A7: 0.25, A8: 0.0, A9: 0.0, A10: 0.0, A11: 1.0, A12: 1.0, A13: 280.0, A14: 1.0. 
",bad,"[good, bad]",1,"The client has attributes: A1: 1.0, A2: 18.25, A3: 0.165, A4: 2.0, A5: 2.0, A6: 4.0, A7: 0.25, A8: 0.0, A9: 0.0, A10: 0.0, A11: 1.0, A12: 1.0, A13: 280.0, A14: 1.0."
210,"Assess the creditworthiness of a customer using the following table attributes for financial status. Respond with either 'good' or 'bad'. And all the table attribute names including 8 categorical attributes and 6 numerical attributes and values have been changed to meaningless symbols to protect confidentiality of the data. For instance, 'The client has attributes: A1: 0, A2: 21.67, A3: 11.5, A4: 1, A5: 5, A6: 3, A7: 0, A8: 1, A9: 1, A10: 11, A11: 1, A12: 2, A13: 0, A14: 1.', should be classified as 'good'. 
 Text: The client has attributes: A1: 1.0, A2: 22.08, A3: 2.335, A4: 2.0, A5: 4.0, A6: 4.0, A7: 0.75, A8: 0.0, A9: 0.0, A10: 0.0, A11: 0.0, A12: 2.0, A13: 180.0, A14: 1.0. 
",bad,"[good, bad]",1,"The client has attributes: A1: 1.0, A2: 22.08, A3: 2.335, A4: 2.0, A5: 4.0, A6: 4.0, A7: 0.75, A8: 0.0, A9: 0.0, A10: 0.0, A11: 0.0, A12: 2.0, A13: 180.0, A14: 1.0."
211,"Assess the creditworthiness of a customer using the following table attributes for financial status. Respond with either 'good' or 'bad'. And all the table attribute names including 8 categorical attributes and 6 numerical attributes and values have been changed to meaningless symbols to protect confidentiality of the data. For instance, 'The client has attributes: A1: 0, A2: 21.67, A3: 11.5, A4: 1, A5: 5, A6: 3, A7: 0, A8: 1, A9: 1, A10: 11, A11: 1, A12: 2, A13: 0, A14: 1.', should be classified as 'good'. 
 Text: The client has attributes: A1: 0.0, A2: 22.42, A3: 11.25, A4: 1.0, A5: 14.0, A6: 8.0, A7: 0.75, A8: 1.0, A9: 1.0, A10: 4.0, A11: 0.0, A12: 2.0, A13: 0.0, A14: 322.0. 
",good,"[good, bad]",0,"The client has attributes: A1: 0.0, A2: 22.42, A3: 11.25, A4: 1.0, A5: 14.0, A6: 8.0, A7: 0.75, A8: 1.0, A9: 1.0, A10: 4.0, A11: 0.0, A12: 2.0, A13: 0.0, A14: 322.0."
212,"Assess the creditworthiness of a customer using the following table attributes for financial status. Respond with either 'good' or 'bad'. And all the table attribute names including 8 categorical attributes and 6 numerical attributes and values have been changed to meaningless symbols to protect confidentiality of the data. For instance, 'The client has attributes: A1: 0, A2: 21.67, A3: 11.5, A4: 1, A5: 5, A6: 3, A7: 0, A8: 1, A9: 1, A10: 11, A11: 1, A12: 2, A13: 0, A14: 1.', should be classified as 'good'. 
 Text: The client has attributes: A1: 1.0, A2: 22.67, A3: 1.585, A4: 1.0, A5: 9.0, A6: 4.0, A7: 3.085, A8: 1.0, A9: 1.0, A10: 6.0, A11: 0.0, A12: 2.0, A13: 80.0, A14: 1.0. 
",good,"[good, bad]",0,"The client has attributes: A1: 1.0, A2: 22.67, A3: 1.585, A4: 1.0, A5: 9.0, A6: 4.0, A7: 3.085, A8: 1.0, A9: 1.0, A10: 6.0, A11: 0.0, A12: 2.0, A13: 80.0, A14: 1.0."
213,"Assess the creditworthiness of a customer using the following table attributes for financial status. Respond with either 'good' or 'bad'. And all the table attribute names including 8 categorical attributes and 6 numerical attributes and values have been changed to meaningless symbols to protect confidentiality of the data. For instance, 'The client has attributes: A1: 0, A2: 21.67, A3: 11.5, A4: 1, A5: 5, A6: 3, A7: 0, A8: 1, A9: 1, A10: 11, A11: 1, A12: 2, A13: 0, A14: 1.', should be classified as 'good'. 
 Text: The client has attributes: A1: 0.0, A2: 25.0, A3: 11.0, A4: 1.0, A5: 6.0, A6: 4.0, A7: 4.5, A8: 1.0, A9: 0.0, A10: 0.0, A11: 0.0, A12: 2.0, A13: 120.0, A14: 1.0. 
",bad,"[good, bad]",1,"The client has attributes: A1: 0.0, A2: 25.0, A3: 11.0, A4: 1.0, A5: 6.0, A6: 4.0, A7: 4.5, A8: 1.0, A9: 0.0, A10: 0.0, A11: 0.0, A12: 2.0, A13: 120.0, A14: 1.0."
214,"Assess the creditworthiness of a customer using the following table attributes for financial status. Respond with either 'good' or 'bad'. And all the table attribute names including 8 categorical attributes and 6 numerical attributes and values have been changed to meaningless symbols to protect confidentiality of the data. For instance, 'The client has attributes: A1: 0, A2: 21.67, A3: 11.5, A4: 1, A5: 5, A6: 3, A7: 0, A8: 1, A9: 1, A10: 11, A11: 1, A12: 2, A13: 0, A14: 1.', should be classified as 'good'. 
 Text: The client has attributes: A1: 1.0, A2: 23.08, A3: 2.5, A4: 2.0, A5: 1.0, A6: 1.0, A7: 0.085, A8: 0.0, A9: 0.0, A10: 0.0, A11: 1.0, A12: 2.0, A13: 100.0, A14: 4209.0. 
",bad,"[good, bad]",1,"The client has attributes: A1: 1.0, A2: 23.08, A3: 2.5, A4: 2.0, A5: 1.0, A6: 1.0, A7: 0.085, A8: 0.0, A9: 0.0, A10: 0.0, A11: 1.0, A12: 2.0, A13: 100.0, A14: 4209.0."
215,"Assess the creditworthiness of a customer using the following table attributes for financial status. Respond with either 'good' or 'bad'. And all the table attribute names including 8 categorical attributes and 6 numerical attributes and values have been changed to meaningless symbols to protect confidentiality of the data. For instance, 'The client has attributes: A1: 0, A2: 21.67, A3: 11.5, A4: 1, A5: 5, A6: 3, A7: 0, A8: 1, A9: 1, A10: 11, A11: 1, A12: 2, A13: 0, A14: 1.', should be classified as 'good'. 
 Text: The client has attributes: A1: 1.0, A2: 39.83, A3: 0.5, A4: 2.0, A5: 7.0, A6: 4.0, A7: 0.25, A8: 1.0, A9: 0.0, A10: 0.0, A11: 0.0, A12: 1.0, A13: 288.0, A14: 1.0. 
",bad,"[good, bad]",1,"The client has attributes: A1: 1.0, A2: 39.83, A3: 0.5, A4: 2.0, A5: 7.0, A6: 4.0, A7: 0.25, A8: 1.0, A9: 0.0, A10: 0.0, A11: 0.0, A12: 1.0, A13: 288.0, A14: 1.0."
216,"Assess the creditworthiness of a customer using the following table attributes for financial status. Respond with either 'good' or 'bad'. And all the table attribute names including 8 categorical attributes and 6 numerical attributes and values have been changed to meaningless symbols to protect confidentiality of the data. For instance, 'The client has attributes: A1: 0, A2: 21.67, A3: 11.5, A4: 1, A5: 5, A6: 3, A7: 0, A8: 1, A9: 1, A10: 11, A11: 1, A12: 2, A13: 0, A14: 1.', should be classified as 'good'. 
 Text: The client has attributes: A1: 1.0, A2: 34.0, A3: 4.5, A4: 2.0, A5: 6.0, A6: 4.0, A7: 1.0, A8: 1.0, A9: 0.0, A10: 0.0, A11: 1.0, A12: 2.0, A13: 240.0, A14: 1.0. 
",bad,"[good, bad]",1,"The client has attributes: A1: 1.0, A2: 34.0, A3: 4.5, A4: 2.0, A5: 6.0, A6: 4.0, A7: 1.0, A8: 1.0, A9: 0.0, A10: 0.0, A11: 1.0, A12: 2.0, A13: 240.0, A14: 1.0."
217,"Assess the creditworthiness of a customer using the following table attributes for financial status. Respond with either 'good' or 'bad'. And all the table attribute names including 8 categorical attributes and 6 numerical attributes and values have been changed to meaningless symbols to protect confidentiality of the data. For instance, 'The client has attributes: A1: 0, A2: 21.67, A3: 11.5, A4: 1, A5: 5, A6: 3, A7: 0, A8: 1, A9: 1, A10: 11, A11: 1, A12: 2, A13: 0, A14: 1.', should be classified as 'good'. 
 Text: The client has attributes: A1: 1.0, A2: 29.58, A3: 4.5, A4: 2.0, A5: 9.0, A6: 4.0, A7: 7.5, A8: 1.0, A9: 1.0, A10: 2.0, A11: 1.0, A12: 2.0, A13: 330.0, A14: 1.0. 
",good,"[good, bad]",0,"The client has attributes: A1: 1.0, A2: 29.58, A3: 4.5, A4: 2.0, A5: 9.0, A6: 4.0, A7: 7.5, A8: 1.0, A9: 1.0, A10: 2.0, A11: 1.0, A12: 2.0, A13: 330.0, A14: 1.0."
218,"Assess the creditworthiness of a customer using the following table attributes for financial status. Respond with either 'good' or 'bad'. And all the table attribute names including 8 categorical attributes and 6 numerical attributes and values have been changed to meaningless symbols to protect confidentiality of the data. For instance, 'The client has attributes: A1: 0, A2: 21.67, A3: 11.5, A4: 1, A5: 5, A6: 3, A7: 0, A8: 1, A9: 1, A10: 11, A11: 1, A12: 2, A13: 0, A14: 1.', should be classified as 'good'. 
 Text: The client has attributes: A1: 1.0, A2: 40.58, A3: 5.0, A4: 2.0, A5: 8.0, A6: 4.0, A7: 5.0, A8: 1.0, A9: 1.0, A10: 7.0, A11: 0.0, A12: 2.0, A13: 0.0, A14: 3066.0. 
",good,"[good, bad]",0,"The client has attributes: A1: 1.0, A2: 40.58, A3: 5.0, A4: 2.0, A5: 8.0, A6: 4.0, A7: 5.0, A8: 1.0, A9: 1.0, A10: 7.0, A11: 0.0, A12: 2.0, A13: 0.0, A14: 3066.0."
219,"Assess the creditworthiness of a customer using the following table attributes for financial status. Respond with either 'good' or 'bad'. And all the table attribute names including 8 categorical attributes and 6 numerical attributes and values have been changed to meaningless symbols to protect confidentiality of the data. For instance, 'The client has attributes: A1: 0, A2: 21.67, A3: 11.5, A4: 1, A5: 5, A6: 3, A7: 0, A8: 1, A9: 1, A10: 11, A11: 1, A12: 2, A13: 0, A14: 1.', should be classified as 'good'. 
 Text: The client has attributes: A1: 1.0, A2: 20.5, A3: 10.0, A4: 1.0, A5: 8.0, A6: 4.0, A7: 2.5, A8: 1.0, A9: 0.0, A10: 0.0, A11: 0.0, A12: 1.0, A13: 40.0, A14: 1.0. 
",good,"[good, bad]",0,"The client has attributes: A1: 1.0, A2: 20.5, A3: 10.0, A4: 1.0, A5: 8.0, A6: 4.0, A7: 2.5, A8: 1.0, A9: 0.0, A10: 0.0, A11: 0.0, A12: 1.0, A13: 40.0, A14: 1.0."
220,"Assess the creditworthiness of a customer using the following table attributes for financial status. Respond with either 'good' or 'bad'. And all the table attribute names including 8 categorical attributes and 6 numerical attributes and values have been changed to meaningless symbols to protect confidentiality of the data. For instance, 'The client has attributes: A1: 0, A2: 21.67, A3: 11.5, A4: 1, A5: 5, A6: 3, A7: 0, A8: 1, A9: 1, A10: 11, A11: 1, A12: 2, A13: 0, A14: 1.', should be classified as 'good'. 
 Text: The client has attributes: A1: 0.0, A2: 23.0, A3: 11.75, A4: 2.0, A5: 14.0, A6: 8.0, A7: 0.5, A8: 1.0, A9: 1.0, A10: 2.0, A11: 1.0, A12: 2.0, A13: 300.0, A14: 552.0. 
",good,"[good, bad]",0,"The client has attributes: A1: 0.0, A2: 23.0, A3: 11.75, A4: 2.0, A5: 14.0, A6: 8.0, A7: 0.5, A8: 1.0, A9: 1.0, A10: 2.0, A11: 1.0, A12: 2.0, A13: 300.0, A14: 552.0."
221,"Assess the creditworthiness of a customer using the following table attributes for financial status. Respond with either 'good' or 'bad'. And all the table attribute names including 8 categorical attributes and 6 numerical attributes and values have been changed to meaningless symbols to protect confidentiality of the data. For instance, 'The client has attributes: A1: 0, A2: 21.67, A3: 11.5, A4: 1, A5: 5, A6: 3, A7: 0, A8: 1, A9: 1, A10: 11, A11: 1, A12: 2, A13: 0, A14: 1.', should be classified as 'good'. 
 Text: The client has attributes: A1: 1.0, A2: 42.75, A3: 4.085, A4: 2.0, A5: 6.0, A6: 4.0, A7: 0.04, A8: 0.0, A9: 0.0, A10: 0.0, A11: 0.0, A12: 2.0, A13: 108.0, A14: 101.0. 
",bad,"[good, bad]",1,"The client has attributes: A1: 1.0, A2: 42.75, A3: 4.085, A4: 2.0, A5: 6.0, A6: 4.0, A7: 0.04, A8: 0.0, A9: 0.0, A10: 0.0, A11: 0.0, A12: 2.0, A13: 108.0, A14: 101.0."
222,"Assess the creditworthiness of a customer using the following table attributes for financial status. Respond with either 'good' or 'bad'. And all the table attribute names including 8 categorical attributes and 6 numerical attributes and values have been changed to meaningless symbols to protect confidentiality of the data. For instance, 'The client has attributes: A1: 0, A2: 21.67, A3: 11.5, A4: 1, A5: 5, A6: 3, A7: 0, A8: 1, A9: 1, A10: 11, A11: 1, A12: 2, A13: 0, A14: 1.', should be classified as 'good'. 
 Text: The client has attributes: A1: 1.0, A2: 35.17, A3: 4.5, A4: 2.0, A5: 14.0, A6: 8.0, A7: 5.75, A8: 0.0, A9: 0.0, A10: 0.0, A11: 1.0, A12: 1.0, A13: 711.0, A14: 1.0. 
",good,"[good, bad]",0,"The client has attributes: A1: 1.0, A2: 35.17, A3: 4.5, A4: 2.0, A5: 14.0, A6: 8.0, A7: 5.75, A8: 0.0, A9: 0.0, A10: 0.0, A11: 1.0, A12: 1.0, A13: 711.0, A14: 1.0."
223,"Assess the creditworthiness of a customer using the following table attributes for financial status. Respond with either 'good' or 'bad'. And all the table attribute names including 8 categorical attributes and 6 numerical attributes and values have been changed to meaningless symbols to protect confidentiality of the data. For instance, 'The client has attributes: A1: 0, A2: 21.67, A3: 11.5, A4: 1, A5: 5, A6: 3, A7: 0, A8: 1, A9: 1, A10: 11, A11: 1, A12: 2, A13: 0, A14: 1.', should be classified as 'good'. 
 Text: The client has attributes: A1: 1.0, A2: 37.33, A3: 6.5, A4: 2.0, A5: 7.0, A6: 8.0, A7: 4.25, A8: 1.0, A9: 1.0, A10: 12.0, A11: 1.0, A12: 2.0, A13: 93.0, A14: 1.0. 
",good,"[good, bad]",0,"The client has attributes: A1: 1.0, A2: 37.33, A3: 6.5, A4: 2.0, A5: 7.0, A6: 8.0, A7: 4.25, A8: 1.0, A9: 1.0, A10: 12.0, A11: 1.0, A12: 2.0, A13: 93.0, A14: 1.0."
224,"Assess the creditworthiness of a customer using the following table attributes for financial status. Respond with either 'good' or 'bad'. And all the table attribute names including 8 categorical attributes and 6 numerical attributes and values have been changed to meaningless symbols to protect confidentiality of the data. For instance, 'The client has attributes: A1: 0, A2: 21.67, A3: 11.5, A4: 1, A5: 5, A6: 3, A7: 0, A8: 1, A9: 1, A10: 11, A11: 1, A12: 2, A13: 0, A14: 1.', should be classified as 'good'. 
 Text: The client has attributes: A1: 0.0, A2: 28.58, A3: 3.54, A4: 2.0, A5: 3.0, A6: 5.0, A7: 0.5, A8: 1.0, A9: 0.0, A10: 0.0, A11: 1.0, A12: 2.0, A13: 171.0, A14: 1.0. 
",bad,"[good, bad]",1,"The client has attributes: A1: 0.0, A2: 28.58, A3: 3.54, A4: 2.0, A5: 3.0, A6: 5.0, A7: 0.5, A8: 1.0, A9: 0.0, A10: 0.0, A11: 1.0, A12: 2.0, A13: 171.0, A14: 1.0."
225,"Assess the creditworthiness of a customer using the following table attributes for financial status. Respond with either 'good' or 'bad'. And all the table attribute names including 8 categorical attributes and 6 numerical attributes and values have been changed to meaningless symbols to protect confidentiality of the data. For instance, 'The client has attributes: A1: 0, A2: 21.67, A3: 11.5, A4: 1, A5: 5, A6: 3, A7: 0, A8: 1, A9: 1, A10: 11, A11: 1, A12: 2, A13: 0, A14: 1.', should be classified as 'good'. 
 Text: The client has attributes: A1: 0.0, A2: 21.25, A3: 2.335, A4: 2.0, A5: 3.0, A6: 5.0, A7: 0.5, A8: 1.0, A9: 1.0, A10: 4.0, A11: 0.0, A12: 1.0, A13: 80.0, A14: 1.0. 
",good,"[good, bad]",0,"The client has attributes: A1: 0.0, A2: 21.25, A3: 2.335, A4: 2.0, A5: 3.0, A6: 5.0, A7: 0.5, A8: 1.0, A9: 1.0, A10: 4.0, A11: 0.0, A12: 1.0, A13: 80.0, A14: 1.0."
226,"Assess the creditworthiness of a customer using the following table attributes for financial status. Respond with either 'good' or 'bad'. And all the table attribute names including 8 categorical attributes and 6 numerical attributes and values have been changed to meaningless symbols to protect confidentiality of the data. For instance, 'The client has attributes: A1: 0, A2: 21.67, A3: 11.5, A4: 1, A5: 5, A6: 3, A7: 0, A8: 1, A9: 1, A10: 11, A11: 1, A12: 2, A13: 0, A14: 1.', should be classified as 'good'. 
 Text: The client has attributes: A1: 1.0, A2: 21.17, A3: 0.0, A4: 2.0, A5: 8.0, A6: 4.0, A7: 0.5, A8: 0.0, A9: 0.0, A10: 0.0, A11: 1.0, A12: 1.0, A13: 0.0, A14: 1.0. 
",bad,"[good, bad]",1,"The client has attributes: A1: 1.0, A2: 21.17, A3: 0.0, A4: 2.0, A5: 8.0, A6: 4.0, A7: 0.5, A8: 0.0, A9: 0.0, A10: 0.0, A11: 1.0, A12: 1.0, A13: 0.0, A14: 1.0."
227,"Assess the creditworthiness of a customer using the following table attributes for financial status. Respond with either 'good' or 'bad'. And all the table attribute names including 8 categorical attributes and 6 numerical attributes and values have been changed to meaningless symbols to protect confidentiality of the data. For instance, 'The client has attributes: A1: 0, A2: 21.67, A3: 11.5, A4: 1, A5: 5, A6: 3, A7: 0, A8: 1, A9: 1, A10: 11, A11: 1, A12: 2, A13: 0, A14: 1.', should be classified as 'good'. 
 Text: The client has attributes: A1: 1.0, A2: 39.17, A3: 1.625, A4: 2.0, A5: 8.0, A6: 4.0, A7: 1.5, A8: 1.0, A9: 1.0, A10: 10.0, A11: 0.0, A12: 2.0, A13: 186.0, A14: 4701.0. 
",good,"[good, bad]",0,"The client has attributes: A1: 1.0, A2: 39.17, A3: 1.625, A4: 2.0, A5: 8.0, A6: 4.0, A7: 1.5, A8: 1.0, A9: 1.0, A10: 10.0, A11: 0.0, A12: 2.0, A13: 186.0, A14: 4701.0."
228,"Assess the creditworthiness of a customer using the following table attributes for financial status. Respond with either 'good' or 'bad'. And all the table attribute names including 8 categorical attributes and 6 numerical attributes and values have been changed to meaningless symbols to protect confidentiality of the data. For instance, 'The client has attributes: A1: 0, A2: 21.67, A3: 11.5, A4: 1, A5: 5, A6: 3, A7: 0, A8: 1, A9: 1, A10: 11, A11: 1, A12: 2, A13: 0, A14: 1.', should be classified as 'good'. 
 Text: The client has attributes: A1: 1.0, A2: 26.83, A3: 0.54, A4: 2.0, A5: 4.0, A6: 1.0, A7: 0.0, A8: 0.0, A9: 0.0, A10: 0.0, A11: 0.0, A12: 2.0, A13: 100.0, A14: 1.0. 
",bad,"[good, bad]",1,"The client has attributes: A1: 1.0, A2: 26.83, A3: 0.54, A4: 2.0, A5: 4.0, A6: 1.0, A7: 0.0, A8: 0.0, A9: 0.0, A10: 0.0, A11: 0.0, A12: 2.0, A13: 100.0, A14: 1.0."
229,"Assess the creditworthiness of a customer using the following table attributes for financial status. Respond with either 'good' or 'bad'. And all the table attribute names including 8 categorical attributes and 6 numerical attributes and values have been changed to meaningless symbols to protect confidentiality of the data. For instance, 'The client has attributes: A1: 0, A2: 21.67, A3: 11.5, A4: 1, A5: 5, A6: 3, A7: 0, A8: 1, A9: 1, A10: 11, A11: 1, A12: 2, A13: 0, A14: 1.', should be classified as 'good'. 
 Text: The client has attributes: A1: 1.0, A2: 40.58, A3: 1.5, A4: 2.0, A5: 3.0, A6: 5.0, A7: 0.0, A8: 0.0, A9: 0.0, A10: 0.0, A11: 0.0, A12: 1.0, A13: 300.0, A14: 1.0. 
",bad,"[good, bad]",1,"The client has attributes: A1: 1.0, A2: 40.58, A3: 1.5, A4: 2.0, A5: 3.0, A6: 5.0, A7: 0.0, A8: 0.0, A9: 0.0, A10: 0.0, A11: 0.0, A12: 1.0, A13: 300.0, A14: 1.0."
230,"Assess the creditworthiness of a customer using the following table attributes for financial status. Respond with either 'good' or 'bad'. And all the table attribute names including 8 categorical attributes and 6 numerical attributes and values have been changed to meaningless symbols to protect confidentiality of the data. For instance, 'The client has attributes: A1: 0, A2: 21.67, A3: 11.5, A4: 1, A5: 5, A6: 3, A7: 0, A8: 1, A9: 1, A10: 11, A11: 1, A12: 2, A13: 0, A14: 1.', should be classified as 'good'. 
 Text: The client has attributes: A1: 0.0, A2: 52.17, A3: 0.0, A4: 1.0, A5: 1.0, A6: 1.0, A7: 0.0, A8: 0.0, A9: 0.0, A10: 0.0, A11: 0.0, A12: 2.0, A13: 0.0, A14: 1.0. 
",bad,"[good, bad]",1,"The client has attributes: A1: 0.0, A2: 52.17, A3: 0.0, A4: 1.0, A5: 1.0, A6: 1.0, A7: 0.0, A8: 0.0, A9: 0.0, A10: 0.0, A11: 0.0, A12: 2.0, A13: 0.0, A14: 1.0."
231,"Assess the creditworthiness of a customer using the following table attributes for financial status. Respond with either 'good' or 'bad'. And all the table attribute names including 8 categorical attributes and 6 numerical attributes and values have been changed to meaningless symbols to protect confidentiality of the data. For instance, 'The client has attributes: A1: 0, A2: 21.67, A3: 11.5, A4: 1, A5: 5, A6: 3, A7: 0, A8: 1, A9: 1, A10: 11, A11: 1, A12: 2, A13: 0, A14: 1.', should be classified as 'good'. 
 Text: The client has attributes: A1: 1.0, A2: 15.17, A3: 7.0, A4: 2.0, A5: 10.0, A6: 4.0, A7: 1.0, A8: 0.0, A9: 0.0, A10: 0.0, A11: 0.0, A12: 2.0, A13: 600.0, A14: 1.0. 
",bad,"[good, bad]",1,"The client has attributes: A1: 1.0, A2: 15.17, A3: 7.0, A4: 2.0, A5: 10.0, A6: 4.0, A7: 1.0, A8: 0.0, A9: 0.0, A10: 0.0, A11: 0.0, A12: 2.0, A13: 600.0, A14: 1.0."
232,"Assess the creditworthiness of a customer using the following table attributes for financial status. Respond with either 'good' or 'bad'. And all the table attribute names including 8 categorical attributes and 6 numerical attributes and values have been changed to meaningless symbols to protect confidentiality of the data. For instance, 'The client has attributes: A1: 0, A2: 21.67, A3: 11.5, A4: 1, A5: 5, A6: 3, A7: 0, A8: 1, A9: 1, A10: 11, A11: 1, A12: 2, A13: 0, A14: 1.', should be classified as 'good'. 
 Text: The client has attributes: A1: 1.0, A2: 48.17, A3: 7.625, A4: 2.0, A5: 9.0, A6: 8.0, A7: 15.5, A8: 1.0, A9: 1.0, A10: 12.0, A11: 0.0, A12: 2.0, A13: 0.0, A14: 791.0. 
",good,"[good, bad]",0,"The client has attributes: A1: 1.0, A2: 48.17, A3: 7.625, A4: 2.0, A5: 9.0, A6: 8.0, A7: 15.5, A8: 1.0, A9: 1.0, A10: 12.0, A11: 0.0, A12: 2.0, A13: 0.0, A14: 791.0."
233,"Assess the creditworthiness of a customer using the following table attributes for financial status. Respond with either 'good' or 'bad'. And all the table attribute names including 8 categorical attributes and 6 numerical attributes and values have been changed to meaningless symbols to protect confidentiality of the data. For instance, 'The client has attributes: A1: 0, A2: 21.67, A3: 11.5, A4: 1, A5: 5, A6: 3, A7: 0, A8: 1, A9: 1, A10: 11, A11: 1, A12: 2, A13: 0, A14: 1.', should be classified as 'good'. 
 Text: The client has attributes: A1: 1.0, A2: 57.42, A3: 8.5, A4: 2.0, A5: 10.0, A6: 8.0, A7: 7.0, A8: 1.0, A9: 1.0, A10: 3.0, A11: 0.0, A12: 2.0, A13: 0.0, A14: 1.0. 
",good,"[good, bad]",0,"The client has attributes: A1: 1.0, A2: 57.42, A3: 8.5, A4: 2.0, A5: 10.0, A6: 8.0, A7: 7.0, A8: 1.0, A9: 1.0, A10: 3.0, A11: 0.0, A12: 2.0, A13: 0.0, A14: 1.0."
234,"Assess the creditworthiness of a customer using the following table attributes for financial status. Respond with either 'good' or 'bad'. And all the table attribute names including 8 categorical attributes and 6 numerical attributes and values have been changed to meaningless symbols to protect confidentiality of the data. For instance, 'The client has attributes: A1: 0, A2: 21.67, A3: 11.5, A4: 1, A5: 5, A6: 3, A7: 0, A8: 1, A9: 1, A10: 11, A11: 1, A12: 2, A13: 0, A14: 1.', should be classified as 'good'. 
 Text: The client has attributes: A1: 1.0, A2: 22.17, A3: 12.125, A4: 2.0, A5: 8.0, A6: 4.0, A7: 3.335, A8: 0.0, A9: 1.0, A10: 2.0, A11: 1.0, A12: 2.0, A13: 180.0, A14: 174.0. 
",bad,"[good, bad]",1,"The client has attributes: A1: 1.0, A2: 22.17, A3: 12.125, A4: 2.0, A5: 8.0, A6: 4.0, A7: 3.335, A8: 0.0, A9: 1.0, A10: 2.0, A11: 1.0, A12: 2.0, A13: 180.0, A14: 174.0."
235,"Assess the creditworthiness of a customer using the following table attributes for financial status. Respond with either 'good' or 'bad'. And all the table attribute names including 8 categorical attributes and 6 numerical attributes and values have been changed to meaningless symbols to protect confidentiality of the data. For instance, 'The client has attributes: A1: 0, A2: 21.67, A3: 11.5, A4: 1, A5: 5, A6: 3, A7: 0, A8: 1, A9: 1, A10: 11, A11: 1, A12: 2, A13: 0, A14: 1.', should be classified as 'good'. 
 Text: The client has attributes: A1: 1.0, A2: 32.42, A3: 2.165, A4: 1.0, A5: 4.0, A6: 1.0, A7: 0.0, A8: 0.0, A9: 0.0, A10: 0.0, A11: 0.0, A12: 2.0, A13: 120.0, A14: 1.0. 
",bad,"[good, bad]",1,"The client has attributes: A1: 1.0, A2: 32.42, A3: 2.165, A4: 1.0, A5: 4.0, A6: 1.0, A7: 0.0, A8: 0.0, A9: 0.0, A10: 0.0, A11: 0.0, A12: 2.0, A13: 120.0, A14: 1.0."
236,"Assess the creditworthiness of a customer using the following table attributes for financial status. Respond with either 'good' or 'bad'. And all the table attribute names including 8 categorical attributes and 6 numerical attributes and values have been changed to meaningless symbols to protect confidentiality of the data. For instance, 'The client has attributes: A1: 0, A2: 21.67, A3: 11.5, A4: 1, A5: 5, A6: 3, A7: 0, A8: 1, A9: 1, A10: 11, A11: 1, A12: 2, A13: 0, A14: 1.', should be classified as 'good'. 
 Text: The client has attributes: A1: 1.0, A2: 29.92, A3: 1.835, A4: 2.0, A5: 8.0, A6: 8.0, A7: 4.335, A8: 1.0, A9: 0.0, A10: 0.0, A11: 0.0, A12: 2.0, A13: 260.0, A14: 201.0. 
",good,"[good, bad]",0,"The client has attributes: A1: 1.0, A2: 29.92, A3: 1.835, A4: 2.0, A5: 8.0, A6: 8.0, A7: 4.335, A8: 1.0, A9: 0.0, A10: 0.0, A11: 0.0, A12: 2.0, A13: 260.0, A14: 201.0."
237,"Assess the creditworthiness of a customer using the following table attributes for financial status. Respond with either 'good' or 'bad'. And all the table attribute names including 8 categorical attributes and 6 numerical attributes and values have been changed to meaningless symbols to protect confidentiality of the data. For instance, 'The client has attributes: A1: 0, A2: 21.67, A3: 11.5, A4: 1, A5: 5, A6: 3, A7: 0, A8: 1, A9: 1, A10: 11, A11: 1, A12: 2, A13: 0, A14: 1.', should be classified as 'good'. 
 Text: The client has attributes: A1: 1.0, A2: 34.92, A3: 2.5, A4: 2.0, A5: 9.0, A6: 4.0, A7: 0.0, A8: 1.0, A9: 0.0, A10: 0.0, A11: 1.0, A12: 2.0, A13: 239.0, A14: 201.0. 
",good,"[good, bad]",0,"The client has attributes: A1: 1.0, A2: 34.92, A3: 2.5, A4: 2.0, A5: 9.0, A6: 4.0, A7: 0.0, A8: 1.0, A9: 0.0, A10: 0.0, A11: 1.0, A12: 2.0, A13: 239.0, A14: 201.0."
238,"Assess the creditworthiness of a customer using the following table attributes for financial status. Respond with either 'good' or 'bad'. And all the table attribute names including 8 categorical attributes and 6 numerical attributes and values have been changed to meaningless symbols to protect confidentiality of the data. For instance, 'The client has attributes: A1: 0, A2: 21.67, A3: 11.5, A4: 1, A5: 5, A6: 3, A7: 0, A8: 1, A9: 1, A10: 11, A11: 1, A12: 2, A13: 0, A14: 1.', should be classified as 'good'. 
 Text: The client has attributes: A1: 1.0, A2: 34.08, A3: 6.5, A4: 2.0, A5: 6.0, A6: 4.0, A7: 0.125, A8: 1.0, A9: 0.0, A10: 0.0, A11: 1.0, A12: 2.0, A13: 443.0, A14: 1.0. 
",bad,"[good, bad]",1,"The client has attributes: A1: 1.0, A2: 34.08, A3: 6.5, A4: 2.0, A5: 6.0, A6: 4.0, A7: 0.125, A8: 1.0, A9: 0.0, A10: 0.0, A11: 1.0, A12: 2.0, A13: 443.0, A14: 1.0."
239,"Assess the creditworthiness of a customer using the following table attributes for financial status. Respond with either 'good' or 'bad'. And all the table attribute names including 8 categorical attributes and 6 numerical attributes and values have been changed to meaningless symbols to protect confidentiality of the data. For instance, 'The client has attributes: A1: 0, A2: 21.67, A3: 11.5, A4: 1, A5: 5, A6: 3, A7: 0, A8: 1, A9: 1, A10: 11, A11: 1, A12: 2, A13: 0, A14: 1.', should be classified as 'good'. 
 Text: The client has attributes: A1: 1.0, A2: 43.25, A3: 25.21, A4: 2.0, A5: 11.0, A6: 8.0, A7: 0.21, A8: 1.0, A9: 1.0, A10: 1.0, A11: 0.0, A12: 2.0, A13: 760.0, A14: 91.0. 
",bad,"[good, bad]",1,"The client has attributes: A1: 1.0, A2: 43.25, A3: 25.21, A4: 2.0, A5: 11.0, A6: 8.0, A7: 0.21, A8: 1.0, A9: 1.0, A10: 1.0, A11: 0.0, A12: 2.0, A13: 760.0, A14: 91.0."
240,"Assess the creditworthiness of a customer using the following table attributes for financial status. Respond with either 'good' or 'bad'. And all the table attribute names including 8 categorical attributes and 6 numerical attributes and values have been changed to meaningless symbols to protect confidentiality of the data. For instance, 'The client has attributes: A1: 0, A2: 21.67, A3: 11.5, A4: 1, A5: 5, A6: 3, A7: 0, A8: 1, A9: 1, A10: 11, A11: 1, A12: 2, A13: 0, A14: 1.', should be classified as 'good'. 
 Text: The client has attributes: A1: 0.0, A2: 27.25, A3: 0.29, A4: 2.0, A5: 7.0, A6: 8.0, A7: 0.125, A8: 0.0, A9: 1.0, A10: 1.0, A11: 1.0, A12: 2.0, A13: 272.0, A14: 109.0. 
",bad,"[good, bad]",1,"The client has attributes: A1: 0.0, A2: 27.25, A3: 0.29, A4: 2.0, A5: 7.0, A6: 8.0, A7: 0.125, A8: 0.0, A9: 1.0, A10: 1.0, A11: 1.0, A12: 2.0, A13: 272.0, A14: 109.0."
241,"Assess the creditworthiness of a customer using the following table attributes for financial status. Respond with either 'good' or 'bad'. And all the table attribute names including 8 categorical attributes and 6 numerical attributes and values have been changed to meaningless symbols to protect confidentiality of the data. For instance, 'The client has attributes: A1: 0, A2: 21.67, A3: 11.5, A4: 1, A5: 5, A6: 3, A7: 0, A8: 1, A9: 1, A10: 11, A11: 1, A12: 2, A13: 0, A14: 1.', should be classified as 'good'. 
 Text: The client has attributes: A1: 1.0, A2: 23.33, A3: 11.625, A4: 1.0, A5: 9.0, A6: 4.0, A7: 0.835, A8: 1.0, A9: 0.0, A10: 0.0, A11: 1.0, A12: 2.0, A13: 160.0, A14: 301.0. 
",good,"[good, bad]",0,"The client has attributes: A1: 1.0, A2: 23.33, A3: 11.625, A4: 1.0, A5: 9.0, A6: 4.0, A7: 0.835, A8: 1.0, A9: 0.0, A10: 0.0, A11: 1.0, A12: 2.0, A13: 160.0, A14: 301.0."
242,"Assess the creditworthiness of a customer using the following table attributes for financial status. Respond with either 'good' or 'bad'. And all the table attribute names including 8 categorical attributes and 6 numerical attributes and values have been changed to meaningless symbols to protect confidentiality of the data. For instance, 'The client has attributes: A1: 0, A2: 21.67, A3: 11.5, A4: 1, A5: 5, A6: 3, A7: 0, A8: 1, A9: 1, A10: 11, A11: 1, A12: 2, A13: 0, A14: 1.', should be classified as 'good'. 
 Text: The client has attributes: A1: 0.0, A2: 32.17, A3: 1.46, A4: 2.0, A5: 9.0, A6: 4.0, A7: 1.085, A8: 1.0, A9: 1.0, A10: 16.0, A11: 0.0, A12: 2.0, A13: 120.0, A14: 2080.0. 
",good,"[good, bad]",0,"The client has attributes: A1: 0.0, A2: 32.17, A3: 1.46, A4: 2.0, A5: 9.0, A6: 4.0, A7: 1.085, A8: 1.0, A9: 1.0, A10: 16.0, A11: 0.0, A12: 2.0, A13: 120.0, A14: 2080.0."
243,"Assess the creditworthiness of a customer using the following table attributes for financial status. Respond with either 'good' or 'bad'. And all the table attribute names including 8 categorical attributes and 6 numerical attributes and values have been changed to meaningless symbols to protect confidentiality of the data. For instance, 'The client has attributes: A1: 0, A2: 21.67, A3: 11.5, A4: 1, A5: 5, A6: 3, A7: 0, A8: 1, A9: 1, A10: 11, A11: 1, A12: 2, A13: 0, A14: 1.', should be classified as 'good'. 
 Text: The client has attributes: A1: 1.0, A2: 18.83, A3: 3.54, A4: 1.0, A5: 1.0, A6: 1.0, A7: 0.0, A8: 0.0, A9: 0.0, A10: 0.0, A11: 1.0, A12: 2.0, A13: 180.0, A14: 2.0. 
",bad,"[good, bad]",1,"The client has attributes: A1: 1.0, A2: 18.83, A3: 3.54, A4: 1.0, A5: 1.0, A6: 1.0, A7: 0.0, A8: 0.0, A9: 0.0, A10: 0.0, A11: 1.0, A12: 2.0, A13: 180.0, A14: 2.0."
244,"Assess the creditworthiness of a customer using the following table attributes for financial status. Respond with either 'good' or 'bad'. And all the table attribute names including 8 categorical attributes and 6 numerical attributes and values have been changed to meaningless symbols to protect confidentiality of the data. For instance, 'The client has attributes: A1: 0, A2: 21.67, A3: 11.5, A4: 1, A5: 5, A6: 3, A7: 0, A8: 1, A9: 1, A10: 11, A11: 1, A12: 2, A13: 0, A14: 1.', should be classified as 'good'. 
 Text: The client has attributes: A1: 1.0, A2: 21.5, A3: 11.5, A4: 2.0, A5: 3.0, A6: 4.0, A7: 0.5, A8: 1.0, A9: 0.0, A10: 0.0, A11: 1.0, A12: 2.0, A13: 100.0, A14: 69.0. 
",bad,"[good, bad]",1,"The client has attributes: A1: 1.0, A2: 21.5, A3: 11.5, A4: 2.0, A5: 3.0, A6: 4.0, A7: 0.5, A8: 1.0, A9: 0.0, A10: 0.0, A11: 1.0, A12: 2.0, A13: 100.0, A14: 69.0."
245,"Assess the creditworthiness of a customer using the following table attributes for financial status. Respond with either 'good' or 'bad'. And all the table attribute names including 8 categorical attributes and 6 numerical attributes and values have been changed to meaningless symbols to protect confidentiality of the data. For instance, 'The client has attributes: A1: 0, A2: 21.67, A3: 11.5, A4: 1, A5: 5, A6: 3, A7: 0, A8: 1, A9: 1, A10: 11, A11: 1, A12: 2, A13: 0, A14: 1.', should be classified as 'good'. 
 Text: The client has attributes: A1: 0.0, A2: 21.08, A3: 5.0, A4: 1.0, A5: 1.0, A6: 1.0, A7: 0.0, A8: 0.0, A9: 0.0, A10: 0.0, A11: 0.0, A12: 2.0, A13: 0.0, A14: 1.0. 
",bad,"[good, bad]",1,"The client has attributes: A1: 0.0, A2: 21.08, A3: 5.0, A4: 1.0, A5: 1.0, A6: 1.0, A7: 0.0, A8: 0.0, A9: 0.0, A10: 0.0, A11: 0.0, A12: 2.0, A13: 0.0, A14: 1.0."
246,"Assess the creditworthiness of a customer using the following table attributes for financial status. Respond with either 'good' or 'bad'. And all the table attribute names including 8 categorical attributes and 6 numerical attributes and values have been changed to meaningless symbols to protect confidentiality of the data. For instance, 'The client has attributes: A1: 0, A2: 21.67, A3: 11.5, A4: 1, A5: 5, A6: 3, A7: 0, A8: 1, A9: 1, A10: 11, A11: 1, A12: 2, A13: 0, A14: 1.', should be classified as 'good'. 
 Text: The client has attributes: A1: 0.0, A2: 41.0, A3: 2.04, A4: 1.0, A5: 11.0, A6: 8.0, A7: 0.125, A8: 1.0, A9: 1.0, A10: 23.0, A11: 1.0, A12: 2.0, A13: 455.0, A14: 1237.0. 
",good,"[good, bad]",0,"The client has attributes: A1: 0.0, A2: 41.0, A3: 2.04, A4: 1.0, A5: 11.0, A6: 8.0, A7: 0.125, A8: 1.0, A9: 1.0, A10: 23.0, A11: 1.0, A12: 2.0, A13: 455.0, A14: 1237.0."
247,"Assess the creditworthiness of a customer using the following table attributes for financial status. Respond with either 'good' or 'bad'. And all the table attribute names including 8 categorical attributes and 6 numerical attributes and values have been changed to meaningless symbols to protect confidentiality of the data. For instance, 'The client has attributes: A1: 0, A2: 21.67, A3: 11.5, A4: 1, A5: 5, A6: 3, A7: 0, A8: 1, A9: 1, A10: 11, A11: 1, A12: 2, A13: 0, A14: 1.', should be classified as 'good'. 
 Text: The client has attributes: A1: 1.0, A2: 42.0, A3: 9.79, A4: 2.0, A5: 14.0, A6: 8.0, A7: 7.96, A8: 1.0, A9: 1.0, A10: 8.0, A11: 0.0, A12: 2.0, A13: 0.0, A14: 1.0. 
",good,"[good, bad]",0,"The client has attributes: A1: 1.0, A2: 42.0, A3: 9.79, A4: 2.0, A5: 14.0, A6: 8.0, A7: 7.96, A8: 1.0, A9: 1.0, A10: 8.0, A11: 0.0, A12: 2.0, A13: 0.0, A14: 1.0."
248,"Assess the creditworthiness of a customer using the following table attributes for financial status. Respond with either 'good' or 'bad'. And all the table attribute names including 8 categorical attributes and 6 numerical attributes and values have been changed to meaningless symbols to protect confidentiality of the data. For instance, 'The client has attributes: A1: 0, A2: 21.67, A3: 11.5, A4: 1, A5: 5, A6: 3, A7: 0, A8: 1, A9: 1, A10: 11, A11: 1, A12: 2, A13: 0, A14: 1.', should be classified as 'good'. 
 Text: The client has attributes: A1: 1.0, A2: 31.25, A3: 2.835, A4: 2.0, A5: 1.0, A6: 1.0, A7: 0.0, A8: 0.0, A9: 1.0, A10: 5.0, A11: 0.0, A12: 2.0, A13: 176.0, A14: 147.0. 
",bad,"[good, bad]",1,"The client has attributes: A1: 1.0, A2: 31.25, A3: 2.835, A4: 2.0, A5: 1.0, A6: 1.0, A7: 0.0, A8: 0.0, A9: 1.0, A10: 5.0, A11: 0.0, A12: 2.0, A13: 176.0, A14: 147.0."
249,"Assess the creditworthiness of a customer using the following table attributes for financial status. Respond with either 'good' or 'bad'. And all the table attribute names including 8 categorical attributes and 6 numerical attributes and values have been changed to meaningless symbols to protect confidentiality of the data. For instance, 'The client has attributes: A1: 0, A2: 21.67, A3: 11.5, A4: 1, A5: 5, A6: 3, A7: 0, A8: 1, A9: 1, A10: 11, A11: 1, A12: 2, A13: 0, A14: 1.', should be classified as 'good'. 
 Text: The client has attributes: A1: 1.0, A2: 36.33, A3: 2.125, A4: 1.0, A5: 9.0, A6: 4.0, A7: 0.085, A8: 1.0, A9: 1.0, A10: 1.0, A11: 0.0, A12: 2.0, A13: 50.0, A14: 1188.0. 
",good,"[good, bad]",0,"The client has attributes: A1: 1.0, A2: 36.33, A3: 2.125, A4: 1.0, A5: 9.0, A6: 4.0, A7: 0.085, A8: 1.0, A9: 1.0, A10: 1.0, A11: 0.0, A12: 2.0, A13: 50.0, A14: 1188.0."
250,"Assess the creditworthiness of a customer using the following table attributes for financial status. Respond with either 'good' or 'bad'. And all the table attribute names including 8 categorical attributes and 6 numerical attributes and values have been changed to meaningless symbols to protect confidentiality of the data. For instance, 'The client has attributes: A1: 0, A2: 21.67, A3: 11.5, A4: 1, A5: 5, A6: 3, A7: 0, A8: 1, A9: 1, A10: 11, A11: 1, A12: 2, A13: 0, A14: 1.', should be classified as 'good'. 
 Text: The client has attributes: A1: 1.0, A2: 20.0, A3: 1.25, A4: 1.0, A5: 4.0, A6: 4.0, A7: 0.125, A8: 0.0, A9: 0.0, A10: 0.0, A11: 0.0, A12: 2.0, A13: 140.0, A14: 5.0. 
",bad,"[good, bad]",1,"The client has attributes: A1: 1.0, A2: 20.0, A3: 1.25, A4: 1.0, A5: 4.0, A6: 4.0, A7: 0.125, A8: 0.0, A9: 0.0, A10: 0.0, A11: 0.0, A12: 2.0, A13: 140.0, A14: 5.0."
251,"Assess the creditworthiness of a customer using the following table attributes for financial status. Respond with either 'good' or 'bad'. And all the table attribute names including 8 categorical attributes and 6 numerical attributes and values have been changed to meaningless symbols to protect confidentiality of the data. For instance, 'The client has attributes: A1: 0, A2: 21.67, A3: 11.5, A4: 1, A5: 5, A6: 3, A7: 0, A8: 1, A9: 1, A10: 11, A11: 1, A12: 2, A13: 0, A14: 1.', should be classified as 'good'. 
 Text: The client has attributes: A1: 1.0, A2: 52.5, A3: 6.5, A4: 2.0, A5: 4.0, A6: 4.0, A7: 6.29, A8: 1.0, A9: 1.0, A10: 15.0, A11: 0.0, A12: 2.0, A13: 0.0, A14: 11203.0. 
",good,"[good, bad]",0,"The client has attributes: A1: 1.0, A2: 52.5, A3: 6.5, A4: 2.0, A5: 4.0, A6: 4.0, A7: 6.29, A8: 1.0, A9: 1.0, A10: 15.0, A11: 0.0, A12: 2.0, A13: 0.0, A14: 11203.0."
252,"Assess the creditworthiness of a customer using the following table attributes for financial status. Respond with either 'good' or 'bad'. And all the table attribute names including 8 categorical attributes and 6 numerical attributes and values have been changed to meaningless symbols to protect confidentiality of the data. For instance, 'The client has attributes: A1: 0, A2: 21.67, A3: 11.5, A4: 1, A5: 5, A6: 3, A7: 0, A8: 1, A9: 1, A10: 11, A11: 1, A12: 2, A13: 0, A14: 1.', should be classified as 'good'. 
 Text: The client has attributes: A1: 1.0, A2: 44.33, A3: 0.5, A4: 2.0, A5: 3.0, A6: 8.0, A7: 5.0, A8: 1.0, A9: 0.0, A10: 0.0, A11: 1.0, A12: 2.0, A13: 320.0, A14: 1.0. 
",good,"[good, bad]",0,"The client has attributes: A1: 1.0, A2: 44.33, A3: 0.5, A4: 2.0, A5: 3.0, A6: 8.0, A7: 5.0, A8: 1.0, A9: 0.0, A10: 0.0, A11: 1.0, A12: 2.0, A13: 320.0, A14: 1.0."
253,"Assess the creditworthiness of a customer using the following table attributes for financial status. Respond with either 'good' or 'bad'. And all the table attribute names including 8 categorical attributes and 6 numerical attributes and values have been changed to meaningless symbols to protect confidentiality of the data. For instance, 'The client has attributes: A1: 0, A2: 21.67, A3: 11.5, A4: 1, A5: 5, A6: 3, A7: 0, A8: 1, A9: 1, A10: 11, A11: 1, A12: 2, A13: 0, A14: 1.', should be classified as 'good'. 
 Text: The client has attributes: A1: 1.0, A2: 32.25, A3: 14.0, A4: 1.0, A5: 1.0, A6: 1.0, A7: 0.0, A8: 0.0, A9: 1.0, A10: 2.0, A11: 0.0, A12: 2.0, A13: 160.0, A14: 2.0. 
",bad,"[good, bad]",1,"The client has attributes: A1: 1.0, A2: 32.25, A3: 14.0, A4: 1.0, A5: 1.0, A6: 1.0, A7: 0.0, A8: 0.0, A9: 1.0, A10: 2.0, A11: 0.0, A12: 2.0, A13: 160.0, A14: 2.0."
254,"Assess the creditworthiness of a customer using the following table attributes for financial status. Respond with either 'good' or 'bad'. And all the table attribute names including 8 categorical attributes and 6 numerical attributes and values have been changed to meaningless symbols to protect confidentiality of the data. For instance, 'The client has attributes: A1: 0, A2: 21.67, A3: 11.5, A4: 1, A5: 5, A6: 3, A7: 0, A8: 1, A9: 1, A10: 11, A11: 1, A12: 2, A13: 0, A14: 1.', should be classified as 'good'. 
 Text: The client has attributes: A1: 1.0, A2: 22.5, A3: 11.5, A4: 1.0, A5: 7.0, A6: 4.0, A7: 1.5, A8: 0.0, A9: 0.0, A10: 0.0, A11: 1.0, A12: 2.0, A13: 0.0, A14: 4001.0. 
",bad,"[good, bad]",1,"The client has attributes: A1: 1.0, A2: 22.5, A3: 11.5, A4: 1.0, A5: 7.0, A6: 4.0, A7: 1.5, A8: 0.0, A9: 0.0, A10: 0.0, A11: 1.0, A12: 2.0, A13: 0.0, A14: 4001.0."
255,"Assess the creditworthiness of a customer using the following table attributes for financial status. Respond with either 'good' or 'bad'. And all the table attribute names including 8 categorical attributes and 6 numerical attributes and values have been changed to meaningless symbols to protect confidentiality of the data. For instance, 'The client has attributes: A1: 0, A2: 21.67, A3: 11.5, A4: 1, A5: 5, A6: 3, A7: 0, A8: 1, A9: 1, A10: 11, A11: 1, A12: 2, A13: 0, A14: 1.', should be classified as 'good'. 
 Text: The client has attributes: A1: 1.0, A2: 27.83, A3: 4.0, A4: 1.0, A5: 3.0, A6: 8.0, A7: 5.75, A8: 1.0, A9: 1.0, A10: 2.0, A11: 1.0, A12: 2.0, A13: 75.0, A14: 1.0. 
",bad,"[good, bad]",1,"The client has attributes: A1: 1.0, A2: 27.83, A3: 4.0, A4: 1.0, A5: 3.0, A6: 8.0, A7: 5.75, A8: 1.0, A9: 1.0, A10: 2.0, A11: 1.0, A12: 2.0, A13: 75.0, A14: 1.0."
256,"Assess the creditworthiness of a customer using the following table attributes for financial status. Respond with either 'good' or 'bad'. And all the table attribute names including 8 categorical attributes and 6 numerical attributes and values have been changed to meaningless symbols to protect confidentiality of the data. For instance, 'The client has attributes: A1: 0, A2: 21.67, A3: 11.5, A4: 1, A5: 5, A6: 3, A7: 0, A8: 1, A9: 1, A10: 11, A11: 1, A12: 2, A13: 0, A14: 1.', should be classified as 'good'. 
 Text: The client has attributes: A1: 0.0, A2: 38.58, A3: 5.0, A4: 2.0, A5: 13.0, A6: 4.0, A7: 13.5, A8: 1.0, A9: 0.0, A10: 0.0, A11: 1.0, A12: 2.0, A13: 980.0, A14: 1.0. 
",bad,"[good, bad]",1,"The client has attributes: A1: 0.0, A2: 38.58, A3: 5.0, A4: 2.0, A5: 13.0, A6: 4.0, A7: 13.5, A8: 1.0, A9: 0.0, A10: 0.0, A11: 1.0, A12: 2.0, A13: 980.0, A14: 1.0."
257,"Assess the creditworthiness of a customer using the following table attributes for financial status. Respond with either 'good' or 'bad'. And all the table attribute names including 8 categorical attributes and 6 numerical attributes and values have been changed to meaningless symbols to protect confidentiality of the data. For instance, 'The client has attributes: A1: 0, A2: 21.67, A3: 11.5, A4: 1, A5: 5, A6: 3, A7: 0, A8: 1, A9: 1, A10: 11, A11: 1, A12: 2, A13: 0, A14: 1.', should be classified as 'good'. 
 Text: The client has attributes: A1: 0.0, A2: 25.25, A3: 13.5, A4: 1.0, A5: 1.0, A6: 1.0, A7: 2.0, A8: 0.0, A9: 1.0, A10: 1.0, A11: 1.0, A12: 2.0, A13: 200.0, A14: 2.0. 
",bad,"[good, bad]",1,"The client has attributes: A1: 0.0, A2: 25.25, A3: 13.5, A4: 1.0, A5: 1.0, A6: 1.0, A7: 2.0, A8: 0.0, A9: 1.0, A10: 1.0, A11: 1.0, A12: 2.0, A13: 200.0, A14: 2.0."
258,"Assess the creditworthiness of a customer using the following table attributes for financial status. Respond with either 'good' or 'bad'. And all the table attribute names including 8 categorical attributes and 6 numerical attributes and values have been changed to meaningless symbols to protect confidentiality of the data. For instance, 'The client has attributes: A1: 0, A2: 21.67, A3: 11.5, A4: 1, A5: 5, A6: 3, A7: 0, A8: 1, A9: 1, A10: 11, A11: 1, A12: 2, A13: 0, A14: 1.', should be classified as 'good'. 
 Text: The client has attributes: A1: 1.0, A2: 26.0, A3: 1.0, A4: 2.0, A5: 11.0, A6: 4.0, A7: 1.75, A8: 1.0, A9: 0.0, A10: 0.0, A11: 1.0, A12: 2.0, A13: 280.0, A14: 1.0. 
",good,"[good, bad]",0,"The client has attributes: A1: 1.0, A2: 26.0, A3: 1.0, A4: 2.0, A5: 11.0, A6: 4.0, A7: 1.75, A8: 1.0, A9: 0.0, A10: 0.0, A11: 1.0, A12: 2.0, A13: 280.0, A14: 1.0."
259,"Assess the creditworthiness of a customer using the following table attributes for financial status. Respond with either 'good' or 'bad'. And all the table attribute names including 8 categorical attributes and 6 numerical attributes and values have been changed to meaningless symbols to protect confidentiality of the data. For instance, 'The client has attributes: A1: 0, A2: 21.67, A3: 11.5, A4: 1, A5: 5, A6: 3, A7: 0, A8: 1, A9: 1, A10: 11, A11: 1, A12: 2, A13: 0, A14: 1.', should be classified as 'good'. 
 Text: The client has attributes: A1: 1.0, A2: 34.58, A3: 0.0, A4: 2.0, A5: 8.0, A6: 4.0, A7: 0.0, A8: 0.0, A9: 0.0, A10: 0.0, A11: 0.0, A12: 3.0, A13: 184.0, A14: 1.0. 
",bad,"[good, bad]",1,"The client has attributes: A1: 1.0, A2: 34.58, A3: 0.0, A4: 2.0, A5: 8.0, A6: 4.0, A7: 0.0, A8: 0.0, A9: 0.0, A10: 0.0, A11: 0.0, A12: 3.0, A13: 184.0, A14: 1.0."
260,"Assess the creditworthiness of a customer using the following table attributes for financial status. Respond with either 'good' or 'bad'. And all the table attribute names including 8 categorical attributes and 6 numerical attributes and values have been changed to meaningless symbols to protect confidentiality of the data. For instance, 'The client has attributes: A1: 0, A2: 21.67, A3: 11.5, A4: 1, A5: 5, A6: 3, A7: 0, A8: 1, A9: 1, A10: 11, A11: 1, A12: 2, A13: 0, A14: 1.', should be classified as 'good'. 
 Text: The client has attributes: A1: 0.0, A2: 22.92, A3: 11.585, A4: 2.0, A5: 13.0, A6: 4.0, A7: 0.04, A8: 1.0, A9: 0.0, A10: 0.0, A11: 0.0, A12: 2.0, A13: 80.0, A14: 1350.0. 
",good,"[good, bad]",0,"The client has attributes: A1: 0.0, A2: 22.92, A3: 11.585, A4: 2.0, A5: 13.0, A6: 4.0, A7: 0.04, A8: 1.0, A9: 0.0, A10: 0.0, A11: 0.0, A12: 2.0, A13: 80.0, A14: 1350.0."
261,"Assess the creditworthiness of a customer using the following table attributes for financial status. Respond with either 'good' or 'bad'. And all the table attribute names including 8 categorical attributes and 6 numerical attributes and values have been changed to meaningless symbols to protect confidentiality of the data. For instance, 'The client has attributes: A1: 0, A2: 21.67, A3: 11.5, A4: 1, A5: 5, A6: 3, A7: 0, A8: 1, A9: 1, A10: 11, A11: 1, A12: 2, A13: 0, A14: 1.', should be classified as 'good'. 
 Text: The client has attributes: A1: 1.0, A2: 64.08, A3: 20.0, A4: 2.0, A5: 14.0, A6: 8.0, A7: 17.5, A8: 1.0, A9: 1.0, A10: 9.0, A11: 1.0, A12: 2.0, A13: 0.0, A14: 1001.0. 
",good,"[good, bad]",0,"The client has attributes: A1: 1.0, A2: 64.08, A3: 20.0, A4: 2.0, A5: 14.0, A6: 8.0, A7: 17.5, A8: 1.0, A9: 1.0, A10: 9.0, A11: 1.0, A12: 2.0, A13: 0.0, A14: 1001.0."
262,"Assess the creditworthiness of a customer using the following table attributes for financial status. Respond with either 'good' or 'bad'. And all the table attribute names including 8 categorical attributes and 6 numerical attributes and values have been changed to meaningless symbols to protect confidentiality of the data. For instance, 'The client has attributes: A1: 0, A2: 21.67, A3: 11.5, A4: 1, A5: 5, A6: 3, A7: 0, A8: 1, A9: 1, A10: 11, A11: 1, A12: 2, A13: 0, A14: 1.', should be classified as 'good'. 
 Text: The client has attributes: A1: 1.0, A2: 27.75, A3: 1.29, A4: 2.0, A5: 4.0, A6: 8.0, A7: 0.25, A8: 0.0, A9: 0.0, A10: 0.0, A11: 1.0, A12: 1.0, A13: 140.0, A14: 1.0. 
",bad,"[good, bad]",1,"The client has attributes: A1: 1.0, A2: 27.75, A3: 1.29, A4: 2.0, A5: 4.0, A6: 8.0, A7: 0.25, A8: 0.0, A9: 0.0, A10: 0.0, A11: 1.0, A12: 1.0, A13: 140.0, A14: 1.0."
263,"Assess the creditworthiness of a customer using the following table attributes for financial status. Respond with either 'good' or 'bad'. And all the table attribute names including 8 categorical attributes and 6 numerical attributes and values have been changed to meaningless symbols to protect confidentiality of the data. For instance, 'The client has attributes: A1: 0, A2: 21.67, A3: 11.5, A4: 1, A5: 5, A6: 3, A7: 0, A8: 1, A9: 1, A10: 11, A11: 1, A12: 2, A13: 0, A14: 1.', should be classified as 'good'. 
 Text: The client has attributes: A1: 0.0, A2: 34.83, A3: 1.25, A4: 1.0, A5: 3.0, A6: 8.0, A7: 0.5, A8: 0.0, A9: 0.0, A10: 0.0, A11: 1.0, A12: 2.0, A13: 160.0, A14: 1.0. 
",bad,"[good, bad]",1,"The client has attributes: A1: 0.0, A2: 34.83, A3: 1.25, A4: 1.0, A5: 3.0, A6: 8.0, A7: 0.5, A8: 0.0, A9: 0.0, A10: 0.0, A11: 1.0, A12: 2.0, A13: 160.0, A14: 1.0."
264,"Assess the creditworthiness of a customer using the following table attributes for financial status. Respond with either 'good' or 'bad'. And all the table attribute names including 8 categorical attributes and 6 numerical attributes and values have been changed to meaningless symbols to protect confidentiality of the data. For instance, 'The client has attributes: A1: 0, A2: 21.67, A3: 11.5, A4: 1, A5: 5, A6: 3, A7: 0, A8: 1, A9: 1, A10: 11, A11: 1, A12: 2, A13: 0, A14: 1.', should be classified as 'good'. 
 Text: The client has attributes: A1: 0.0, A2: 49.0, A3: 1.5, A4: 2.0, A5: 5.0, A6: 3.0, A7: 0.0, A8: 1.0, A9: 0.0, A10: 0.0, A11: 1.0, A12: 2.0, A13: 100.0, A14: 28.0. 
",bad,"[good, bad]",1,"The client has attributes: A1: 0.0, A2: 49.0, A3: 1.5, A4: 2.0, A5: 5.0, A6: 3.0, A7: 0.0, A8: 1.0, A9: 0.0, A10: 0.0, A11: 1.0, A12: 2.0, A13: 100.0, A14: 28.0."
265,"Assess the creditworthiness of a customer using the following table attributes for financial status. Respond with either 'good' or 'bad'. And all the table attribute names including 8 categorical attributes and 6 numerical attributes and values have been changed to meaningless symbols to protect confidentiality of the data. For instance, 'The client has attributes: A1: 0, A2: 21.67, A3: 11.5, A4: 1, A5: 5, A6: 3, A7: 0, A8: 1, A9: 1, A10: 11, A11: 1, A12: 2, A13: 0, A14: 1.', should be classified as 'good'. 
 Text: The client has attributes: A1: 0.0, A2: 22.25, A3: 1.25, A4: 1.0, A5: 1.0, A6: 1.0, A7: 3.25, A8: 0.0, A9: 0.0, A10: 0.0, A11: 0.0, A12: 2.0, A13: 280.0, A14: 1.0. 
",bad,"[good, bad]",1,"The client has attributes: A1: 0.0, A2: 22.25, A3: 1.25, A4: 1.0, A5: 1.0, A6: 1.0, A7: 3.25, A8: 0.0, A9: 0.0, A10: 0.0, A11: 0.0, A12: 2.0, A13: 280.0, A14: 1.0."
266,"Assess the creditworthiness of a customer using the following table attributes for financial status. Respond with either 'good' or 'bad'. And all the table attribute names including 8 categorical attributes and 6 numerical attributes and values have been changed to meaningless symbols to protect confidentiality of the data. For instance, 'The client has attributes: A1: 0, A2: 21.67, A3: 11.5, A4: 1, A5: 5, A6: 3, A7: 0, A8: 1, A9: 1, A10: 11, A11: 1, A12: 2, A13: 0, A14: 1.', should be classified as 'good'. 
 Text: The client has attributes: A1: 1.0, A2: 48.08, A3: 6.04, A4: 2.0, A5: 4.0, A6: 4.0, A7: 0.04, A8: 0.0, A9: 0.0, A10: 0.0, A11: 0.0, A12: 2.0, A13: 0.0, A14: 2691.0. 
",good,"[good, bad]",0,"The client has attributes: A1: 1.0, A2: 48.08, A3: 6.04, A4: 2.0, A5: 4.0, A6: 4.0, A7: 0.04, A8: 0.0, A9: 0.0, A10: 0.0, A11: 0.0, A12: 2.0, A13: 0.0, A14: 2691.0."
267,"Assess the creditworthiness of a customer using the following table attributes for financial status. Respond with either 'good' or 'bad'. And all the table attribute names including 8 categorical attributes and 6 numerical attributes and values have been changed to meaningless symbols to protect confidentiality of the data. For instance, 'The client has attributes: A1: 0, A2: 21.67, A3: 11.5, A4: 1, A5: 5, A6: 3, A7: 0, A8: 1, A9: 1, A10: 11, A11: 1, A12: 2, A13: 0, A14: 1.', should be classified as 'good'. 
 Text: The client has attributes: A1: 1.0, A2: 42.08, A3: 1.04, A4: 2.0, A5: 9.0, A6: 4.0, A7: 5.0, A8: 1.0, A9: 1.0, A10: 6.0, A11: 1.0, A12: 2.0, A13: 500.0, A14: 10001.0. 
",good,"[good, bad]",0,"The client has attributes: A1: 1.0, A2: 42.08, A3: 1.04, A4: 2.0, A5: 9.0, A6: 4.0, A7: 5.0, A8: 1.0, A9: 1.0, A10: 6.0, A11: 1.0, A12: 2.0, A13: 500.0, A14: 10001.0."
268,"Assess the creditworthiness of a customer using the following table attributes for financial status. Respond with either 'good' or 'bad'. And all the table attribute names including 8 categorical attributes and 6 numerical attributes and values have been changed to meaningless symbols to protect confidentiality of the data. For instance, 'The client has attributes: A1: 0, A2: 21.67, A3: 11.5, A4: 1, A5: 5, A6: 3, A7: 0, A8: 1, A9: 1, A10: 11, A11: 1, A12: 2, A13: 0, A14: 1.', should be classified as 'good'. 
 Text: The client has attributes: A1: 1.0, A2: 34.75, A3: 2.5, A4: 2.0, A5: 13.0, A6: 5.0, A7: 0.5, A8: 0.0, A9: 0.0, A10: 0.0, A11: 0.0, A12: 2.0, A13: 348.0, A14: 1.0. 
",bad,"[good, bad]",1,"The client has attributes: A1: 1.0, A2: 34.75, A3: 2.5, A4: 2.0, A5: 13.0, A6: 5.0, A7: 0.5, A8: 0.0, A9: 0.0, A10: 0.0, A11: 0.0, A12: 2.0, A13: 348.0, A14: 1.0."
269,"Assess the creditworthiness of a customer using the following table attributes for financial status. Respond with either 'good' or 'bad'. And all the table attribute names including 8 categorical attributes and 6 numerical attributes and values have been changed to meaningless symbols to protect confidentiality of the data. For instance, 'The client has attributes: A1: 0, A2: 21.67, A3: 11.5, A4: 1, A5: 5, A6: 3, A7: 0, A8: 1, A9: 1, A10: 11, A11: 1, A12: 2, A13: 0, A14: 1.', should be classified as 'good'. 
 Text: The client has attributes: A1: 0.0, A2: 36.0, A3: 1.0, A4: 2.0, A5: 8.0, A6: 4.0, A7: 2.0, A8: 1.0, A9: 1.0, A10: 11.0, A11: 0.0, A12: 2.0, A13: 0.0, A14: 457.0. 
",good,"[good, bad]",0,"The client has attributes: A1: 0.0, A2: 36.0, A3: 1.0, A4: 2.0, A5: 8.0, A6: 4.0, A7: 2.0, A8: 1.0, A9: 1.0, A10: 11.0, A11: 0.0, A12: 2.0, A13: 0.0, A14: 457.0."
270,"Assess the creditworthiness of a customer using the following table attributes for financial status. Respond with either 'good' or 'bad'. And all the table attribute names including 8 categorical attributes and 6 numerical attributes and values have been changed to meaningless symbols to protect confidentiality of the data. For instance, 'The client has attributes: A1: 0, A2: 21.67, A3: 11.5, A4: 1, A5: 5, A6: 3, A7: 0, A8: 1, A9: 1, A10: 11, A11: 1, A12: 2, A13: 0, A14: 1.', should be classified as 'good'. 
 Text: The client has attributes: A1: 1.0, A2: 26.67, A3: 2.71, A4: 1.0, A5: 13.0, A6: 4.0, A7: 5.25, A8: 1.0, A9: 1.0, A10: 1.0, A11: 0.0, A12: 2.0, A13: 211.0, A14: 1.0. 
",good,"[good, bad]",0,"The client has attributes: A1: 1.0, A2: 26.67, A3: 2.71, A4: 1.0, A5: 13.0, A6: 4.0, A7: 5.25, A8: 1.0, A9: 1.0, A10: 1.0, A11: 0.0, A12: 2.0, A13: 211.0, A14: 1.0."
271,"Assess the creditworthiness of a customer using the following table attributes for financial status. Respond with either 'good' or 'bad'. And all the table attribute names including 8 categorical attributes and 6 numerical attributes and values have been changed to meaningless symbols to protect confidentiality of the data. For instance, 'The client has attributes: A1: 0, A2: 21.67, A3: 11.5, A4: 1, A5: 5, A6: 3, A7: 0, A8: 1, A9: 1, A10: 11, A11: 1, A12: 2, A13: 0, A14: 1.', should be classified as 'good'. 
 Text: The client has attributes: A1: 0.0, A2: 23.75, A3: 0.71, A4: 2.0, A5: 9.0, A6: 4.0, A7: 0.25, A8: 0.0, A9: 1.0, A10: 1.0, A11: 1.0, A12: 2.0, A13: 240.0, A14: 5.0. 
",bad,"[good, bad]",1,"The client has attributes: A1: 0.0, A2: 23.75, A3: 0.71, A4: 2.0, A5: 9.0, A6: 4.0, A7: 0.25, A8: 0.0, A9: 1.0, A10: 1.0, A11: 1.0, A12: 2.0, A13: 240.0, A14: 5.0."
272,"Assess the creditworthiness of a customer using the following table attributes for financial status. Respond with either 'good' or 'bad'. And all the table attribute names including 8 categorical attributes and 6 numerical attributes and values have been changed to meaningless symbols to protect confidentiality of the data. For instance, 'The client has attributes: A1: 0, A2: 21.67, A3: 11.5, A4: 1, A5: 5, A6: 3, A7: 0, A8: 1, A9: 1, A10: 11, A11: 1, A12: 2, A13: 0, A14: 1.', should be classified as 'good'. 
 Text: The client has attributes: A1: 1.0, A2: 63.33, A3: 0.54, A4: 2.0, A5: 8.0, A6: 4.0, A7: 0.585, A8: 1.0, A9: 1.0, A10: 3.0, A11: 1.0, A12: 2.0, A13: 180.0, A14: 1.0. 
",bad,"[good, bad]",1,"The client has attributes: A1: 1.0, A2: 63.33, A3: 0.54, A4: 2.0, A5: 8.0, A6: 4.0, A7: 0.585, A8: 1.0, A9: 1.0, A10: 3.0, A11: 1.0, A12: 2.0, A13: 180.0, A14: 1.0."
273,"Assess the creditworthiness of a customer using the following table attributes for financial status. Respond with either 'good' or 'bad'. And all the table attribute names including 8 categorical attributes and 6 numerical attributes and values have been changed to meaningless symbols to protect confidentiality of the data. For instance, 'The client has attributes: A1: 0, A2: 21.67, A3: 11.5, A4: 1, A5: 5, A6: 3, A7: 0, A8: 1, A9: 1, A10: 11, A11: 1, A12: 2, A13: 0, A14: 1.', should be classified as 'good'. 
 Text: The client has attributes: A1: 1.0, A2: 22.33, A3: 11.0, A4: 2.0, A5: 9.0, A6: 4.0, A7: 2.0, A8: 1.0, A9: 1.0, A10: 1.0, A11: 0.0, A12: 2.0, A13: 80.0, A14: 279.0. 
",good,"[good, bad]",0,"The client has attributes: A1: 1.0, A2: 22.33, A3: 11.0, A4: 2.0, A5: 9.0, A6: 4.0, A7: 2.0, A8: 1.0, A9: 1.0, A10: 1.0, A11: 0.0, A12: 2.0, A13: 80.0, A14: 279.0."
274,"Assess the creditworthiness of a customer using the following table attributes for financial status. Respond with either 'good' or 'bad'. And all the table attribute names including 8 categorical attributes and 6 numerical attributes and values have been changed to meaningless symbols to protect confidentiality of the data. For instance, 'The client has attributes: A1: 0, A2: 21.67, A3: 11.5, A4: 1, A5: 5, A6: 3, A7: 0, A8: 1, A9: 1, A10: 11, A11: 1, A12: 2, A13: 0, A14: 1.', should be classified as 'good'. 
 Text: The client has attributes: A1: 0.0, A2: 17.92, A3: 10.21, A4: 2.0, A5: 1.0, A6: 1.0, A7: 0.0, A8: 0.0, A9: 0.0, A10: 0.0, A11: 0.0, A12: 2.0, A13: 0.0, A14: 51.0. 
",bad,"[good, bad]",1,"The client has attributes: A1: 0.0, A2: 17.92, A3: 10.21, A4: 2.0, A5: 1.0, A6: 1.0, A7: 0.0, A8: 0.0, A9: 0.0, A10: 0.0, A11: 0.0, A12: 2.0, A13: 0.0, A14: 51.0."
275,"Assess the creditworthiness of a customer using the following table attributes for financial status. Respond with either 'good' or 'bad'. And all the table attribute names including 8 categorical attributes and 6 numerical attributes and values have been changed to meaningless symbols to protect confidentiality of the data. For instance, 'The client has attributes: A1: 0, A2: 21.67, A3: 11.5, A4: 1, A5: 5, A6: 3, A7: 0, A8: 1, A9: 1, A10: 11, A11: 1, A12: 2, A13: 0, A14: 1.', should be classified as 'good'. 
 Text: The client has attributes: A1: 0.0, A2: 16.33, A3: 0.21, A4: 2.0, A5: 6.0, A6: 4.0, A7: 0.125, A8: 0.0, A9: 0.0, A10: 0.0, A11: 0.0, A12: 2.0, A13: 200.0, A14: 2.0. 
",bad,"[good, bad]",1,"The client has attributes: A1: 0.0, A2: 16.33, A3: 0.21, A4: 2.0, A5: 6.0, A6: 4.0, A7: 0.125, A8: 0.0, A9: 0.0, A10: 0.0, A11: 0.0, A12: 2.0, A13: 200.0, A14: 2.0."
276,"Assess the creditworthiness of a customer using the following table attributes for financial status. Respond with either 'good' or 'bad'. And all the table attribute names including 8 categorical attributes and 6 numerical attributes and values have been changed to meaningless symbols to protect confidentiality of the data. For instance, 'The client has attributes: A1: 0, A2: 21.67, A3: 11.5, A4: 1, A5: 5, A6: 3, A7: 0, A8: 1, A9: 1, A10: 11, A11: 1, A12: 2, A13: 0, A14: 1.', should be classified as 'good'. 
 Text: The client has attributes: A1: 0.0, A2: 52.5, A3: 7.0, A4: 2.0, A5: 6.0, A6: 8.0, A7: 3.0, A8: 0.0, A9: 0.0, A10: 0.0, A11: 0.0, A12: 2.0, A13: 0.0, A14: 1.0. 
",bad,"[good, bad]",1,"The client has attributes: A1: 0.0, A2: 52.5, A3: 7.0, A4: 2.0, A5: 6.0, A6: 8.0, A7: 3.0, A8: 0.0, A9: 0.0, A10: 0.0, A11: 0.0, A12: 2.0, A13: 0.0, A14: 1.0."
277,"Assess the creditworthiness of a customer using the following table attributes for financial status. Respond with either 'good' or 'bad'. And all the table attribute names including 8 categorical attributes and 6 numerical attributes and values have been changed to meaningless symbols to protect confidentiality of the data. For instance, 'The client has attributes: A1: 0, A2: 21.67, A3: 11.5, A4: 1, A5: 5, A6: 3, A7: 0, A8: 1, A9: 1, A10: 11, A11: 1, A12: 2, A13: 0, A14: 1.', should be classified as 'good'. 
 Text: The client has attributes: A1: 1.0, A2: 47.17, A3: 5.835, A4: 2.0, A5: 9.0, A6: 4.0, A7: 5.5, A8: 0.0, A9: 0.0, A10: 0.0, A11: 0.0, A12: 2.0, A13: 465.0, A14: 151.0. 
",bad,"[good, bad]",1,"The client has attributes: A1: 1.0, A2: 47.17, A3: 5.835, A4: 2.0, A5: 9.0, A6: 4.0, A7: 5.5, A8: 0.0, A9: 0.0, A10: 0.0, A11: 0.0, A12: 2.0, A13: 465.0, A14: 151.0."
278,"Assess the creditworthiness of a customer using the following table attributes for financial status. Respond with either 'good' or 'bad'. And all the table attribute names including 8 categorical attributes and 6 numerical attributes and values have been changed to meaningless symbols to protect confidentiality of the data. For instance, 'The client has attributes: A1: 0, A2: 21.67, A3: 11.5, A4: 1, A5: 5, A6: 3, A7: 0, A8: 1, A9: 1, A10: 11, A11: 1, A12: 2, A13: 0, A14: 1.', should be classified as 'good'. 
 Text: The client has attributes: A1: 0.0, A2: 21.67, A3: 11.5, A4: 1.0, A5: 5.0, A6: 3.0, A7: 0.0, A8: 1.0, A9: 1.0, A10: 11.0, A11: 1.0, A12: 2.0, A13: 0.0, A14: 1.0. 
",good,"[good, bad]",0,"The client has attributes: A1: 0.0, A2: 21.67, A3: 11.5, A4: 1.0, A5: 5.0, A6: 3.0, A7: 0.0, A8: 1.0, A9: 1.0, A10: 11.0, A11: 1.0, A12: 2.0, A13: 0.0, A14: 1.0."
279,"Assess the creditworthiness of a customer using the following table attributes for financial status. Respond with either 'good' or 'bad'. And all the table attribute names including 8 categorical attributes and 6 numerical attributes and values have been changed to meaningless symbols to protect confidentiality of the data. For instance, 'The client has attributes: A1: 0, A2: 21.67, A3: 11.5, A4: 1, A5: 5, A6: 3, A7: 0, A8: 1, A9: 1, A10: 11, A11: 1, A12: 2, A13: 0, A14: 1.', should be classified as 'good'. 
 Text: The client has attributes: A1: 0.0, A2: 41.17, A3: 6.5, A4: 2.0, A5: 11.0, A6: 4.0, A7: 0.5, A8: 1.0, A9: 1.0, A10: 3.0, A11: 1.0, A12: 2.0, A13: 145.0, A14: 1.0. 
",good,"[good, bad]",0,"The client has attributes: A1: 0.0, A2: 41.17, A3: 6.5, A4: 2.0, A5: 11.0, A6: 4.0, A7: 0.5, A8: 1.0, A9: 1.0, A10: 3.0, A11: 1.0, A12: 2.0, A13: 145.0, A14: 1.0."
280,"Assess the creditworthiness of a customer using the following table attributes for financial status. Respond with either 'good' or 'bad'. And all the table attribute names including 8 categorical attributes and 6 numerical attributes and values have been changed to meaningless symbols to protect confidentiality of the data. For instance, 'The client has attributes: A1: 0, A2: 21.67, A3: 11.5, A4: 1, A5: 5, A6: 3, A7: 0, A8: 1, A9: 1, A10: 11, A11: 1, A12: 2, A13: 0, A14: 1.', should be classified as 'good'. 
 Text: The client has attributes: A1: 1.0, A2: 25.58, A3: 0.335, A4: 2.0, A5: 4.0, A6: 8.0, A7: 3.5, A8: 0.0, A9: 0.0, A10: 0.0, A11: 1.0, A12: 2.0, A13: 340.0, A14: 1.0. 
",bad,"[good, bad]",1,"The client has attributes: A1: 1.0, A2: 25.58, A3: 0.335, A4: 2.0, A5: 4.0, A6: 8.0, A7: 3.5, A8: 0.0, A9: 0.0, A10: 0.0, A11: 1.0, A12: 2.0, A13: 340.0, A14: 1.0."
281,"Assess the creditworthiness of a customer using the following table attributes for financial status. Respond with either 'good' or 'bad'. And all the table attribute names including 8 categorical attributes and 6 numerical attributes and values have been changed to meaningless symbols to protect confidentiality of the data. For instance, 'The client has attributes: A1: 0, A2: 21.67, A3: 11.5, A4: 1, A5: 5, A6: 3, A7: 0, A8: 1, A9: 1, A10: 11, A11: 1, A12: 2, A13: 0, A14: 1.', should be classified as 'good'. 
 Text: The client has attributes: A1: 1.0, A2: 30.33, A3: 0.5, A4: 2.0, A5: 2.0, A6: 8.0, A7: 0.085, A8: 0.0, A9: 0.0, A10: 0.0, A11: 1.0, A12: 1.0, A13: 252.0, A14: 1.0. 
",bad,"[good, bad]",1,"The client has attributes: A1: 1.0, A2: 30.33, A3: 0.5, A4: 2.0, A5: 2.0, A6: 8.0, A7: 0.085, A8: 0.0, A9: 0.0, A10: 0.0, A11: 1.0, A12: 1.0, A13: 252.0, A14: 1.0."
282,"Assess the creditworthiness of a customer using the following table attributes for financial status. Respond with either 'good' or 'bad'. And all the table attribute names including 8 categorical attributes and 6 numerical attributes and values have been changed to meaningless symbols to protect confidentiality of the data. For instance, 'The client has attributes: A1: 0, A2: 21.67, A3: 11.5, A4: 1, A5: 5, A6: 3, A7: 0, A8: 1, A9: 1, A10: 11, A11: 1, A12: 2, A13: 0, A14: 1.', should be classified as 'good'. 
 Text: The client has attributes: A1: 1.0, A2: 35.25, A3: 3.165, A4: 2.0, A5: 14.0, A6: 8.0, A7: 3.75, A8: 1.0, A9: 0.0, A10: 0.0, A11: 1.0, A12: 2.0, A13: 680.0, A14: 1.0. 
",bad,"[good, bad]",1,"The client has attributes: A1: 1.0, A2: 35.25, A3: 3.165, A4: 2.0, A5: 14.0, A6: 8.0, A7: 3.75, A8: 1.0, A9: 0.0, A10: 0.0, A11: 1.0, A12: 2.0, A13: 680.0, A14: 1.0."
283,"Assess the creditworthiness of a customer using the following table attributes for financial status. Respond with either 'good' or 'bad'. And all the table attribute names including 8 categorical attributes and 6 numerical attributes and values have been changed to meaningless symbols to protect confidentiality of the data. For instance, 'The client has attributes: A1: 0, A2: 21.67, A3: 11.5, A4: 1, A5: 5, A6: 3, A7: 0, A8: 1, A9: 1, A10: 11, A11: 1, A12: 2, A13: 0, A14: 1.', should be classified as 'good'. 
 Text: The client has attributes: A1: 1.0, A2: 17.5, A3: 22.0, A4: 3.0, A5: 1.0, A6: 7.0, A7: 0.0, A8: 0.0, A9: 0.0, A10: 0.0, A11: 1.0, A12: 3.0, A13: 450.0, A14: 100001.0. 
",good,"[good, bad]",0,"The client has attributes: A1: 1.0, A2: 17.5, A3: 22.0, A4: 3.0, A5: 1.0, A6: 7.0, A7: 0.0, A8: 0.0, A9: 0.0, A10: 0.0, A11: 1.0, A12: 3.0, A13: 450.0, A14: 100001.0."
284,"Assess the creditworthiness of a customer using the following table attributes for financial status. Respond with either 'good' or 'bad'. And all the table attribute names including 8 categorical attributes and 6 numerical attributes and values have been changed to meaningless symbols to protect confidentiality of the data. For instance, 'The client has attributes: A1: 0, A2: 21.67, A3: 11.5, A4: 1, A5: 5, A6: 3, A7: 0, A8: 1, A9: 1, A10: 11, A11: 1, A12: 2, A13: 0, A14: 1.', should be classified as 'good'. 
 Text: The client has attributes: A1: 1.0, A2: 48.5, A3: 4.25, A4: 2.0, A5: 7.0, A6: 4.0, A7: 0.125, A8: 1.0, A9: 0.0, A10: 0.0, A11: 1.0, A12: 2.0, A13: 225.0, A14: 1.0. 
",good,"[good, bad]",0,"The client has attributes: A1: 1.0, A2: 48.5, A3: 4.25, A4: 2.0, A5: 7.0, A6: 4.0, A7: 0.125, A8: 1.0, A9: 0.0, A10: 0.0, A11: 1.0, A12: 2.0, A13: 225.0, A14: 1.0."
285,"Assess the creditworthiness of a customer using the following table attributes for financial status. Respond with either 'good' or 'bad'. And all the table attribute names including 8 categorical attributes and 6 numerical attributes and values have been changed to meaningless symbols to protect confidentiality of the data. For instance, 'The client has attributes: A1: 0, A2: 21.67, A3: 11.5, A4: 1, A5: 5, A6: 3, A7: 0, A8: 1, A9: 1, A10: 11, A11: 1, A12: 2, A13: 0, A14: 1.', should be classified as 'good'. 
 Text: The client has attributes: A1: 1.0, A2: 49.5, A3: 7.585, A4: 2.0, A5: 3.0, A6: 5.0, A7: 7.585, A8: 1.0, A9: 1.0, A10: 15.0, A11: 1.0, A12: 2.0, A13: 0.0, A14: 5001.0. 
",good,"[good, bad]",0,"The client has attributes: A1: 1.0, A2: 49.5, A3: 7.585, A4: 2.0, A5: 3.0, A6: 5.0, A7: 7.585, A8: 1.0, A9: 1.0, A10: 15.0, A11: 1.0, A12: 2.0, A13: 0.0, A14: 5001.0."
286,"Assess the creditworthiness of a customer using the following table attributes for financial status. Respond with either 'good' or 'bad'. And all the table attribute names including 8 categorical attributes and 6 numerical attributes and values have been changed to meaningless symbols to protect confidentiality of the data. For instance, 'The client has attributes: A1: 0, A2: 21.67, A3: 11.5, A4: 1, A5: 5, A6: 3, A7: 0, A8: 1, A9: 1, A10: 11, A11: 1, A12: 2, A13: 0, A14: 1.', should be classified as 'good'. 
 Text: The client has attributes: A1: 1.0, A2: 41.92, A3: 0.42, A4: 2.0, A5: 8.0, A6: 8.0, A7: 0.21, A8: 1.0, A9: 1.0, A10: 6.0, A11: 0.0, A12: 2.0, A13: 220.0, A14: 949.0. 
",good,"[good, bad]",0,"The client has attributes: A1: 1.0, A2: 41.92, A3: 0.42, A4: 2.0, A5: 8.0, A6: 8.0, A7: 0.21, A8: 1.0, A9: 1.0, A10: 6.0, A11: 0.0, A12: 2.0, A13: 220.0, A14: 949.0."
287,"Assess the creditworthiness of a customer using the following table attributes for financial status. Respond with either 'good' or 'bad'. And all the table attribute names including 8 categorical attributes and 6 numerical attributes and values have been changed to meaningless symbols to protect confidentiality of the data. For instance, 'The client has attributes: A1: 0, A2: 21.67, A3: 11.5, A4: 1, A5: 5, A6: 3, A7: 0, A8: 1, A9: 1, A10: 11, A11: 1, A12: 2, A13: 0, A14: 1.', should be classified as 'good'. 
 Text: The client has attributes: A1: 1.0, A2: 23.5, A3: 3.165, A4: 1.0, A5: 4.0, A6: 4.0, A7: 0.415, A8: 0.0, A9: 1.0, A10: 1.0, A11: 1.0, A12: 2.0, A13: 280.0, A14: 81.0. 
",bad,"[good, bad]",1,"The client has attributes: A1: 1.0, A2: 23.5, A3: 3.165, A4: 1.0, A5: 4.0, A6: 4.0, A7: 0.415, A8: 0.0, A9: 1.0, A10: 1.0, A11: 1.0, A12: 2.0, A13: 280.0, A14: 81.0."
288,"Assess the creditworthiness of a customer using the following table attributes for financial status. Respond with either 'good' or 'bad'. And all the table attribute names including 8 categorical attributes and 6 numerical attributes and values have been changed to meaningless symbols to protect confidentiality of the data. For instance, 'The client has attributes: A1: 0, A2: 21.67, A3: 11.5, A4: 1, A5: 5, A6: 3, A7: 0, A8: 1, A9: 1, A10: 11, A11: 1, A12: 2, A13: 0, A14: 1.', should be classified as 'good'. 
 Text: The client has attributes: A1: 1.0, A2: 40.92, A3: 0.835, A4: 2.0, A5: 1.0, A6: 1.0, A7: 0.0, A8: 1.0, A9: 0.0, A10: 0.0, A11: 0.0, A12: 2.0, A13: 130.0, A14: 2.0. 
",bad,"[good, bad]",1,"The client has attributes: A1: 1.0, A2: 40.92, A3: 0.835, A4: 2.0, A5: 1.0, A6: 1.0, A7: 0.0, A8: 1.0, A9: 0.0, A10: 0.0, A11: 0.0, A12: 2.0, A13: 130.0, A14: 2.0."
289,"Assess the creditworthiness of a customer using the following table attributes for financial status. Respond with either 'good' or 'bad'. And all the table attribute names including 8 categorical attributes and 6 numerical attributes and values have been changed to meaningless symbols to protect confidentiality of the data. For instance, 'The client has attributes: A1: 0, A2: 21.67, A3: 11.5, A4: 1, A5: 5, A6: 3, A7: 0, A8: 1, A9: 1, A10: 11, A11: 1, A12: 2, A13: 0, A14: 1.', should be classified as 'good'. 
 Text: The client has attributes: A1: 1.0, A2: 37.58, A3: 0.0, A4: 2.0, A5: 8.0, A6: 4.0, A7: 0.0, A8: 0.0, A9: 0.0, A10: 0.0, A11: 0.0, A12: 3.0, A13: 184.0, A14: 1.0. 
",good,"[good, bad]",0,"The client has attributes: A1: 1.0, A2: 37.58, A3: 0.0, A4: 2.0, A5: 8.0, A6: 4.0, A7: 0.0, A8: 0.0, A9: 0.0, A10: 0.0, A11: 0.0, A12: 3.0, A13: 184.0, A14: 1.0."
290,"Assess the creditworthiness of a customer using the following table attributes for financial status. Respond with either 'good' or 'bad'. And all the table attribute names including 8 categorical attributes and 6 numerical attributes and values have been changed to meaningless symbols to protect confidentiality of the data. For instance, 'The client has attributes: A1: 0, A2: 21.67, A3: 11.5, A4: 1, A5: 5, A6: 3, A7: 0, A8: 1, A9: 1, A10: 11, A11: 1, A12: 2, A13: 0, A14: 1.', should be classified as 'good'. 
 Text: The client has attributes: A1: 1.0, A2: 42.0, A3: 0.205, A4: 2.0, A5: 3.0, A6: 8.0, A7: 5.125, A8: 1.0, A9: 0.0, A10: 0.0, A11: 0.0, A12: 2.0, A13: 400.0, A14: 1.0. 
",good,"[good, bad]",0,"The client has attributes: A1: 1.0, A2: 42.0, A3: 0.205, A4: 2.0, A5: 3.0, A6: 8.0, A7: 5.125, A8: 1.0, A9: 0.0, A10: 0.0, A11: 0.0, A12: 2.0, A13: 400.0, A14: 1.0."
291,"Assess the creditworthiness of a customer using the following table attributes for financial status. Respond with either 'good' or 'bad'. And all the table attribute names including 8 categorical attributes and 6 numerical attributes and values have been changed to meaningless symbols to protect confidentiality of the data. For instance, 'The client has attributes: A1: 0, A2: 21.67, A3: 11.5, A4: 1, A5: 5, A6: 3, A7: 0, A8: 1, A9: 1, A10: 11, A11: 1, A12: 2, A13: 0, A14: 1.', should be classified as 'good'. 
 Text: The client has attributes: A1: 1.0, A2: 20.0, A3: 7.0, A4: 2.0, A5: 8.0, A6: 4.0, A7: 0.5, A8: 0.0, A9: 0.0, A10: 0.0, A11: 0.0, A12: 2.0, A13: 0.0, A14: 1.0. 
",bad,"[good, bad]",1,"The client has attributes: A1: 1.0, A2: 20.0, A3: 7.0, A4: 2.0, A5: 8.0, A6: 4.0, A7: 0.5, A8: 0.0, A9: 0.0, A10: 0.0, A11: 0.0, A12: 2.0, A13: 0.0, A14: 1.0."
292,"Assess the creditworthiness of a customer using the following table attributes for financial status. Respond with either 'good' or 'bad'. And all the table attribute names including 8 categorical attributes and 6 numerical attributes and values have been changed to meaningless symbols to protect confidentiality of the data. For instance, 'The client has attributes: A1: 0, A2: 21.67, A3: 11.5, A4: 1, A5: 5, A6: 3, A7: 0, A8: 1, A9: 1, A10: 11, A11: 1, A12: 2, A13: 0, A14: 1.', should be classified as 'good'. 
 Text: The client has attributes: A1: 1.0, A2: 19.67, A3: 10.0, A4: 1.0, A5: 4.0, A6: 8.0, A7: 0.835, A8: 1.0, A9: 0.0, A10: 0.0, A11: 1.0, A12: 2.0, A13: 140.0, A14: 1.0. 
",bad,"[good, bad]",1,"The client has attributes: A1: 1.0, A2: 19.67, A3: 10.0, A4: 1.0, A5: 4.0, A6: 8.0, A7: 0.835, A8: 1.0, A9: 0.0, A10: 0.0, A11: 1.0, A12: 2.0, A13: 140.0, A14: 1.0."
293,"Assess the creditworthiness of a customer using the following table attributes for financial status. Respond with either 'good' or 'bad'. And all the table attribute names including 8 categorical attributes and 6 numerical attributes and values have been changed to meaningless symbols to protect confidentiality of the data. For instance, 'The client has attributes: A1: 0, A2: 21.67, A3: 11.5, A4: 1, A5: 5, A6: 3, A7: 0, A8: 1, A9: 1, A10: 11, A11: 1, A12: 2, A13: 0, A14: 1.', should be classified as 'good'. 
 Text: The client has attributes: A1: 1.0, A2: 26.17, A3: 12.5, A4: 1.0, A5: 4.0, A6: 8.0, A7: 1.25, A8: 0.0, A9: 0.0, A10: 0.0, A11: 1.0, A12: 2.0, A13: 0.0, A14: 18.0. 
",bad,"[good, bad]",1,"The client has attributes: A1: 1.0, A2: 26.17, A3: 12.5, A4: 1.0, A5: 4.0, A6: 8.0, A7: 1.25, A8: 0.0, A9: 0.0, A10: 0.0, A11: 1.0, A12: 2.0, A13: 0.0, A14: 18.0."
294,"Assess the creditworthiness of a customer using the following table attributes for financial status. Respond with either 'good' or 'bad'. And all the table attribute names including 8 categorical attributes and 6 numerical attributes and values have been changed to meaningless symbols to protect confidentiality of the data. For instance, 'The client has attributes: A1: 0, A2: 21.67, A3: 11.5, A4: 1, A5: 5, A6: 3, A7: 0, A8: 1, A9: 1, A10: 11, A11: 1, A12: 2, A13: 0, A14: 1.', should be classified as 'good'. 
 Text: The client has attributes: A1: 1.0, A2: 48.33, A3: 12.0, A4: 2.0, A5: 7.0, A6: 4.0, A7: 16.0, A8: 1.0, A9: 0.0, A10: 0.0, A11: 0.0, A12: 1.0, A13: 110.0, A14: 1.0. 
",good,"[good, bad]",0,"The client has attributes: A1: 1.0, A2: 48.33, A3: 12.0, A4: 2.0, A5: 7.0, A6: 4.0, A7: 16.0, A8: 1.0, A9: 0.0, A10: 0.0, A11: 0.0, A12: 1.0, A13: 110.0, A14: 1.0."
295,"Assess the creditworthiness of a customer using the following table attributes for financial status. Respond with either 'good' or 'bad'. And all the table attribute names including 8 categorical attributes and 6 numerical attributes and values have been changed to meaningless symbols to protect confidentiality of the data. For instance, 'The client has attributes: A1: 0, A2: 21.67, A3: 11.5, A4: 1, A5: 5, A6: 3, A7: 0, A8: 1, A9: 1, A10: 11, A11: 1, A12: 2, A13: 0, A14: 1.', should be classified as 'good'. 
 Text: The client has attributes: A1: 1.0, A2: 43.17, A3: 5.0, A4: 2.0, A5: 3.0, A6: 5.0, A7: 2.25, A8: 0.0, A9: 0.0, A10: 0.0, A11: 1.0, A12: 2.0, A13: 141.0, A14: 1.0. 
",bad,"[good, bad]",1,"The client has attributes: A1: 1.0, A2: 43.17, A3: 5.0, A4: 2.0, A5: 3.0, A6: 5.0, A7: 2.25, A8: 0.0, A9: 0.0, A10: 0.0, A11: 1.0, A12: 2.0, A13: 141.0, A14: 1.0."
296,"Assess the creditworthiness of a customer using the following table attributes for financial status. Respond with either 'good' or 'bad'. And all the table attribute names including 8 categorical attributes and 6 numerical attributes and values have been changed to meaningless symbols to protect confidentiality of the data. For instance, 'The client has attributes: A1: 0, A2: 21.67, A3: 11.5, A4: 1, A5: 5, A6: 3, A7: 0, A8: 1, A9: 1, A10: 11, A11: 1, A12: 2, A13: 0, A14: 1.', should be classified as 'good'. 
 Text: The client has attributes: A1: 1.0, A2: 41.58, A3: 1.75, A4: 2.0, A5: 4.0, A6: 4.0, A7: 0.21, A8: 1.0, A9: 0.0, A10: 0.0, A11: 0.0, A12: 2.0, A13: 160.0, A14: 1.0. 
",bad,"[good, bad]",1,"The client has attributes: A1: 1.0, A2: 41.58, A3: 1.75, A4: 2.0, A5: 4.0, A6: 4.0, A7: 0.21, A8: 1.0, A9: 0.0, A10: 0.0, A11: 0.0, A12: 2.0, A13: 160.0, A14: 1.0."
297,"Assess the creditworthiness of a customer using the following table attributes for financial status. Respond with either 'good' or 'bad'. And all the table attribute names including 8 categorical attributes and 6 numerical attributes and values have been changed to meaningless symbols to protect confidentiality of the data. For instance, 'The client has attributes: A1: 0, A2: 21.67, A3: 11.5, A4: 1, A5: 5, A6: 3, A7: 0, A8: 1, A9: 1, A10: 11, A11: 1, A12: 2, A13: 0, A14: 1.', should be classified as 'good'. 
 Text: The client has attributes: A1: 1.0, A2: 30.58, A3: 2.71, A4: 1.0, A5: 7.0, A6: 4.0, A7: 0.125, A8: 0.0, A9: 0.0, A10: 0.0, A11: 1.0, A12: 1.0, A13: 80.0, A14: 1.0. 
",bad,"[good, bad]",1,"The client has attributes: A1: 1.0, A2: 30.58, A3: 2.71, A4: 1.0, A5: 7.0, A6: 4.0, A7: 0.125, A8: 0.0, A9: 0.0, A10: 0.0, A11: 1.0, A12: 1.0, A13: 80.0, A14: 1.0."
298,"Assess the creditworthiness of a customer using the following table attributes for financial status. Respond with either 'good' or 'bad'. And all the table attribute names including 8 categorical attributes and 6 numerical attributes and values have been changed to meaningless symbols to protect confidentiality of the data. For instance, 'The client has attributes: A1: 0, A2: 21.67, A3: 11.5, A4: 1, A5: 5, A6: 3, A7: 0, A8: 1, A9: 1, A10: 11, A11: 1, A12: 2, A13: 0, A14: 1.', should be classified as 'good'. 
 Text: The client has attributes: A1: 0.0, A2: 29.58, A3: 1.75, A4: 1.0, A5: 4.0, A6: 4.0, A7: 1.25, A8: 0.0, A9: 0.0, A10: 0.0, A11: 1.0, A12: 2.0, A13: 280.0, A14: 1.0. 
",bad,"[good, bad]",1,"The client has attributes: A1: 0.0, A2: 29.58, A3: 1.75, A4: 1.0, A5: 4.0, A6: 4.0, A7: 1.25, A8: 0.0, A9: 0.0, A10: 0.0, A11: 1.0, A12: 2.0, A13: 280.0, A14: 1.0."
299,"Assess the creditworthiness of a customer using the following table attributes for financial status. Respond with either 'good' or 'bad'. And all the table attribute names including 8 categorical attributes and 6 numerical attributes and values have been changed to meaningless symbols to protect confidentiality of the data. For instance, 'The client has attributes: A1: 0, A2: 21.67, A3: 11.5, A4: 1, A5: 5, A6: 3, A7: 0, A8: 1, A9: 1, A10: 11, A11: 1, A12: 2, A13: 0, A14: 1.', should be classified as 'good'. 
 Text: The client has attributes: A1: 0.0, A2: 26.58, A3: 2.54, A4: 1.0, A5: 1.0, A6: 1.0, A7: 0.0, A8: 0.0, A9: 0.0, A10: 0.0, A11: 1.0, A12: 2.0, A13: 180.0, A14: 61.0. 
",bad,"[good, bad]",1,"The client has attributes: A1: 0.0, A2: 26.58, A3: 2.54, A4: 1.0, A5: 1.0, A6: 1.0, A7: 0.0, A8: 0.0, A9: 0.0, A10: 0.0, A11: 1.0, A12: 2.0, A13: 180.0, A14: 61.0."
300,"Assess the creditworthiness of a customer using the following table attributes for financial status. Respond with either 'good' or 'bad'. And all the table attribute names including 8 categorical attributes and 6 numerical attributes and values have been changed to meaningless symbols to protect confidentiality of the data. For instance, 'The client has attributes: A1: 0, A2: 21.67, A3: 11.5, A4: 1, A5: 5, A6: 3, A7: 0, A8: 1, A9: 1, A10: 11, A11: 1, A12: 2, A13: 0, A14: 1.', should be classified as 'good'. 
 Text: The client has attributes: A1: 1.0, A2: 27.25, A3: 1.665, A4: 2.0, A5: 13.0, A6: 8.0, A7: 5.085, A8: 1.0, A9: 1.0, A10: 9.0, A11: 0.0, A12: 2.0, A13: 399.0, A14: 828.0. 
",good,"[good, bad]",0,"The client has attributes: A1: 1.0, A2: 27.25, A3: 1.665, A4: 2.0, A5: 13.0, A6: 8.0, A7: 5.085, A8: 1.0, A9: 1.0, A10: 9.0, A11: 0.0, A12: 2.0, A13: 399.0, A14: 828.0."
301,"Assess the creditworthiness of a customer using the following table attributes for financial status. Respond with either 'good' or 'bad'. And all the table attribute names including 8 categorical attributes and 6 numerical attributes and values have been changed to meaningless symbols to protect confidentiality of the data. For instance, 'The client has attributes: A1: 0, A2: 21.67, A3: 11.5, A4: 1, A5: 5, A6: 3, A7: 0, A8: 1, A9: 1, A10: 11, A11: 1, A12: 2, A13: 0, A14: 1.', should be classified as 'good'. 
 Text: The client has attributes: A1: 0.0, A2: 53.33, A3: 0.165, A4: 2.0, A5: 1.0, A6: 1.0, A7: 0.0, A8: 0.0, A9: 0.0, A10: 0.0, A11: 1.0, A12: 1.0, A13: 62.0, A14: 28.0. 
",bad,"[good, bad]",1,"The client has attributes: A1: 0.0, A2: 53.33, A3: 0.165, A4: 2.0, A5: 1.0, A6: 1.0, A7: 0.0, A8: 0.0, A9: 0.0, A10: 0.0, A11: 1.0, A12: 1.0, A13: 62.0, A14: 28.0."
302,"Assess the creditworthiness of a customer using the following table attributes for financial status. Respond with either 'good' or 'bad'. And all the table attribute names including 8 categorical attributes and 6 numerical attributes and values have been changed to meaningless symbols to protect confidentiality of the data. For instance, 'The client has attributes: A1: 0, A2: 21.67, A3: 11.5, A4: 1, A5: 5, A6: 3, A7: 0, A8: 1, A9: 1, A10: 11, A11: 1, A12: 2, A13: 0, A14: 1.', should be classified as 'good'. 
 Text: The client has attributes: A1: 1.0, A2: 23.58, A3: 1.79, A4: 2.0, A5: 8.0, A6: 4.0, A7: 0.54, A8: 0.0, A9: 0.0, A10: 0.0, A11: 1.0, A12: 2.0, A13: 136.0, A14: 2.0. 
",bad,"[good, bad]",1,"The client has attributes: A1: 1.0, A2: 23.58, A3: 1.79, A4: 2.0, A5: 8.0, A6: 4.0, A7: 0.54, A8: 0.0, A9: 0.0, A10: 0.0, A11: 1.0, A12: 2.0, A13: 136.0, A14: 2.0."
303,"Assess the creditworthiness of a customer using the following table attributes for financial status. Respond with either 'good' or 'bad'. And all the table attribute names including 8 categorical attributes and 6 numerical attributes and values have been changed to meaningless symbols to protect confidentiality of the data. For instance, 'The client has attributes: A1: 0, A2: 21.67, A3: 11.5, A4: 1, A5: 5, A6: 3, A7: 0, A8: 1, A9: 1, A10: 11, A11: 1, A12: 2, A13: 0, A14: 1.', should be classified as 'good'. 
 Text: The client has attributes: A1: 1.0, A2: 33.17, A3: 3.165, A4: 1.0, A5: 14.0, A6: 4.0, A7: 3.165, A8: 1.0, A9: 1.0, A10: 3.0, A11: 1.0, A12: 2.0, A13: 380.0, A14: 1.0. 
",good,"[good, bad]",0,"The client has attributes: A1: 1.0, A2: 33.17, A3: 3.165, A4: 1.0, A5: 14.0, A6: 4.0, A7: 3.165, A8: 1.0, A9: 1.0, A10: 3.0, A11: 1.0, A12: 2.0, A13: 380.0, A14: 1.0."
304,"Assess the creditworthiness of a customer using the following table attributes for financial status. Respond with either 'good' or 'bad'. And all the table attribute names including 8 categorical attributes and 6 numerical attributes and values have been changed to meaningless symbols to protect confidentiality of the data. For instance, 'The client has attributes: A1: 0, A2: 21.67, A3: 11.5, A4: 1, A5: 5, A6: 3, A7: 0, A8: 1, A9: 1, A10: 11, A11: 1, A12: 2, A13: 0, A14: 1.', should be classified as 'good'. 
 Text: The client has attributes: A1: 1.0, A2: 53.92, A3: 9.625, A4: 2.0, A5: 10.0, A6: 4.0, A7: 8.665, A8: 1.0, A9: 1.0, A10: 5.0, A11: 0.0, A12: 2.0, A13: 0.0, A14: 1.0. 
",good,"[good, bad]",0,"The client has attributes: A1: 1.0, A2: 53.92, A3: 9.625, A4: 2.0, A5: 10.0, A6: 4.0, A7: 8.665, A8: 1.0, A9: 1.0, A10: 5.0, A11: 0.0, A12: 2.0, A13: 0.0, A14: 1.0."
305,"Assess the creditworthiness of a customer using the following table attributes for financial status. Respond with either 'good' or 'bad'. And all the table attribute names including 8 categorical attributes and 6 numerical attributes and values have been changed to meaningless symbols to protect confidentiality of the data. For instance, 'The client has attributes: A1: 0, A2: 21.67, A3: 11.5, A4: 1, A5: 5, A6: 3, A7: 0, A8: 1, A9: 1, A10: 11, A11: 1, A12: 2, A13: 0, A14: 1.', should be classified as 'good'. 
 Text: The client has attributes: A1: 1.0, A2: 62.5, A3: 12.75, A4: 1.0, A5: 8.0, A6: 8.0, A7: 5.0, A8: 1.0, A9: 0.0, A10: 0.0, A11: 0.0, A12: 2.0, A13: 112.0, A14: 1.0. 
",bad,"[good, bad]",1,"The client has attributes: A1: 1.0, A2: 62.5, A3: 12.75, A4: 1.0, A5: 8.0, A6: 8.0, A7: 5.0, A8: 1.0, A9: 0.0, A10: 0.0, A11: 0.0, A12: 2.0, A13: 112.0, A14: 1.0."
306,"Assess the creditworthiness of a customer using the following table attributes for financial status. Respond with either 'good' or 'bad'. And all the table attribute names including 8 categorical attributes and 6 numerical attributes and values have been changed to meaningless symbols to protect confidentiality of the data. For instance, 'The client has attributes: A1: 0, A2: 21.67, A3: 11.5, A4: 1, A5: 5, A6: 3, A7: 0, A8: 1, A9: 1, A10: 11, A11: 1, A12: 2, A13: 0, A14: 1.', should be classified as 'good'. 
 Text: The client has attributes: A1: 0.0, A2: 32.33, A3: 0.54, A4: 2.0, A5: 13.0, A6: 4.0, A7: 0.04, A8: 1.0, A9: 0.0, A10: 0.0, A11: 0.0, A12: 2.0, A13: 440.0, A14: 11178.0. 
",good,"[good, bad]",0,"The client has attributes: A1: 0.0, A2: 32.33, A3: 0.54, A4: 2.0, A5: 13.0, A6: 4.0, A7: 0.04, A8: 1.0, A9: 0.0, A10: 0.0, A11: 0.0, A12: 2.0, A13: 440.0, A14: 11178.0."
307,"Assess the creditworthiness of a customer using the following table attributes for financial status. Respond with either 'good' or 'bad'. And all the table attribute names including 8 categorical attributes and 6 numerical attributes and values have been changed to meaningless symbols to protect confidentiality of the data. For instance, 'The client has attributes: A1: 0, A2: 21.67, A3: 11.5, A4: 1, A5: 5, A6: 3, A7: 0, A8: 1, A9: 1, A10: 11, A11: 1, A12: 2, A13: 0, A14: 1.', should be classified as 'good'. 
 Text: The client has attributes: A1: 1.0, A2: 36.5, A3: 4.25, A4: 2.0, A5: 11.0, A6: 4.0, A7: 3.5, A8: 0.0, A9: 0.0, A10: 0.0, A11: 0.0, A12: 2.0, A13: 454.0, A14: 51.0. 
",bad,"[good, bad]",1,"The client has attributes: A1: 1.0, A2: 36.5, A3: 4.25, A4: 2.0, A5: 11.0, A6: 4.0, A7: 3.5, A8: 0.0, A9: 0.0, A10: 0.0, A11: 0.0, A12: 2.0, A13: 454.0, A14: 51.0."
308,"Assess the creditworthiness of a customer using the following table attributes for financial status. Respond with either 'good' or 'bad'. And all the table attribute names including 8 categorical attributes and 6 numerical attributes and values have been changed to meaningless symbols to protect confidentiality of the data. For instance, 'The client has attributes: A1: 0, A2: 21.67, A3: 11.5, A4: 1, A5: 5, A6: 3, A7: 0, A8: 1, A9: 1, A10: 11, A11: 1, A12: 2, A13: 0, A14: 1.', should be classified as 'good'. 
 Text: The client has attributes: A1: 1.0, A2: 27.25, A3: 1.585, A4: 2.0, A5: 13.0, A6: 8.0, A7: 1.835, A8: 1.0, A9: 1.0, A10: 12.0, A11: 1.0, A12: 2.0, A13: 583.0, A14: 714.0. 
",good,"[good, bad]",0,"The client has attributes: A1: 1.0, A2: 27.25, A3: 1.585, A4: 2.0, A5: 13.0, A6: 8.0, A7: 1.835, A8: 1.0, A9: 1.0, A10: 12.0, A11: 1.0, A12: 2.0, A13: 583.0, A14: 714.0."
309,"Assess the creditworthiness of a customer using the following table attributes for financial status. Respond with either 'good' or 'bad'. And all the table attribute names including 8 categorical attributes and 6 numerical attributes and values have been changed to meaningless symbols to protect confidentiality of the data. For instance, 'The client has attributes: A1: 0, A2: 21.67, A3: 11.5, A4: 1, A5: 5, A6: 3, A7: 0, A8: 1, A9: 1, A10: 11, A11: 1, A12: 2, A13: 0, A14: 1.', should be classified as 'good'. 
 Text: The client has attributes: A1: 1.0, A2: 31.57, A3: 10.5, A4: 2.0, A5: 14.0, A6: 4.0, A7: 6.5, A8: 1.0, A9: 0.0, A10: 0.0, A11: 0.0, A12: 2.0, A13: 0.0, A14: 1.0. 
",good,"[good, bad]",0,"The client has attributes: A1: 1.0, A2: 31.57, A3: 10.5, A4: 2.0, A5: 14.0, A6: 4.0, A7: 6.5, A8: 1.0, A9: 0.0, A10: 0.0, A11: 0.0, A12: 2.0, A13: 0.0, A14: 1.0."
310,"Assess the creditworthiness of a customer using the following table attributes for financial status. Respond with either 'good' or 'bad'. And all the table attribute names including 8 categorical attributes and 6 numerical attributes and values have been changed to meaningless symbols to protect confidentiality of the data. For instance, 'The client has attributes: A1: 0, A2: 21.67, A3: 11.5, A4: 1, A5: 5, A6: 3, A7: 0, A8: 1, A9: 1, A10: 11, A11: 1, A12: 2, A13: 0, A14: 1.', should be classified as 'good'. 
 Text: The client has attributes: A1: 0.0, A2: 29.75, A3: 0.665, A4: 2.0, A5: 9.0, A6: 4.0, A7: 0.25, A8: 0.0, A9: 0.0, A10: 0.0, A11: 1.0, A12: 2.0, A13: 300.0, A14: 1.0. 
",bad,"[good, bad]",1,"The client has attributes: A1: 0.0, A2: 29.75, A3: 0.665, A4: 2.0, A5: 9.0, A6: 4.0, A7: 0.25, A8: 0.0, A9: 0.0, A10: 0.0, A11: 1.0, A12: 2.0, A13: 300.0, A14: 1.0."
311,"Assess the creditworthiness of a customer using the following table attributes for financial status. Respond with either 'good' or 'bad'. And all the table attribute names including 8 categorical attributes and 6 numerical attributes and values have been changed to meaningless symbols to protect confidentiality of the data. For instance, 'The client has attributes: A1: 0, A2: 21.67, A3: 11.5, A4: 1, A5: 5, A6: 3, A7: 0, A8: 1, A9: 1, A10: 11, A11: 1, A12: 2, A13: 0, A14: 1.', should be classified as 'good'. 
 Text: The client has attributes: A1: 1.0, A2: 36.67, A3: 3.25, A4: 2.0, A5: 11.0, A6: 8.0, A7: 9.0, A8: 1.0, A9: 0.0, A10: 0.0, A11: 1.0, A12: 2.0, A13: 102.0, A14: 640.0. 
",good,"[good, bad]",0,"The client has attributes: A1: 1.0, A2: 36.67, A3: 3.25, A4: 2.0, A5: 11.0, A6: 8.0, A7: 9.0, A8: 1.0, A9: 0.0, A10: 0.0, A11: 1.0, A12: 2.0, A13: 102.0, A14: 640.0."
312,"Assess the creditworthiness of a customer using the following table attributes for financial status. Respond with either 'good' or 'bad'. And all the table attribute names including 8 categorical attributes and 6 numerical attributes and values have been changed to meaningless symbols to protect confidentiality of the data. For instance, 'The client has attributes: A1: 0, A2: 21.67, A3: 11.5, A4: 1, A5: 5, A6: 3, A7: 0, A8: 1, A9: 1, A10: 11, A11: 1, A12: 2, A13: 0, A14: 1.', should be classified as 'good'. 
 Text: The client has attributes: A1: 0.0, A2: 24.58, A3: 0.67, A4: 2.0, A5: 6.0, A6: 8.0, A7: 1.75, A8: 1.0, A9: 0.0, A10: 0.0, A11: 0.0, A12: 2.0, A13: 400.0, A14: 1.0. 
",bad,"[good, bad]",1,"The client has attributes: A1: 0.0, A2: 24.58, A3: 0.67, A4: 2.0, A5: 6.0, A6: 8.0, A7: 1.75, A8: 1.0, A9: 0.0, A10: 0.0, A11: 0.0, A12: 2.0, A13: 400.0, A14: 1.0."
313,"Assess the creditworthiness of a customer using the following table attributes for financial status. Respond with either 'good' or 'bad'. And all the table attribute names including 8 categorical attributes and 6 numerical attributes and values have been changed to meaningless symbols to protect confidentiality of the data. For instance, 'The client has attributes: A1: 0, A2: 21.67, A3: 11.5, A4: 1, A5: 5, A6: 3, A7: 0, A8: 1, A9: 1, A10: 11, A11: 1, A12: 2, A13: 0, A14: 1.', should be classified as 'good'. 
 Text: The client has attributes: A1: 0.0, A2: 51.92, A3: 6.5, A4: 2.0, A5: 3.0, A6: 5.0, A7: 3.085, A8: 0.0, A9: 0.0, A10: 0.0, A11: 1.0, A12: 2.0, A13: 73.0, A14: 1.0. 
",bad,"[good, bad]",1,"The client has attributes: A1: 0.0, A2: 51.92, A3: 6.5, A4: 2.0, A5: 3.0, A6: 5.0, A7: 3.085, A8: 0.0, A9: 0.0, A10: 0.0, A11: 1.0, A12: 2.0, A13: 73.0, A14: 1.0."
314,"Assess the creditworthiness of a customer using the following table attributes for financial status. Respond with either 'good' or 'bad'. And all the table attribute names including 8 categorical attributes and 6 numerical attributes and values have been changed to meaningless symbols to protect confidentiality of the data. For instance, 'The client has attributes: A1: 0, A2: 21.67, A3: 11.5, A4: 1, A5: 5, A6: 3, A7: 0, A8: 1, A9: 1, A10: 11, A11: 1, A12: 2, A13: 0, A14: 1.', should be classified as 'good'. 
 Text: The client has attributes: A1: 1.0, A2: 21.83, A3: 11.0, A4: 2.0, A5: 14.0, A6: 4.0, A7: 0.29, A8: 1.0, A9: 1.0, A10: 6.0, A11: 0.0, A12: 2.0, A13: 121.0, A14: 1.0. 
",good,"[good, bad]",0,"The client has attributes: A1: 1.0, A2: 21.83, A3: 11.0, A4: 2.0, A5: 14.0, A6: 4.0, A7: 0.29, A8: 1.0, A9: 1.0, A10: 6.0, A11: 0.0, A12: 2.0, A13: 121.0, A14: 1.0."
315,"Assess the creditworthiness of a customer using the following table attributes for financial status. Respond with either 'good' or 'bad'. And all the table attribute names including 8 categorical attributes and 6 numerical attributes and values have been changed to meaningless symbols to protect confidentiality of the data. For instance, 'The client has attributes: A1: 0, A2: 21.67, A3: 11.5, A4: 1, A5: 5, A6: 3, A7: 0, A8: 1, A9: 1, A10: 11, A11: 1, A12: 2, A13: 0, A14: 1.', should be classified as 'good'. 
 Text: The client has attributes: A1: 0.0, A2: 15.92, A3: 2.875, A4: 2.0, A5: 11.0, A6: 4.0, A7: 0.085, A8: 0.0, A9: 0.0, A10: 0.0, A11: 0.0, A12: 2.0, A13: 120.0, A14: 1.0. 
",bad,"[good, bad]",1,"The client has attributes: A1: 0.0, A2: 15.92, A3: 2.875, A4: 2.0, A5: 11.0, A6: 4.0, A7: 0.085, A8: 0.0, A9: 0.0, A10: 0.0, A11: 0.0, A12: 2.0, A13: 120.0, A14: 1.0."
316,"Assess the creditworthiness of a customer using the following table attributes for financial status. Respond with either 'good' or 'bad'. And all the table attribute names including 8 categorical attributes and 6 numerical attributes and values have been changed to meaningless symbols to protect confidentiality of the data. For instance, 'The client has attributes: A1: 0, A2: 21.67, A3: 11.5, A4: 1, A5: 5, A6: 3, A7: 0, A8: 1, A9: 1, A10: 11, A11: 1, A12: 2, A13: 0, A14: 1.', should be classified as 'good'. 
 Text: The client has attributes: A1: 1.0, A2: 23.0, A3: 0.75, A4: 2.0, A5: 7.0, A6: 4.0, A7: 0.5, A8: 1.0, A9: 0.0, A10: 0.0, A11: 1.0, A12: 1.0, A13: 320.0, A14: 1.0. 
",bad,"[good, bad]",1,"The client has attributes: A1: 1.0, A2: 23.0, A3: 0.75, A4: 2.0, A5: 7.0, A6: 4.0, A7: 0.5, A8: 1.0, A9: 0.0, A10: 0.0, A11: 1.0, A12: 1.0, A13: 320.0, A14: 1.0."
317,"Assess the creditworthiness of a customer using the following table attributes for financial status. Respond with either 'good' or 'bad'. And all the table attribute names including 8 categorical attributes and 6 numerical attributes and values have been changed to meaningless symbols to protect confidentiality of the data. For instance, 'The client has attributes: A1: 0, A2: 21.67, A3: 11.5, A4: 1, A5: 5, A6: 3, A7: 0, A8: 1, A9: 1, A10: 11, A11: 1, A12: 2, A13: 0, A14: 1.', should be classified as 'good'. 
 Text: The client has attributes: A1: 0.0, A2: 64.08, A3: 0.165, A4: 2.0, A5: 1.0, A6: 1.0, A7: 0.0, A8: 1.0, A9: 1.0, A10: 1.0, A11: 0.0, A12: 2.0, A13: 232.0, A14: 101.0. 
",good,"[good, bad]",0,"The client has attributes: A1: 0.0, A2: 64.08, A3: 0.165, A4: 2.0, A5: 1.0, A6: 1.0, A7: 0.0, A8: 1.0, A9: 1.0, A10: 1.0, A11: 0.0, A12: 2.0, A13: 232.0, A14: 101.0."
318,"Assess the creditworthiness of a customer using the following table attributes for financial status. Respond with either 'good' or 'bad'. And all the table attribute names including 8 categorical attributes and 6 numerical attributes and values have been changed to meaningless symbols to protect confidentiality of the data. For instance, 'The client has attributes: A1: 0, A2: 21.67, A3: 11.5, A4: 1, A5: 5, A6: 3, A7: 0, A8: 1, A9: 1, A10: 11, A11: 1, A12: 2, A13: 0, A14: 1.', should be classified as 'good'. 
 Text: The client has attributes: A1: 1.0, A2: 22.17, A3: 0.585, A4: 1.0, A5: 1.0, A6: 1.0, A7: 0.0, A8: 0.0, A9: 0.0, A10: 0.0, A11: 0.0, A12: 2.0, A13: 100.0, A14: 1.0. 
",bad,"[good, bad]",1,"The client has attributes: A1: 1.0, A2: 22.17, A3: 0.585, A4: 1.0, A5: 1.0, A6: 1.0, A7: 0.0, A8: 0.0, A9: 0.0, A10: 0.0, A11: 0.0, A12: 2.0, A13: 100.0, A14: 1.0."
319,"Assess the creditworthiness of a customer using the following table attributes for financial status. Respond with either 'good' or 'bad'. And all the table attribute names including 8 categorical attributes and 6 numerical attributes and values have been changed to meaningless symbols to protect confidentiality of the data. For instance, 'The client has attributes: A1: 0, A2: 21.67, A3: 11.5, A4: 1, A5: 5, A6: 3, A7: 0, A8: 1, A9: 1, A10: 11, A11: 1, A12: 2, A13: 0, A14: 1.', should be classified as 'good'. 
 Text: The client has attributes: A1: 1.0, A2: 16.17, A3: 0.04, A4: 2.0, A5: 8.0, A6: 4.0, A7: 0.04, A8: 0.0, A9: 0.0, A10: 0.0, A11: 0.0, A12: 2.0, A13: 0.0, A14: 1.0. 
",good,"[good, bad]",0,"The client has attributes: A1: 1.0, A2: 16.17, A3: 0.04, A4: 2.0, A5: 8.0, A6: 4.0, A7: 0.04, A8: 0.0, A9: 0.0, A10: 0.0, A11: 0.0, A12: 2.0, A13: 0.0, A14: 1.0."
320,"Assess the creditworthiness of a customer using the following table attributes for financial status. Respond with either 'good' or 'bad'. And all the table attribute names including 8 categorical attributes and 6 numerical attributes and values have been changed to meaningless symbols to protect confidentiality of the data. For instance, 'The client has attributes: A1: 0, A2: 21.67, A3: 11.5, A4: 1, A5: 5, A6: 3, A7: 0, A8: 1, A9: 1, A10: 11, A11: 1, A12: 2, A13: 0, A14: 1.', should be classified as 'good'. 
 Text: The client has attributes: A1: 1.0, A2: 23.17, A3: 0.0, A4: 2.0, A5: 13.0, A6: 4.0, A7: 0.085, A8: 1.0, A9: 0.0, A10: 0.0, A11: 0.0, A12: 2.0, A13: 0.0, A14: 1.0. 
",good,"[good, bad]",0,"The client has attributes: A1: 1.0, A2: 23.17, A3: 0.0, A4: 2.0, A5: 13.0, A6: 4.0, A7: 0.085, A8: 1.0, A9: 0.0, A10: 0.0, A11: 0.0, A12: 2.0, A13: 0.0, A14: 1.0."
321,"Assess the creditworthiness of a customer using the following table attributes for financial status. Respond with either 'good' or 'bad'. And all the table attribute names including 8 categorical attributes and 6 numerical attributes and values have been changed to meaningless symbols to protect confidentiality of the data. For instance, 'The client has attributes: A1: 0, A2: 21.67, A3: 11.5, A4: 1, A5: 5, A6: 3, A7: 0, A8: 1, A9: 1, A10: 11, A11: 1, A12: 2, A13: 0, A14: 1.', should be classified as 'good'. 
 Text: The client has attributes: A1: 1.0, A2: 25.75, A3: 0.5, A4: 2.0, A5: 8.0, A6: 4.0, A7: 1.46, A8: 1.0, A9: 1.0, A10: 5.0, A11: 1.0, A12: 2.0, A13: 312.0, A14: 1.0. 
",good,"[good, bad]",0,"The client has attributes: A1: 1.0, A2: 25.75, A3: 0.5, A4: 2.0, A5: 8.0, A6: 4.0, A7: 1.46, A8: 1.0, A9: 1.0, A10: 5.0, A11: 1.0, A12: 2.0, A13: 312.0, A14: 1.0."
322,"Assess the creditworthiness of a customer using the following table attributes for financial status. Respond with either 'good' or 'bad'. And all the table attribute names including 8 categorical attributes and 6 numerical attributes and values have been changed to meaningless symbols to protect confidentiality of the data. For instance, 'The client has attributes: A1: 0, A2: 21.67, A3: 11.5, A4: 1, A5: 5, A6: 3, A7: 0, A8: 1, A9: 1, A10: 11, A11: 1, A12: 2, A13: 0, A14: 1.', should be classified as 'good'. 
 Text: The client has attributes: A1: 1.0, A2: 23.58, A3: 0.835, A4: 2.0, A5: 3.0, A6: 8.0, A7: 0.085, A8: 0.0, A9: 0.0, A10: 0.0, A11: 1.0, A12: 2.0, A13: 220.0, A14: 6.0. 
",bad,"[good, bad]",1,"The client has attributes: A1: 1.0, A2: 23.58, A3: 0.835, A4: 2.0, A5: 3.0, A6: 8.0, A7: 0.085, A8: 0.0, A9: 0.0, A10: 0.0, A11: 1.0, A12: 2.0, A13: 220.0, A14: 6.0."
323,"Assess the creditworthiness of a customer using the following table attributes for financial status. Respond with either 'good' or 'bad'. And all the table attribute names including 8 categorical attributes and 6 numerical attributes and values have been changed to meaningless symbols to protect confidentiality of the data. For instance, 'The client has attributes: A1: 0, A2: 21.67, A3: 11.5, A4: 1, A5: 5, A6: 3, A7: 0, A8: 1, A9: 1, A10: 11, A11: 1, A12: 2, A13: 0, A14: 1.', should be classified as 'good'. 
 Text: The client has attributes: A1: 1.0, A2: 19.0, A3: 0.0, A4: 1.0, A5: 1.0, A6: 1.0, A7: 0.0, A8: 0.0, A9: 1.0, A10: 4.0, A11: 0.0, A12: 2.0, A13: 45.0, A14: 2.0. 
",bad,"[good, bad]",1,"The client has attributes: A1: 1.0, A2: 19.0, A3: 0.0, A4: 1.0, A5: 1.0, A6: 1.0, A7: 0.0, A8: 0.0, A9: 1.0, A10: 4.0, A11: 0.0, A12: 2.0, A13: 45.0, A14: 2.0."
324,"Assess the creditworthiness of a customer using the following table attributes for financial status. Respond with either 'good' or 'bad'. And all the table attribute names including 8 categorical attributes and 6 numerical attributes and values have been changed to meaningless symbols to protect confidentiality of the data. For instance, 'The client has attributes: A1: 0, A2: 21.67, A3: 11.5, A4: 1, A5: 5, A6: 3, A7: 0, A8: 1, A9: 1, A10: 11, A11: 1, A12: 2, A13: 0, A14: 1.', should be classified as 'good'. 
 Text: The client has attributes: A1: 1.0, A2: 34.17, A3: 2.75, A4: 2.0, A5: 3.0, A6: 5.0, A7: 2.5, A8: 0.0, A9: 0.0, A10: 0.0, A11: 1.0, A12: 2.0, A13: 232.0, A14: 201.0. 
",bad,"[good, bad]",1,"The client has attributes: A1: 1.0, A2: 34.17, A3: 2.75, A4: 2.0, A5: 3.0, A6: 5.0, A7: 2.5, A8: 0.0, A9: 0.0, A10: 0.0, A11: 1.0, A12: 2.0, A13: 232.0, A14: 201.0."
325,"Assess the creditworthiness of a customer using the following table attributes for financial status. Respond with either 'good' or 'bad'. And all the table attribute names including 8 categorical attributes and 6 numerical attributes and values have been changed to meaningless symbols to protect confidentiality of the data. For instance, 'The client has attributes: A1: 0, A2: 21.67, A3: 11.5, A4: 1, A5: 5, A6: 3, A7: 0, A8: 1, A9: 1, A10: 11, A11: 1, A12: 2, A13: 0, A14: 1.', should be classified as 'good'. 
 Text: The client has attributes: A1: 1.0, A2: 38.58, A3: 3.335, A4: 2.0, A5: 9.0, A6: 4.0, A7: 4.0, A8: 1.0, A9: 1.0, A10: 14.0, A11: 0.0, A12: 2.0, A13: 383.0, A14: 1345.0. 
",good,"[good, bad]",0,"The client has attributes: A1: 1.0, A2: 38.58, A3: 3.335, A4: 2.0, A5: 9.0, A6: 4.0, A7: 4.0, A8: 1.0, A9: 1.0, A10: 14.0, A11: 0.0, A12: 2.0, A13: 383.0, A14: 1345.0."
326,"Assess the creditworthiness of a customer using the following table attributes for financial status. Respond with either 'good' or 'bad'. And all the table attribute names including 8 categorical attributes and 6 numerical attributes and values have been changed to meaningless symbols to protect confidentiality of the data. For instance, 'The client has attributes: A1: 0, A2: 21.67, A3: 11.5, A4: 1, A5: 5, A6: 3, A7: 0, A8: 1, A9: 1, A10: 11, A11: 1, A12: 2, A13: 0, A14: 1.', should be classified as 'good'. 
 Text: The client has attributes: A1: 1.0, A2: 26.75, A3: 4.5, A4: 1.0, A5: 8.0, A6: 5.0, A7: 2.5, A8: 0.0, A9: 0.0, A10: 0.0, A11: 0.0, A12: 2.0, A13: 200.0, A14: 1211.0. 
",bad,"[good, bad]",1,"The client has attributes: A1: 1.0, A2: 26.75, A3: 4.5, A4: 1.0, A5: 8.0, A6: 5.0, A7: 2.5, A8: 0.0, A9: 0.0, A10: 0.0, A11: 0.0, A12: 2.0, A13: 200.0, A14: 1211.0."
327,"Assess the creditworthiness of a customer using the following table attributes for financial status. Respond with either 'good' or 'bad'. And all the table attribute names including 8 categorical attributes and 6 numerical attributes and values have been changed to meaningless symbols to protect confidentiality of the data. For instance, 'The client has attributes: A1: 0, A2: 21.67, A3: 11.5, A4: 1, A5: 5, A6: 3, A7: 0, A8: 1, A9: 1, A10: 11, A11: 1, A12: 2, A13: 0, A14: 1.', should be classified as 'good'. 
 Text: The client has attributes: A1: 1.0, A2: 36.17, A3: 18.125, A4: 2.0, A5: 9.0, A6: 4.0, A7: 0.085, A8: 0.0, A9: 0.0, A10: 0.0, A11: 0.0, A12: 2.0, A13: 320.0, A14: 3553.0. 
",bad,"[good, bad]",1,"The client has attributes: A1: 1.0, A2: 36.17, A3: 18.125, A4: 2.0, A5: 9.0, A6: 4.0, A7: 0.085, A8: 0.0, A9: 0.0, A10: 0.0, A11: 0.0, A12: 2.0, A13: 320.0, A14: 3553.0."
328,"Assess the creditworthiness of a customer using the following table attributes for financial status. Respond with either 'good' or 'bad'. And all the table attribute names including 8 categorical attributes and 6 numerical attributes and values have been changed to meaningless symbols to protect confidentiality of the data. For instance, 'The client has attributes: A1: 0, A2: 21.67, A3: 11.5, A4: 1, A5: 5, A6: 3, A7: 0, A8: 1, A9: 1, A10: 11, A11: 1, A12: 2, A13: 0, A14: 1.', should be classified as 'good'. 
 Text: The client has attributes: A1: 0.0, A2: 60.92, A3: 5.0, A4: 2.0, A5: 6.0, A6: 4.0, A7: 4.0, A8: 1.0, A9: 1.0, A10: 4.0, A11: 0.0, A12: 2.0, A13: 0.0, A14: 100.0. 
",good,"[good, bad]",0,"The client has attributes: A1: 0.0, A2: 60.92, A3: 5.0, A4: 2.0, A5: 6.0, A6: 4.0, A7: 4.0, A8: 1.0, A9: 1.0, A10: 4.0, A11: 0.0, A12: 2.0, A13: 0.0, A14: 100.0."
329,"Assess the creditworthiness of a customer using the following table attributes for financial status. Respond with either 'good' or 'bad'. And all the table attribute names including 8 categorical attributes and 6 numerical attributes and values have been changed to meaningless symbols to protect confidentiality of the data. For instance, 'The client has attributes: A1: 0, A2: 21.67, A3: 11.5, A4: 1, A5: 5, A6: 3, A7: 0, A8: 1, A9: 1, A10: 11, A11: 1, A12: 2, A13: 0, A14: 1.', should be classified as 'good'. 
 Text: The client has attributes: A1: 1.0, A2: 18.83, A3: 0.415, A4: 1.0, A5: 8.0, A6: 4.0, A7: 0.165, A8: 0.0, A9: 1.0, A10: 1.0, A11: 0.0, A12: 2.0, A13: 200.0, A14: 2.0. 
",bad,"[good, bad]",1,"The client has attributes: A1: 1.0, A2: 18.83, A3: 0.415, A4: 1.0, A5: 8.0, A6: 4.0, A7: 0.165, A8: 0.0, A9: 1.0, A10: 1.0, A11: 0.0, A12: 2.0, A13: 200.0, A14: 2.0."
330,"Assess the creditworthiness of a customer using the following table attributes for financial status. Respond with either 'good' or 'bad'. And all the table attribute names including 8 categorical attributes and 6 numerical attributes and values have been changed to meaningless symbols to protect confidentiality of the data. For instance, 'The client has attributes: A1: 0, A2: 21.67, A3: 11.5, A4: 1, A5: 5, A6: 3, A7: 0, A8: 1, A9: 1, A10: 11, A11: 1, A12: 2, A13: 0, A14: 1.', should be classified as 'good'. 
 Text: The client has attributes: A1: 1.0, A2: 20.42, A3: 1.835, A4: 2.0, A5: 8.0, A6: 4.0, A7: 2.25, A8: 1.0, A9: 1.0, A10: 1.0, A11: 0.0, A12: 2.0, A13: 100.0, A14: 151.0. 
",good,"[good, bad]",0,"The client has attributes: A1: 1.0, A2: 20.42, A3: 1.835, A4: 2.0, A5: 8.0, A6: 4.0, A7: 2.25, A8: 1.0, A9: 1.0, A10: 1.0, A11: 0.0, A12: 2.0, A13: 100.0, A14: 151.0."
331,"Assess the creditworthiness of a customer using the following table attributes for financial status. Respond with either 'good' or 'bad'. And all the table attribute names including 8 categorical attributes and 6 numerical attributes and values have been changed to meaningless symbols to protect confidentiality of the data. For instance, 'The client has attributes: A1: 0, A2: 21.67, A3: 11.5, A4: 1, A5: 5, A6: 3, A7: 0, A8: 1, A9: 1, A10: 11, A11: 1, A12: 2, A13: 0, A14: 1.', should be classified as 'good'. 
 Text: The client has attributes: A1: 1.0, A2: 29.25, A3: 13.0, A4: 2.0, A5: 2.0, A6: 8.0, A7: 0.5, A8: 0.0, A9: 0.0, A10: 0.0, A11: 0.0, A12: 2.0, A13: 228.0, A14: 1.0. 
",bad,"[good, bad]",1,"The client has attributes: A1: 1.0, A2: 29.25, A3: 13.0, A4: 2.0, A5: 2.0, A6: 8.0, A7: 0.5, A8: 0.0, A9: 0.0, A10: 0.0, A11: 0.0, A12: 2.0, A13: 228.0, A14: 1.0."
332,"Assess the creditworthiness of a customer using the following table attributes for financial status. Respond with either 'good' or 'bad'. And all the table attribute names including 8 categorical attributes and 6 numerical attributes and values have been changed to meaningless symbols to protect confidentiality of the data. For instance, 'The client has attributes: A1: 0, A2: 21.67, A3: 11.5, A4: 1, A5: 5, A6: 3, A7: 0, A8: 1, A9: 1, A10: 11, A11: 1, A12: 2, A13: 0, A14: 1.', should be classified as 'good'. 
 Text: The client has attributes: A1: 1.0, A2: 34.0, A3: 5.5, A4: 1.0, A5: 8.0, A6: 4.0, A7: 1.5, A8: 0.0, A9: 0.0, A10: 0.0, A11: 1.0, A12: 2.0, A13: 60.0, A14: 1.0. 
",bad,"[good, bad]",1,"The client has attributes: A1: 1.0, A2: 34.0, A3: 5.5, A4: 1.0, A5: 8.0, A6: 4.0, A7: 1.5, A8: 0.0, A9: 0.0, A10: 0.0, A11: 1.0, A12: 2.0, A13: 60.0, A14: 1.0."
333,"Assess the creditworthiness of a customer using the following table attributes for financial status. Respond with either 'good' or 'bad'. And all the table attribute names including 8 categorical attributes and 6 numerical attributes and values have been changed to meaningless symbols to protect confidentiality of the data. For instance, 'The client has attributes: A1: 0, A2: 21.67, A3: 11.5, A4: 1, A5: 5, A6: 3, A7: 0, A8: 1, A9: 1, A10: 11, A11: 1, A12: 2, A13: 0, A14: 1.', should be classified as 'good'. 
 Text: The client has attributes: A1: 0.0, A2: 28.58, A3: 3.75, A4: 2.0, A5: 8.0, A6: 4.0, A7: 0.25, A8: 0.0, A9: 1.0, A10: 1.0, A11: 1.0, A12: 2.0, A13: 40.0, A14: 155.0. 
",bad,"[good, bad]",1,"The client has attributes: A1: 0.0, A2: 28.58, A3: 3.75, A4: 2.0, A5: 8.0, A6: 4.0, A7: 0.25, A8: 0.0, A9: 1.0, A10: 1.0, A11: 1.0, A12: 2.0, A13: 40.0, A14: 155.0."
334,"Assess the creditworthiness of a customer using the following table attributes for financial status. Respond with either 'good' or 'bad'. And all the table attribute names including 8 categorical attributes and 6 numerical attributes and values have been changed to meaningless symbols to protect confidentiality of the data. For instance, 'The client has attributes: A1: 0, A2: 21.67, A3: 11.5, A4: 1, A5: 5, A6: 3, A7: 0, A8: 1, A9: 1, A10: 11, A11: 1, A12: 2, A13: 0, A14: 1.', should be classified as 'good'. 
 Text: The client has attributes: A1: 0.0, A2: 24.5, A3: 0.5, A4: 2.0, A5: 11.0, A6: 8.0, A7: 1.5, A8: 1.0, A9: 0.0, A10: 0.0, A11: 0.0, A12: 2.0, A13: 280.0, A14: 825.0. 
",good,"[good, bad]",0,"The client has attributes: A1: 0.0, A2: 24.5, A3: 0.5, A4: 2.0, A5: 11.0, A6: 8.0, A7: 1.5, A8: 1.0, A9: 0.0, A10: 0.0, A11: 0.0, A12: 2.0, A13: 280.0, A14: 825.0."
335,"Assess the creditworthiness of a customer using the following table attributes for financial status. Respond with either 'good' or 'bad'. And all the table attribute names including 8 categorical attributes and 6 numerical attributes and values have been changed to meaningless symbols to protect confidentiality of the data. For instance, 'The client has attributes: A1: 0, A2: 21.67, A3: 11.5, A4: 1, A5: 5, A6: 3, A7: 0, A8: 1, A9: 1, A10: 11, A11: 1, A12: 2, A13: 0, A14: 1.', should be classified as 'good'. 
 Text: The client has attributes: A1: 0.0, A2: 21.75, A3: 1.75, A4: 1.0, A5: 5.0, A6: 3.0, A7: 0.0, A8: 0.0, A9: 0.0, A10: 0.0, A11: 0.0, A12: 2.0, A13: 160.0, A14: 1.0. 
",bad,"[good, bad]",1,"The client has attributes: A1: 0.0, A2: 21.75, A3: 1.75, A4: 1.0, A5: 5.0, A6: 3.0, A7: 0.0, A8: 0.0, A9: 0.0, A10: 0.0, A11: 0.0, A12: 2.0, A13: 160.0, A14: 1.0."
336,"Assess the creditworthiness of a customer using the following table attributes for financial status. Respond with either 'good' or 'bad'. And all the table attribute names including 8 categorical attributes and 6 numerical attributes and values have been changed to meaningless symbols to protect confidentiality of the data. For instance, 'The client has attributes: A1: 0, A2: 21.67, A3: 11.5, A4: 1, A5: 5, A6: 3, A7: 0, A8: 1, A9: 1, A10: 11, A11: 1, A12: 2, A13: 0, A14: 1.', should be classified as 'good'. 
 Text: The client has attributes: A1: 1.0, A2: 16.5, A3: 0.125, A4: 2.0, A5: 8.0, A6: 4.0, A7: 0.165, A8: 0.0, A9: 0.0, A10: 0.0, A11: 0.0, A12: 2.0, A13: 132.0, A14: 1.0. 
",bad,"[good, bad]",1,"The client has attributes: A1: 1.0, A2: 16.5, A3: 0.125, A4: 2.0, A5: 8.0, A6: 4.0, A7: 0.165, A8: 0.0, A9: 0.0, A10: 0.0, A11: 0.0, A12: 2.0, A13: 132.0, A14: 1.0."
337,"Assess the creditworthiness of a customer using the following table attributes for financial status. Respond with either 'good' or 'bad'. And all the table attribute names including 8 categorical attributes and 6 numerical attributes and values have been changed to meaningless symbols to protect confidentiality of the data. For instance, 'The client has attributes: A1: 0, A2: 21.67, A3: 11.5, A4: 1, A5: 5, A6: 3, A7: 0, A8: 1, A9: 1, A10: 11, A11: 1, A12: 2, A13: 0, A14: 1.', should be classified as 'good'. 
 Text: The client has attributes: A1: 0.0, A2: 58.33, A3: 10.0, A4: 2.0, A5: 11.0, A6: 4.0, A7: 4.0, A8: 1.0, A9: 1.0, A10: 14.0, A11: 0.0, A12: 2.0, A13: 0.0, A14: 1603.0. 
",good,"[good, bad]",0,"The client has attributes: A1: 0.0, A2: 58.33, A3: 10.0, A4: 2.0, A5: 11.0, A6: 4.0, A7: 4.0, A8: 1.0, A9: 1.0, A10: 14.0, A11: 0.0, A12: 2.0, A13: 0.0, A14: 1603.0."
338,"Assess the creditworthiness of a customer using the following table attributes for financial status. Respond with either 'good' or 'bad'. And all the table attribute names including 8 categorical attributes and 6 numerical attributes and values have been changed to meaningless symbols to protect confidentiality of the data. For instance, 'The client has attributes: A1: 0, A2: 21.67, A3: 11.5, A4: 1, A5: 5, A6: 3, A7: 0, A8: 1, A9: 1, A10: 11, A11: 1, A12: 2, A13: 0, A14: 1.', should be classified as 'good'. 
 Text: The client has attributes: A1: 1.0, A2: 23.92, A3: 0.665, A4: 2.0, A5: 8.0, A6: 4.0, A7: 0.165, A8: 0.0, A9: 0.0, A10: 0.0, A11: 0.0, A12: 2.0, A13: 100.0, A14: 1.0. 
",good,"[good, bad]",0,"The client has attributes: A1: 1.0, A2: 23.92, A3: 0.665, A4: 2.0, A5: 8.0, A6: 4.0, A7: 0.165, A8: 0.0, A9: 0.0, A10: 0.0, A11: 0.0, A12: 2.0, A13: 100.0, A14: 1.0."
339,"Assess the creditworthiness of a customer using the following table attributes for financial status. Respond with either 'good' or 'bad'. And all the table attribute names including 8 categorical attributes and 6 numerical attributes and values have been changed to meaningless symbols to protect confidentiality of the data. For instance, 'The client has attributes: A1: 0, A2: 21.67, A3: 11.5, A4: 1, A5: 5, A6: 3, A7: 0, A8: 1, A9: 1, A10: 11, A11: 1, A12: 2, A13: 0, A14: 1.', should be classified as 'good'. 
 Text: The client has attributes: A1: 1.0, A2: 22.5, A3: 0.125, A4: 1.0, A5: 4.0, A6: 4.0, A7: 0.125, A8: 0.0, A9: 0.0, A10: 0.0, A11: 0.0, A12: 2.0, A13: 200.0, A14: 71.0. 
",bad,"[good, bad]",1,"The client has attributes: A1: 1.0, A2: 22.5, A3: 0.125, A4: 1.0, A5: 4.0, A6: 4.0, A7: 0.125, A8: 0.0, A9: 0.0, A10: 0.0, A11: 0.0, A12: 2.0, A13: 200.0, A14: 71.0."
340,"Assess the creditworthiness of a customer using the following table attributes for financial status. Respond with either 'good' or 'bad'. And all the table attribute names including 8 categorical attributes and 6 numerical attributes and values have been changed to meaningless symbols to protect confidentiality of the data. For instance, 'The client has attributes: A1: 0, A2: 21.67, A3: 11.5, A4: 1, A5: 5, A6: 3, A7: 0, A8: 1, A9: 1, A10: 11, A11: 1, A12: 2, A13: 0, A14: 1.', should be classified as 'good'. 
 Text: The client has attributes: A1: 1.0, A2: 19.58, A3: 0.585, A4: 2.0, A5: 1.0, A6: 1.0, A7: 0.0, A8: 0.0, A9: 1.0, A10: 3.0, A11: 0.0, A12: 2.0, A13: 350.0, A14: 770.0. 
",bad,"[good, bad]",1,"The client has attributes: A1: 1.0, A2: 19.58, A3: 0.585, A4: 2.0, A5: 1.0, A6: 1.0, A7: 0.0, A8: 0.0, A9: 1.0, A10: 3.0, A11: 0.0, A12: 2.0, A13: 350.0, A14: 770.0."
341,"Assess the creditworthiness of a customer using the following table attributes for financial status. Respond with either 'good' or 'bad'. And all the table attribute names including 8 categorical attributes and 6 numerical attributes and values have been changed to meaningless symbols to protect confidentiality of the data. For instance, 'The client has attributes: A1: 0, A2: 21.67, A3: 11.5, A4: 1, A5: 5, A6: 3, A7: 0, A8: 1, A9: 1, A10: 11, A11: 1, A12: 2, A13: 0, A14: 1.', should be classified as 'good'. 
 Text: The client has attributes: A1: 0.0, A2: 22.67, A3: 0.79, A4: 2.0, A5: 3.0, A6: 4.0, A7: 0.085, A8: 0.0, A9: 0.0, A10: 0.0, A11: 0.0, A12: 2.0, A13: 144.0, A14: 1.0. 
",bad,"[good, bad]",1,"The client has attributes: A1: 0.0, A2: 22.67, A3: 0.79, A4: 2.0, A5: 3.0, A6: 4.0, A7: 0.085, A8: 0.0, A9: 0.0, A10: 0.0, A11: 0.0, A12: 2.0, A13: 144.0, A14: 1.0."
342,"Assess the creditworthiness of a customer using the following table attributes for financial status. Respond with either 'good' or 'bad'. And all the table attribute names including 8 categorical attributes and 6 numerical attributes and values have been changed to meaningless symbols to protect confidentiality of the data. For instance, 'The client has attributes: A1: 0, A2: 21.67, A3: 11.5, A4: 1, A5: 5, A6: 3, A7: 0, A8: 1, A9: 1, A10: 11, A11: 1, A12: 2, A13: 0, A14: 1.', should be classified as 'good'. 
 Text: The client has attributes: A1: 1.0, A2: 19.17, A3: 9.5, A4: 2.0, A5: 9.0, A6: 4.0, A7: 1.5, A8: 1.0, A9: 0.0, A10: 0.0, A11: 0.0, A12: 2.0, A13: 120.0, A14: 2207.0. 
",good,"[good, bad]",0,"The client has attributes: A1: 1.0, A2: 19.17, A3: 9.5, A4: 2.0, A5: 9.0, A6: 4.0, A7: 1.5, A8: 1.0, A9: 0.0, A10: 0.0, A11: 0.0, A12: 2.0, A13: 120.0, A14: 2207.0."
343,"Assess the creditworthiness of a customer using the following table attributes for financial status. Respond with either 'good' or 'bad'. And all the table attribute names including 8 categorical attributes and 6 numerical attributes and values have been changed to meaningless symbols to protect confidentiality of the data. For instance, 'The client has attributes: A1: 0, A2: 21.67, A3: 11.5, A4: 1, A5: 5, A6: 3, A7: 0, A8: 1, A9: 1, A10: 11, A11: 1, A12: 2, A13: 0, A14: 1.', should be classified as 'good'. 
 Text: The client has attributes: A1: 0.0, A2: 19.17, A3: 8.585, A4: 2.0, A5: 13.0, A6: 8.0, A7: 0.75, A8: 1.0, A9: 1.0, A10: 7.0, A11: 0.0, A12: 2.0, A13: 96.0, A14: 1.0. 
",good,"[good, bad]",0,"The client has attributes: A1: 0.0, A2: 19.17, A3: 8.585, A4: 2.0, A5: 13.0, A6: 8.0, A7: 0.75, A8: 1.0, A9: 1.0, A10: 7.0, A11: 0.0, A12: 2.0, A13: 96.0, A14: 1.0."
344,"Assess the creditworthiness of a customer using the following table attributes for financial status. Respond with either 'good' or 'bad'. And all the table attribute names including 8 categorical attributes and 6 numerical attributes and values have been changed to meaningless symbols to protect confidentiality of the data. For instance, 'The client has attributes: A1: 0, A2: 21.67, A3: 11.5, A4: 1, A5: 5, A6: 3, A7: 0, A8: 1, A9: 1, A10: 11, A11: 1, A12: 2, A13: 0, A14: 1.', should be classified as 'good'. 
 Text: The client has attributes: A1: 0.0, A2: 37.33, A3: 2.5, A4: 2.0, A5: 3.0, A6: 8.0, A7: 0.21, A8: 0.0, A9: 0.0, A10: 0.0, A11: 0.0, A12: 2.0, A13: 260.0, A14: 247.0. 
",bad,"[good, bad]",1,"The client has attributes: A1: 0.0, A2: 37.33, A3: 2.5, A4: 2.0, A5: 3.0, A6: 8.0, A7: 0.21, A8: 0.0, A9: 0.0, A10: 0.0, A11: 0.0, A12: 2.0, A13: 260.0, A14: 247.0."
345,"Assess the creditworthiness of a customer using the following table attributes for financial status. Respond with either 'good' or 'bad'. And all the table attribute names including 8 categorical attributes and 6 numerical attributes and values have been changed to meaningless symbols to protect confidentiality of the data. For instance, 'The client has attributes: A1: 0, A2: 21.67, A3: 11.5, A4: 1, A5: 5, A6: 3, A7: 0, A8: 1, A9: 1, A10: 11, A11: 1, A12: 2, A13: 0, A14: 1.', should be classified as 'good'. 
 Text: The client has attributes: A1: 0.0, A2: 26.17, A3: 2.0, A4: 2.0, A5: 5.0, A6: 3.0, A7: 0.0, A8: 0.0, A9: 0.0, A10: 0.0, A11: 1.0, A12: 2.0, A13: 276.0, A14: 2.0. 
",bad,"[good, bad]",1,"The client has attributes: A1: 0.0, A2: 26.17, A3: 2.0, A4: 2.0, A5: 5.0, A6: 3.0, A7: 0.0, A8: 0.0, A9: 0.0, A10: 0.0, A11: 1.0, A12: 2.0, A13: 276.0, A14: 2.0."
346,"Assess the creditworthiness of a customer using the following table attributes for financial status. Respond with either 'good' or 'bad'. And all the table attribute names including 8 categorical attributes and 6 numerical attributes and values have been changed to meaningless symbols to protect confidentiality of the data. For instance, 'The client has attributes: A1: 0, A2: 21.67, A3: 11.5, A4: 1, A5: 5, A6: 3, A7: 0, A8: 1, A9: 1, A10: 11, A11: 1, A12: 2, A13: 0, A14: 1.', should be classified as 'good'. 
 Text: The client has attributes: A1: 1.0, A2: 23.33, A3: 1.5, A4: 2.0, A5: 8.0, A6: 8.0, A7: 1.415, A8: 1.0, A9: 0.0, A10: 0.0, A11: 0.0, A12: 2.0, A13: 422.0, A14: 201.0. 
",good,"[good, bad]",0,"The client has attributes: A1: 1.0, A2: 23.33, A3: 1.5, A4: 2.0, A5: 8.0, A6: 8.0, A7: 1.415, A8: 1.0, A9: 0.0, A10: 0.0, A11: 0.0, A12: 2.0, A13: 422.0, A14: 201.0."
347,"Assess the creditworthiness of a customer using the following table attributes for financial status. Respond with either 'good' or 'bad'. And all the table attribute names including 8 categorical attributes and 6 numerical attributes and values have been changed to meaningless symbols to protect confidentiality of the data. For instance, 'The client has attributes: A1: 0, A2: 21.67, A3: 11.5, A4: 1, A5: 5, A6: 3, A7: 0, A8: 1, A9: 1, A10: 11, A11: 1, A12: 2, A13: 0, A14: 1.', should be classified as 'good'. 
 Text: The client has attributes: A1: 1.0, A2: 39.92, A3: 5.0, A4: 2.0, A5: 3.0, A6: 5.0, A7: 0.21, A8: 0.0, A9: 0.0, A10: 0.0, A11: 0.0, A12: 2.0, A13: 550.0, A14: 1.0. 
",bad,"[good, bad]",1,"The client has attributes: A1: 1.0, A2: 39.92, A3: 5.0, A4: 2.0, A5: 3.0, A6: 5.0, A7: 0.21, A8: 0.0, A9: 0.0, A10: 0.0, A11: 0.0, A12: 2.0, A13: 550.0, A14: 1.0."
348,"Assess the creditworthiness of a customer using the following table attributes for financial status. Respond with either 'good' or 'bad'. And all the table attribute names including 8 categorical attributes and 6 numerical attributes and values have been changed to meaningless symbols to protect confidentiality of the data. For instance, 'The client has attributes: A1: 0, A2: 21.67, A3: 11.5, A4: 1, A5: 5, A6: 3, A7: 0, A8: 1, A9: 1, A10: 11, A11: 1, A12: 2, A13: 0, A14: 1.', should be classified as 'good'. 
 Text: The client has attributes: A1: 1.0, A2: 32.25, A3: 0.165, A4: 1.0, A5: 8.0, A6: 8.0, A7: 3.25, A8: 1.0, A9: 1.0, A10: 1.0, A11: 1.0, A12: 2.0, A13: 432.0, A14: 8001.0. 
",good,"[good, bad]",0,"The client has attributes: A1: 1.0, A2: 32.25, A3: 0.165, A4: 1.0, A5: 8.0, A6: 8.0, A7: 3.25, A8: 1.0, A9: 1.0, A10: 1.0, A11: 1.0, A12: 2.0, A13: 432.0, A14: 8001.0."
349,"Assess the creditworthiness of a customer using the following table attributes for financial status. Respond with either 'good' or 'bad'. And all the table attribute names including 8 categorical attributes and 6 numerical attributes and values have been changed to meaningless symbols to protect confidentiality of the data. For instance, 'The client has attributes: A1: 0, A2: 21.67, A3: 11.5, A4: 1, A5: 5, A6: 3, A7: 0, A8: 1, A9: 1, A10: 11, A11: 1, A12: 2, A13: 0, A14: 1.', should be classified as 'good'. 
 Text: The client has attributes: A1: 0.0, A2: 16.08, A3: 0.335, A4: 2.0, A5: 1.0, A6: 1.0, A7: 0.0, A8: 0.0, A9: 1.0, A10: 1.0, A11: 0.0, A12: 2.0, A13: 160.0, A14: 127.0. 
",bad,"[good, bad]",1,"The client has attributes: A1: 0.0, A2: 16.08, A3: 0.335, A4: 2.0, A5: 1.0, A6: 1.0, A7: 0.0, A8: 0.0, A9: 1.0, A10: 1.0, A11: 0.0, A12: 2.0, A13: 160.0, A14: 127.0."
350,"Assess the creditworthiness of a customer using the following table attributes for financial status. Respond with either 'good' or 'bad'. And all the table attribute names including 8 categorical attributes and 6 numerical attributes and values have been changed to meaningless symbols to protect confidentiality of the data. For instance, 'The client has attributes: A1: 0, A2: 21.67, A3: 11.5, A4: 1, A5: 5, A6: 3, A7: 0, A8: 1, A9: 1, A10: 11, A11: 1, A12: 2, A13: 0, A14: 1.', should be classified as 'good'. 
 Text: The client has attributes: A1: 1.0, A2: 41.75, A3: 0.96, A4: 2.0, A5: 14.0, A6: 4.0, A7: 2.5, A8: 1.0, A9: 0.0, A10: 0.0, A11: 0.0, A12: 2.0, A13: 510.0, A14: 601.0. 
",good,"[good, bad]",0,"The client has attributes: A1: 1.0, A2: 41.75, A3: 0.96, A4: 2.0, A5: 14.0, A6: 4.0, A7: 2.5, A8: 1.0, A9: 0.0, A10: 0.0, A11: 0.0, A12: 2.0, A13: 510.0, A14: 601.0."
351,"Assess the creditworthiness of a customer using the following table attributes for financial status. Respond with either 'good' or 'bad'. And all the table attribute names including 8 categorical attributes and 6 numerical attributes and values have been changed to meaningless symbols to protect confidentiality of the data. For instance, 'The client has attributes: A1: 0, A2: 21.67, A3: 11.5, A4: 1, A5: 5, A6: 3, A7: 0, A8: 1, A9: 1, A10: 11, A11: 1, A12: 2, A13: 0, A14: 1.', should be classified as 'good'. 
 Text: The client has attributes: A1: 1.0, A2: 16.33, A3: 2.75, A4: 2.0, A5: 6.0, A6: 4.0, A7: 0.665, A8: 0.0, A9: 1.0, A10: 1.0, A11: 0.0, A12: 2.0, A13: 80.0, A14: 22.0. 
",bad,"[good, bad]",1,"The client has attributes: A1: 1.0, A2: 16.33, A3: 2.75, A4: 2.0, A5: 6.0, A6: 4.0, A7: 0.665, A8: 0.0, A9: 1.0, A10: 1.0, A11: 0.0, A12: 2.0, A13: 80.0, A14: 22.0."
352,"Assess the creditworthiness of a customer using the following table attributes for financial status. Respond with either 'good' or 'bad'. And all the table attribute names including 8 categorical attributes and 6 numerical attributes and values have been changed to meaningless symbols to protect confidentiality of the data. For instance, 'The client has attributes: A1: 0, A2: 21.67, A3: 11.5, A4: 1, A5: 5, A6: 3, A7: 0, A8: 1, A9: 1, A10: 11, A11: 1, A12: 2, A13: 0, A14: 1.', should be classified as 'good'. 
 Text: The client has attributes: A1: 1.0, A2: 27.83, A3: 1.0, A4: 1.0, A5: 2.0, A6: 8.0, A7: 3.0, A8: 0.0, A9: 0.0, A10: 0.0, A11: 0.0, A12: 2.0, A13: 176.0, A14: 538.0. 
",bad,"[good, bad]",1,"The client has attributes: A1: 1.0, A2: 27.83, A3: 1.0, A4: 1.0, A5: 2.0, A6: 8.0, A7: 3.0, A8: 0.0, A9: 0.0, A10: 0.0, A11: 0.0, A12: 2.0, A13: 176.0, A14: 538.0."
353,"Assess the creditworthiness of a customer using the following table attributes for financial status. Respond with either 'good' or 'bad'. And all the table attribute names including 8 categorical attributes and 6 numerical attributes and values have been changed to meaningless symbols to protect confidentiality of the data. For instance, 'The client has attributes: A1: 0, A2: 21.67, A3: 11.5, A4: 1, A5: 5, A6: 3, A7: 0, A8: 1, A9: 1, A10: 11, A11: 1, A12: 2, A13: 0, A14: 1.', should be classified as 'good'. 
 Text: The client has attributes: A1: 1.0, A2: 37.75, A3: 7.0, A4: 2.0, A5: 11.0, A6: 8.0, A7: 11.5, A8: 1.0, A9: 1.0, A10: 7.0, A11: 1.0, A12: 2.0, A13: 300.0, A14: 6.0. 
",bad,"[good, bad]",1,"The client has attributes: A1: 1.0, A2: 37.75, A3: 7.0, A4: 2.0, A5: 11.0, A6: 8.0, A7: 11.5, A8: 1.0, A9: 1.0, A10: 7.0, A11: 1.0, A12: 2.0, A13: 300.0, A14: 6.0."
354,"Assess the creditworthiness of a customer using the following table attributes for financial status. Respond with either 'good' or 'bad'. And all the table attribute names including 8 categorical attributes and 6 numerical attributes and values have been changed to meaningless symbols to protect confidentiality of the data. For instance, 'The client has attributes: A1: 0, A2: 21.67, A3: 11.5, A4: 1, A5: 5, A6: 3, A7: 0, A8: 1, A9: 1, A10: 11, A11: 1, A12: 2, A13: 0, A14: 1.', should be classified as 'good'. 
 Text: The client has attributes: A1: 1.0, A2: 31.57, A3: 0.375, A4: 2.0, A5: 2.0, A6: 4.0, A7: 0.875, A8: 1.0, A9: 0.0, A10: 0.0, A11: 1.0, A12: 1.0, A13: 928.0, A14: 1.0. 
",bad,"[good, bad]",1,"The client has attributes: A1: 1.0, A2: 31.57, A3: 0.375, A4: 2.0, A5: 2.0, A6: 4.0, A7: 0.875, A8: 1.0, A9: 0.0, A10: 0.0, A11: 1.0, A12: 1.0, A13: 928.0, A14: 1.0."
355,"Assess the creditworthiness of a customer using the following table attributes for financial status. Respond with either 'good' or 'bad'. And all the table attribute names including 8 categorical attributes and 6 numerical attributes and values have been changed to meaningless symbols to protect confidentiality of the data. For instance, 'The client has attributes: A1: 0, A2: 21.67, A3: 11.5, A4: 1, A5: 5, A6: 3, A7: 0, A8: 1, A9: 1, A10: 11, A11: 1, A12: 2, A13: 0, A14: 1.', should be classified as 'good'. 
 Text: The client has attributes: A1: 0.0, A2: 19.67, A3: 0.21, A4: 2.0, A5: 11.0, A6: 8.0, A7: 0.29, A8: 1.0, A9: 1.0, A10: 11.0, A11: 0.0, A12: 2.0, A13: 80.0, A14: 100.0. 
",good,"[good, bad]",0,"The client has attributes: A1: 0.0, A2: 19.67, A3: 0.21, A4: 2.0, A5: 11.0, A6: 8.0, A7: 0.29, A8: 1.0, A9: 1.0, A10: 11.0, A11: 0.0, A12: 2.0, A13: 80.0, A14: 100.0."
356,"Assess the creditworthiness of a customer using the following table attributes for financial status. Respond with either 'good' or 'bad'. And all the table attribute names including 8 categorical attributes and 6 numerical attributes and values have been changed to meaningless symbols to protect confidentiality of the data. For instance, 'The client has attributes: A1: 0, A2: 21.67, A3: 11.5, A4: 1, A5: 5, A6: 3, A7: 0, A8: 1, A9: 1, A10: 11, A11: 1, A12: 2, A13: 0, A14: 1.', should be classified as 'good'. 
 Text: The client has attributes: A1: 1.0, A2: 21.33, A3: 7.5, A4: 2.0, A5: 6.0, A6: 4.0, A7: 1.415, A8: 1.0, A9: 1.0, A10: 1.0, A11: 0.0, A12: 2.0, A13: 80.0, A14: 9801.0. 
",good,"[good, bad]",0,"The client has attributes: A1: 1.0, A2: 21.33, A3: 7.5, A4: 2.0, A5: 6.0, A6: 4.0, A7: 1.415, A8: 1.0, A9: 1.0, A10: 1.0, A11: 0.0, A12: 2.0, A13: 80.0, A14: 9801.0."
357,"Assess the creditworthiness of a customer using the following table attributes for financial status. Respond with either 'good' or 'bad'. And all the table attribute names including 8 categorical attributes and 6 numerical attributes and values have been changed to meaningless symbols to protect confidentiality of the data. For instance, 'The client has attributes: A1: 0, A2: 21.67, A3: 11.5, A4: 1, A5: 5, A6: 3, A7: 0, A8: 1, A9: 1, A10: 11, A11: 1, A12: 2, A13: 0, A14: 1.', should be classified as 'good'. 
 Text: The client has attributes: A1: 1.0, A2: 54.33, A3: 6.75, A4: 2.0, A5: 8.0, A6: 8.0, A7: 2.625, A8: 1.0, A9: 1.0, A10: 11.0, A11: 1.0, A12: 2.0, A13: 0.0, A14: 285.0. 
",good,"[good, bad]",0,"The client has attributes: A1: 1.0, A2: 54.33, A3: 6.75, A4: 2.0, A5: 8.0, A6: 8.0, A7: 2.625, A8: 1.0, A9: 1.0, A10: 11.0, A11: 1.0, A12: 2.0, A13: 0.0, A14: 285.0."
358,"Assess the creditworthiness of a customer using the following table attributes for financial status. Respond with either 'good' or 'bad'. And all the table attribute names including 8 categorical attributes and 6 numerical attributes and values have been changed to meaningless symbols to protect confidentiality of the data. For instance, 'The client has attributes: A1: 0, A2: 21.67, A3: 11.5, A4: 1, A5: 5, A6: 3, A7: 0, A8: 1, A9: 1, A10: 11, A11: 1, A12: 2, A13: 0, A14: 1.', should be classified as 'good'. 
 Text: The client has attributes: A1: 1.0, A2: 44.83, A3: 7.0, A4: 1.0, A5: 8.0, A6: 4.0, A7: 1.625, A8: 0.0, A9: 0.0, A10: 0.0, A11: 0.0, A12: 2.0, A13: 160.0, A14: 3.0. 
",bad,"[good, bad]",1,"The client has attributes: A1: 1.0, A2: 44.83, A3: 7.0, A4: 1.0, A5: 8.0, A6: 4.0, A7: 1.625, A8: 0.0, A9: 0.0, A10: 0.0, A11: 0.0, A12: 2.0, A13: 160.0, A14: 3.0."
359,"Assess the creditworthiness of a customer using the following table attributes for financial status. Respond with either 'good' or 'bad'. And all the table attribute names including 8 categorical attributes and 6 numerical attributes and values have been changed to meaningless symbols to protect confidentiality of the data. For instance, 'The client has attributes: A1: 0, A2: 21.67, A3: 11.5, A4: 1, A5: 5, A6: 3, A7: 0, A8: 1, A9: 1, A10: 11, A11: 1, A12: 2, A13: 0, A14: 1.', should be classified as 'good'. 
 Text: The client has attributes: A1: 0.0, A2: 45.33, A3: 1.0, A4: 2.0, A5: 11.0, A6: 4.0, A7: 0.125, A8: 0.0, A9: 0.0, A10: 0.0, A11: 1.0, A12: 2.0, A13: 263.0, A14: 1.0. 
",bad,"[good, bad]",1,"The client has attributes: A1: 0.0, A2: 45.33, A3: 1.0, A4: 2.0, A5: 11.0, A6: 4.0, A7: 0.125, A8: 0.0, A9: 0.0, A10: 0.0, A11: 1.0, A12: 2.0, A13: 263.0, A14: 1.0."
360,"Assess the creditworthiness of a customer using the following table attributes for financial status. Respond with either 'good' or 'bad'. And all the table attribute names including 8 categorical attributes and 6 numerical attributes and values have been changed to meaningless symbols to protect confidentiality of the data. For instance, 'The client has attributes: A1: 0, A2: 21.67, A3: 11.5, A4: 1, A5: 5, A6: 3, A7: 0, A8: 1, A9: 1, A10: 11, A11: 1, A12: 2, A13: 0, A14: 1.', should be classified as 'good'. 
 Text: The client has attributes: A1: 1.0, A2: 31.57, A3: 4.0, A4: 1.0, A5: 3.0, A6: 4.0, A7: 0.085, A8: 0.0, A9: 0.0, A10: 0.0, A11: 1.0, A12: 2.0, A13: 411.0, A14: 1.0. 
",bad,"[good, bad]",1,"The client has attributes: A1: 1.0, A2: 31.57, A3: 4.0, A4: 1.0, A5: 3.0, A6: 4.0, A7: 0.085, A8: 0.0, A9: 0.0, A10: 0.0, A11: 1.0, A12: 2.0, A13: 411.0, A14: 1.0."
361,"Assess the creditworthiness of a customer using the following table attributes for financial status. Respond with either 'good' or 'bad'. And all the table attribute names including 8 categorical attributes and 6 numerical attributes and values have been changed to meaningless symbols to protect confidentiality of the data. For instance, 'The client has attributes: A1: 0, A2: 21.67, A3: 11.5, A4: 1, A5: 5, A6: 3, A7: 0, A8: 1, A9: 1, A10: 11, A11: 1, A12: 2, A13: 0, A14: 1.', should be classified as 'good'. 
 Text: The client has attributes: A1: 1.0, A2: 67.75, A3: 5.5, A4: 2.0, A5: 10.0, A6: 9.0, A7: 13.0, A8: 1.0, A9: 1.0, A10: 1.0, A11: 1.0, A12: 2.0, A13: 0.0, A14: 1.0. 
",good,"[good, bad]",0,"The client has attributes: A1: 1.0, A2: 67.75, A3: 5.5, A4: 2.0, A5: 10.0, A6: 9.0, A7: 13.0, A8: 1.0, A9: 1.0, A10: 1.0, A11: 1.0, A12: 2.0, A13: 0.0, A14: 1.0."
362,"Assess the creditworthiness of a customer using the following table attributes for financial status. Respond with either 'good' or 'bad'. And all the table attribute names including 8 categorical attributes and 6 numerical attributes and values have been changed to meaningless symbols to protect confidentiality of the data. For instance, 'The client has attributes: A1: 0, A2: 21.67, A3: 11.5, A4: 1, A5: 5, A6: 3, A7: 0, A8: 1, A9: 1, A10: 11, A11: 1, A12: 2, A13: 0, A14: 1.', should be classified as 'good'. 
 Text: The client has attributes: A1: 1.0, A2: 22.08, A3: 11.0, A4: 2.0, A5: 13.0, A6: 4.0, A7: 0.665, A8: 1.0, A9: 0.0, A10: 0.0, A11: 0.0, A12: 2.0, A13: 100.0, A14: 1.0. 
",good,"[good, bad]",0,"The client has attributes: A1: 1.0, A2: 22.08, A3: 11.0, A4: 2.0, A5: 13.0, A6: 4.0, A7: 0.665, A8: 1.0, A9: 0.0, A10: 0.0, A11: 0.0, A12: 2.0, A13: 100.0, A14: 1.0."
363,"Assess the creditworthiness of a customer using the following table attributes for financial status. Respond with either 'good' or 'bad'. And all the table attribute names including 8 categorical attributes and 6 numerical attributes and values have been changed to meaningless symbols to protect confidentiality of the data. For instance, 'The client has attributes: A1: 0, A2: 21.67, A3: 11.5, A4: 1, A5: 5, A6: 3, A7: 0, A8: 1, A9: 1, A10: 11, A11: 1, A12: 2, A13: 0, A14: 1.', should be classified as 'good'. 
 Text: The client has attributes: A1: 1.0, A2: 35.17, A3: 2.5, A4: 2.0, A5: 4.0, A6: 4.0, A7: 4.5, A8: 1.0, A9: 1.0, A10: 7.0, A11: 0.0, A12: 2.0, A13: 150.0, A14: 1271.0. 
",good,"[good, bad]",0,"The client has attributes: A1: 1.0, A2: 35.17, A3: 2.5, A4: 2.0, A5: 4.0, A6: 4.0, A7: 4.5, A8: 1.0, A9: 1.0, A10: 7.0, A11: 0.0, A12: 2.0, A13: 150.0, A14: 1271.0."
364,"Assess the creditworthiness of a customer using the following table attributes for financial status. Respond with either 'good' or 'bad'. And all the table attribute names including 8 categorical attributes and 6 numerical attributes and values have been changed to meaningless symbols to protect confidentiality of the data. For instance, 'The client has attributes: A1: 0, A2: 21.67, A3: 11.5, A4: 1, A5: 5, A6: 3, A7: 0, A8: 1, A9: 1, A10: 11, A11: 1, A12: 2, A13: 0, A14: 1.', should be classified as 'good'. 
 Text: The client has attributes: A1: 1.0, A2: 24.5, A3: 13.335, A4: 1.0, A5: 6.0, A6: 4.0, A7: 0.04, A8: 0.0, A9: 0.0, A10: 0.0, A11: 1.0, A12: 2.0, A13: 120.0, A14: 476.0. 
",bad,"[good, bad]",1,"The client has attributes: A1: 1.0, A2: 24.5, A3: 13.335, A4: 1.0, A5: 6.0, A6: 4.0, A7: 0.04, A8: 0.0, A9: 0.0, A10: 0.0, A11: 1.0, A12: 2.0, A13: 120.0, A14: 476.0."
365,"Assess the creditworthiness of a customer using the following table attributes for financial status. Respond with either 'good' or 'bad'. And all the table attribute names including 8 categorical attributes and 6 numerical attributes and values have been changed to meaningless symbols to protect confidentiality of the data. For instance, 'The client has attributes: A1: 0, A2: 21.67, A3: 11.5, A4: 1, A5: 5, A6: 3, A7: 0, A8: 1, A9: 1, A10: 11, A11: 1, A12: 2, A13: 0, A14: 1.', should be classified as 'good'. 
 Text: The client has attributes: A1: 1.0, A2: 23.08, A3: 2.5, A4: 2.0, A5: 8.0, A6: 4.0, A7: 1.085, A8: 1.0, A9: 1.0, A10: 11.0, A11: 1.0, A12: 2.0, A13: 60.0, A14: 2185.0. 
",good,"[good, bad]",0,"The client has attributes: A1: 1.0, A2: 23.08, A3: 2.5, A4: 2.0, A5: 8.0, A6: 4.0, A7: 1.085, A8: 1.0, A9: 1.0, A10: 11.0, A11: 1.0, A12: 2.0, A13: 60.0, A14: 2185.0."
366,"Assess the creditworthiness of a customer using the following table attributes for financial status. Respond with either 'good' or 'bad'. And all the table attribute names including 8 categorical attributes and 6 numerical attributes and values have been changed to meaningless symbols to protect confidentiality of the data. For instance, 'The client has attributes: A1: 0, A2: 21.67, A3: 11.5, A4: 1, A5: 5, A6: 3, A7: 0, A8: 1, A9: 1, A10: 11, A11: 1, A12: 2, A13: 0, A14: 1.', should be classified as 'good'. 
 Text: The client has attributes: A1: 0.0, A2: 22.58, A3: 10.75, A4: 2.0, A5: 11.0, A6: 4.0, A7: 0.415, A8: 1.0, A9: 1.0, A10: 5.0, A11: 1.0, A12: 2.0, A13: 0.0, A14: 561.0. 
",good,"[good, bad]",0,"The client has attributes: A1: 0.0, A2: 22.58, A3: 10.75, A4: 2.0, A5: 11.0, A6: 4.0, A7: 0.415, A8: 1.0, A9: 1.0, A10: 5.0, A11: 1.0, A12: 2.0, A13: 0.0, A14: 561.0."
367,"Assess the creditworthiness of a customer using the following table attributes for financial status. Respond with either 'good' or 'bad'. And all the table attribute names including 8 categorical attributes and 6 numerical attributes and values have been changed to meaningless symbols to protect confidentiality of the data. For instance, 'The client has attributes: A1: 0, A2: 21.67, A3: 11.5, A4: 1, A5: 5, A6: 3, A7: 0, A8: 1, A9: 1, A10: 11, A11: 1, A12: 2, A13: 0, A14: 1.', should be classified as 'good'. 
 Text: The client has attributes: A1: 1.0, A2: 32.83, A3: 2.5, A4: 2.0, A5: 13.0, A6: 8.0, A7: 2.75, A8: 1.0, A9: 1.0, A10: 6.0, A11: 0.0, A12: 2.0, A13: 160.0, A14: 2073.0. 
",good,"[good, bad]",0,"The client has attributes: A1: 1.0, A2: 32.83, A3: 2.5, A4: 2.0, A5: 13.0, A6: 8.0, A7: 2.75, A8: 1.0, A9: 1.0, A10: 6.0, A11: 0.0, A12: 2.0, A13: 160.0, A14: 2073.0."
368,"Assess the creditworthiness of a customer using the following table attributes for financial status. Respond with either 'good' or 'bad'. And all the table attribute names including 8 categorical attributes and 6 numerical attributes and values have been changed to meaningless symbols to protect confidentiality of the data. For instance, 'The client has attributes: A1: 0, A2: 21.67, A3: 11.5, A4: 1, A5: 5, A6: 3, A7: 0, A8: 1, A9: 1, A10: 11, A11: 1, A12: 2, A13: 0, A14: 1.', should be classified as 'good'. 
 Text: The client has attributes: A1: 1.0, A2: 29.83, A3: 2.04, A4: 1.0, A5: 14.0, A6: 8.0, A7: 0.04, A8: 0.0, A9: 0.0, A10: 0.0, A11: 0.0, A12: 2.0, A13: 128.0, A14: 2.0. 
",bad,"[good, bad]",1,"The client has attributes: A1: 1.0, A2: 29.83, A3: 2.04, A4: 1.0, A5: 14.0, A6: 8.0, A7: 0.04, A8: 0.0, A9: 0.0, A10: 0.0, A11: 0.0, A12: 2.0, A13: 128.0, A14: 2.0."
369,"Assess the creditworthiness of a customer using the following table attributes for financial status. Respond with either 'good' or 'bad'. And all the table attribute names including 8 categorical attributes and 6 numerical attributes and values have been changed to meaningless symbols to protect confidentiality of the data. For instance, 'The client has attributes: A1: 0, A2: 21.67, A3: 11.5, A4: 1, A5: 5, A6: 3, A7: 0, A8: 1, A9: 1, A10: 11, A11: 1, A12: 2, A13: 0, A14: 1.', should be classified as 'good'. 
 Text: The client has attributes: A1: 0.0, A2: 57.58, A3: 2.0, A4: 2.0, A5: 1.0, A6: 1.0, A7: 6.5, A8: 0.0, A9: 1.0, A10: 1.0, A11: 0.0, A12: 2.0, A13: 0.0, A14: 11.0. 
",bad,"[good, bad]",1,"The client has attributes: A1: 0.0, A2: 57.58, A3: 2.0, A4: 2.0, A5: 1.0, A6: 1.0, A7: 6.5, A8: 0.0, A9: 1.0, A10: 1.0, A11: 0.0, A12: 2.0, A13: 0.0, A14: 11.0."
370,"Assess the creditworthiness of a customer using the following table attributes for financial status. Respond with either 'good' or 'bad'. And all the table attribute names including 8 categorical attributes and 6 numerical attributes and values have been changed to meaningless symbols to protect confidentiality of the data. For instance, 'The client has attributes: A1: 0, A2: 21.67, A3: 11.5, A4: 1, A5: 5, A6: 3, A7: 0, A8: 1, A9: 1, A10: 11, A11: 1, A12: 2, A13: 0, A14: 1.', should be classified as 'good'. 
 Text: The client has attributes: A1: 0.0, A2: 26.92, A3: 13.5, A4: 2.0, A5: 11.0, A6: 8.0, A7: 5.0, A8: 1.0, A9: 1.0, A10: 2.0, A11: 0.0, A12: 2.0, A13: 0.0, A14: 5001.0. 
",good,"[good, bad]",0,"The client has attributes: A1: 0.0, A2: 26.92, A3: 13.5, A4: 2.0, A5: 11.0, A6: 8.0, A7: 5.0, A8: 1.0, A9: 1.0, A10: 2.0, A11: 0.0, A12: 2.0, A13: 0.0, A14: 5001.0."
371,"Assess the creditworthiness of a customer using the following table attributes for financial status. Respond with either 'good' or 'bad'. And all the table attribute names including 8 categorical attributes and 6 numerical attributes and values have been changed to meaningless symbols to protect confidentiality of the data. For instance, 'The client has attributes: A1: 0, A2: 21.67, A3: 11.5, A4: 1, A5: 5, A6: 3, A7: 0, A8: 1, A9: 1, A10: 11, A11: 1, A12: 2, A13: 0, A14: 1.', should be classified as 'good'. 
 Text: The client has attributes: A1: 1.0, A2: 34.17, A3: 1.54, A4: 2.0, A5: 13.0, A6: 4.0, A7: 1.54, A8: 1.0, A9: 1.0, A10: 1.0, A11: 1.0, A12: 2.0, A13: 520.0, A14: 50001.0. 
",good,"[good, bad]",0,"The client has attributes: A1: 1.0, A2: 34.17, A3: 1.54, A4: 2.0, A5: 13.0, A6: 4.0, A7: 1.54, A8: 1.0, A9: 1.0, A10: 1.0, A11: 1.0, A12: 2.0, A13: 520.0, A14: 50001.0."
372,"Assess the creditworthiness of a customer using the following table attributes for financial status. Respond with either 'good' or 'bad'. And all the table attribute names including 8 categorical attributes and 6 numerical attributes and values have been changed to meaningless symbols to protect confidentiality of the data. For instance, 'The client has attributes: A1: 0, A2: 21.67, A3: 11.5, A4: 1, A5: 5, A6: 3, A7: 0, A8: 1, A9: 1, A10: 11, A11: 1, A12: 2, A13: 0, A14: 1.', should be classified as 'good'. 
 Text: The client has attributes: A1: 1.0, A2: 31.33, A3: 19.5, A4: 2.0, A5: 8.0, A6: 4.0, A7: 7.0, A8: 1.0, A9: 1.0, A10: 16.0, A11: 0.0, A12: 2.0, A13: 0.0, A14: 5001.0. 
",good,"[good, bad]",0,"The client has attributes: A1: 1.0, A2: 31.33, A3: 19.5, A4: 2.0, A5: 8.0, A6: 4.0, A7: 7.0, A8: 1.0, A9: 1.0, A10: 16.0, A11: 0.0, A12: 2.0, A13: 0.0, A14: 5001.0."
373,"Assess the creditworthiness of a customer using the following table attributes for financial status. Respond with either 'good' or 'bad'. And all the table attribute names including 8 categorical attributes and 6 numerical attributes and values have been changed to meaningless symbols to protect confidentiality of the data. For instance, 'The client has attributes: A1: 0, A2: 21.67, A3: 11.5, A4: 1, A5: 5, A6: 3, A7: 0, A8: 1, A9: 1, A10: 11, A11: 1, A12: 2, A13: 0, A14: 1.', should be classified as 'good'. 
 Text: The client has attributes: A1: 1.0, A2: 33.17, A3: 3.04, A4: 1.0, A5: 8.0, A6: 8.0, A7: 2.04, A8: 1.0, A9: 1.0, A10: 1.0, A11: 1.0, A12: 2.0, A13: 180.0, A14: 18028.0. 
",good,"[good, bad]",0,"The client has attributes: A1: 1.0, A2: 33.17, A3: 3.04, A4: 1.0, A5: 8.0, A6: 8.0, A7: 2.04, A8: 1.0, A9: 1.0, A10: 1.0, A11: 1.0, A12: 2.0, A13: 180.0, A14: 18028.0."
374,"Assess the creditworthiness of a customer using the following table attributes for financial status. Respond with either 'good' or 'bad'. And all the table attribute names including 8 categorical attributes and 6 numerical attributes and values have been changed to meaningless symbols to protect confidentiality of the data. For instance, 'The client has attributes: A1: 0, A2: 21.67, A3: 11.5, A4: 1, A5: 5, A6: 3, A7: 0, A8: 1, A9: 1, A10: 11, A11: 1, A12: 2, A13: 0, A14: 1.', should be classified as 'good'. 
 Text: The client has attributes: A1: 0.0, A2: 49.83, A3: 13.585, A4: 2.0, A5: 4.0, A6: 8.0, A7: 8.5, A8: 1.0, A9: 0.0, A10: 0.0, A11: 1.0, A12: 2.0, A13: 0.0, A14: 1.0. 
",good,"[good, bad]",0,"The client has attributes: A1: 0.0, A2: 49.83, A3: 13.585, A4: 2.0, A5: 4.0, A6: 8.0, A7: 8.5, A8: 1.0, A9: 0.0, A10: 0.0, A11: 1.0, A12: 2.0, A13: 0.0, A14: 1.0."
375,"Assess the creditworthiness of a customer using the following table attributes for financial status. Respond with either 'good' or 'bad'. And all the table attribute names including 8 categorical attributes and 6 numerical attributes and values have been changed to meaningless symbols to protect confidentiality of the data. For instance, 'The client has attributes: A1: 0, A2: 21.67, A3: 11.5, A4: 1, A5: 5, A6: 3, A7: 0, A8: 1, A9: 1, A10: 11, A11: 1, A12: 2, A13: 0, A14: 1.', should be classified as 'good'. 
 Text: The client has attributes: A1: 0.0, A2: 27.17, A3: 1.25, A4: 2.0, A5: 1.0, A6: 1.0, A7: 0.0, A8: 0.0, A9: 1.0, A10: 1.0, A11: 0.0, A12: 2.0, A13: 92.0, A14: 301.0. 
",bad,"[good, bad]",1,"The client has attributes: A1: 0.0, A2: 27.17, A3: 1.25, A4: 2.0, A5: 1.0, A6: 1.0, A7: 0.0, A8: 0.0, A9: 1.0, A10: 1.0, A11: 0.0, A12: 2.0, A13: 92.0, A14: 301.0."
376,"Assess the creditworthiness of a customer using the following table attributes for financial status. Respond with either 'good' or 'bad'. And all the table attribute names including 8 categorical attributes and 6 numerical attributes and values have been changed to meaningless symbols to protect confidentiality of the data. For instance, 'The client has attributes: A1: 0, A2: 21.67, A3: 11.5, A4: 1, A5: 5, A6: 3, A7: 0, A8: 1, A9: 1, A10: 11, A11: 1, A12: 2, A13: 0, A14: 1.', should be classified as 'good'. 
 Text: The client has attributes: A1: 1.0, A2: 22.25, A3: 0.46, A4: 2.0, A5: 4.0, A6: 4.0, A7: 0.125, A8: 0.0, A9: 0.0, A10: 0.0, A11: 1.0, A12: 2.0, A13: 280.0, A14: 56.0. 
",bad,"[good, bad]",1,"The client has attributes: A1: 1.0, A2: 22.25, A3: 0.46, A4: 2.0, A5: 4.0, A6: 4.0, A7: 0.125, A8: 0.0, A9: 0.0, A10: 0.0, A11: 1.0, A12: 2.0, A13: 280.0, A14: 56.0."
377,"Assess the creditworthiness of a customer using the following table attributes for financial status. Respond with either 'good' or 'bad'. And all the table attribute names including 8 categorical attributes and 6 numerical attributes and values have been changed to meaningless symbols to protect confidentiality of the data. For instance, 'The client has attributes: A1: 0, A2: 21.67, A3: 11.5, A4: 1, A5: 5, A6: 3, A7: 0, A8: 1, A9: 1, A10: 11, A11: 1, A12: 2, A13: 0, A14: 1.', should be classified as 'good'. 
 Text: The client has attributes: A1: 0.0, A2: 33.25, A3: 3.0, A4: 1.0, A5: 6.0, A6: 4.0, A7: 2.0, A8: 0.0, A9: 0.0, A10: 0.0, A11: 0.0, A12: 2.0, A13: 180.0, A14: 1.0. 
",bad,"[good, bad]",1,"The client has attributes: A1: 0.0, A2: 33.25, A3: 3.0, A4: 1.0, A5: 6.0, A6: 4.0, A7: 2.0, A8: 0.0, A9: 0.0, A10: 0.0, A11: 0.0, A12: 2.0, A13: 180.0, A14: 1.0."
378,"Assess the creditworthiness of a customer using the following table attributes for financial status. Respond with either 'good' or 'bad'. And all the table attribute names including 8 categorical attributes and 6 numerical attributes and values have been changed to meaningless symbols to protect confidentiality of the data. For instance, 'The client has attributes: A1: 0, A2: 21.67, A3: 11.5, A4: 1, A5: 5, A6: 3, A7: 0, A8: 1, A9: 1, A10: 11, A11: 1, A12: 2, A13: 0, A14: 1.', should be classified as 'good'. 
 Text: The client has attributes: A1: 0.0, A2: 27.33, A3: 1.665, A4: 2.0, A5: 1.0, A6: 1.0, A7: 0.0, A8: 0.0, A9: 0.0, A10: 0.0, A11: 0.0, A12: 2.0, A13: 340.0, A14: 2.0. 
",bad,"[good, bad]",1,"The client has attributes: A1: 0.0, A2: 27.33, A3: 1.665, A4: 2.0, A5: 1.0, A6: 1.0, A7: 0.0, A8: 0.0, A9: 0.0, A10: 0.0, A11: 0.0, A12: 2.0, A13: 340.0, A14: 2.0."
379,"Assess the creditworthiness of a customer using the following table attributes for financial status. Respond with either 'good' or 'bad'. And all the table attribute names including 8 categorical attributes and 6 numerical attributes and values have been changed to meaningless symbols to protect confidentiality of the data. For instance, 'The client has attributes: A1: 0, A2: 21.67, A3: 11.5, A4: 1, A5: 5, A6: 3, A7: 0, A8: 1, A9: 1, A10: 11, A11: 1, A12: 2, A13: 0, A14: 1.', should be classified as 'good'. 
 Text: The client has attributes: A1: 1.0, A2: 36.67, A3: 2.0, A4: 2.0, A5: 3.0, A6: 4.0, A7: 0.25, A8: 0.0, A9: 0.0, A10: 0.0, A11: 1.0, A12: 2.0, A13: 221.0, A14: 1.0. 
",bad,"[good, bad]",1,"The client has attributes: A1: 1.0, A2: 36.67, A3: 2.0, A4: 2.0, A5: 3.0, A6: 4.0, A7: 0.25, A8: 0.0, A9: 0.0, A10: 0.0, A11: 1.0, A12: 2.0, A13: 221.0, A14: 1.0."
380,"Assess the creditworthiness of a customer using the following table attributes for financial status. Respond with either 'good' or 'bad'. And all the table attribute names including 8 categorical attributes and 6 numerical attributes and values have been changed to meaningless symbols to protect confidentiality of the data. For instance, 'The client has attributes: A1: 0, A2: 21.67, A3: 11.5, A4: 1, A5: 5, A6: 3, A7: 0, A8: 1, A9: 1, A10: 11, A11: 1, A12: 2, A13: 0, A14: 1.', should be classified as 'good'. 
 Text: The client has attributes: A1: 1.0, A2: 25.17, A3: 6.0, A4: 2.0, A5: 8.0, A6: 4.0, A7: 1.0, A8: 1.0, A9: 1.0, A10: 3.0, A11: 0.0, A12: 2.0, A13: 0.0, A14: 1.0. 
",good,"[good, bad]",0,"The client has attributes: A1: 1.0, A2: 25.17, A3: 6.0, A4: 2.0, A5: 8.0, A6: 4.0, A7: 1.0, A8: 1.0, A9: 1.0, A10: 3.0, A11: 0.0, A12: 2.0, A13: 0.0, A14: 1.0."
381,"Assess the creditworthiness of a customer using the following table attributes for financial status. Respond with either 'good' or 'bad'. And all the table attribute names including 8 categorical attributes and 6 numerical attributes and values have been changed to meaningless symbols to protect confidentiality of the data. For instance, 'The client has attributes: A1: 0, A2: 21.67, A3: 11.5, A4: 1, A5: 5, A6: 3, A7: 0, A8: 1, A9: 1, A10: 11, A11: 1, A12: 2, A13: 0, A14: 1.', should be classified as 'good'. 
 Text: The client has attributes: A1: 1.0, A2: 26.67, A3: 4.25, A4: 2.0, A5: 13.0, A6: 4.0, A7: 4.29, A8: 1.0, A9: 1.0, A10: 1.0, A11: 1.0, A12: 2.0, A13: 120.0, A14: 1.0. 
",good,"[good, bad]",0,"The client has attributes: A1: 1.0, A2: 26.67, A3: 4.25, A4: 2.0, A5: 13.0, A6: 4.0, A7: 4.29, A8: 1.0, A9: 1.0, A10: 1.0, A11: 1.0, A12: 2.0, A13: 120.0, A14: 1.0."
382,"Assess the creditworthiness of a customer using the following table attributes for financial status. Respond with either 'good' or 'bad'. And all the table attribute names including 8 categorical attributes and 6 numerical attributes and values have been changed to meaningless symbols to protect confidentiality of the data. For instance, 'The client has attributes: A1: 0, A2: 21.67, A3: 11.5, A4: 1, A5: 5, A6: 3, A7: 0, A8: 1, A9: 1, A10: 11, A11: 1, A12: 2, A13: 0, A14: 1.', should be classified as 'good'. 
 Text: The client has attributes: A1: 1.0, A2: 28.0, A3: 3.0, A4: 2.0, A5: 9.0, A6: 4.0, A7: 0.75, A8: 0.0, A9: 0.0, A10: 0.0, A11: 1.0, A12: 2.0, A13: 300.0, A14: 68.0. 
",bad,"[good, bad]",1,"The client has attributes: A1: 1.0, A2: 28.0, A3: 3.0, A4: 2.0, A5: 9.0, A6: 4.0, A7: 0.75, A8: 0.0, A9: 0.0, A10: 0.0, A11: 1.0, A12: 2.0, A13: 300.0, A14: 68.0."
383,"Assess the creditworthiness of a customer using the following table attributes for financial status. Respond with either 'good' or 'bad'. And all the table attribute names including 8 categorical attributes and 6 numerical attributes and values have been changed to meaningless symbols to protect confidentiality of the data. For instance, 'The client has attributes: A1: 0, A2: 21.67, A3: 11.5, A4: 1, A5: 5, A6: 3, A7: 0, A8: 1, A9: 1, A10: 11, A11: 1, A12: 2, A13: 0, A14: 1.', should be classified as 'good'. 
 Text: The client has attributes: A1: 1.0, A2: 38.25, A3: 10.125, A4: 1.0, A5: 4.0, A6: 4.0, A7: 0.125, A8: 0.0, A9: 0.0, A10: 0.0, A11: 0.0, A12: 2.0, A13: 160.0, A14: 1.0. 
",bad,"[good, bad]",1,"The client has attributes: A1: 1.0, A2: 38.25, A3: 10.125, A4: 1.0, A5: 4.0, A6: 4.0, A7: 0.125, A8: 0.0, A9: 0.0, A10: 0.0, A11: 0.0, A12: 2.0, A13: 160.0, A14: 1.0."
384,"Assess the creditworthiness of a customer using the following table attributes for financial status. Respond with either 'good' or 'bad'. And all the table attribute names including 8 categorical attributes and 6 numerical attributes and values have been changed to meaningless symbols to protect confidentiality of the data. For instance, 'The client has attributes: A1: 0, A2: 21.67, A3: 11.5, A4: 1, A5: 5, A6: 3, A7: 0, A8: 1, A9: 1, A10: 11, A11: 1, A12: 2, A13: 0, A14: 1.', should be classified as 'good'. 
 Text: The client has attributes: A1: 1.0, A2: 29.17, A3: 3.5, A4: 2.0, A5: 9.0, A6: 4.0, A7: 3.5, A8: 1.0, A9: 1.0, A10: 3.0, A11: 1.0, A12: 2.0, A13: 329.0, A14: 1.0. 
",bad,"[good, bad]",1,"The client has attributes: A1: 1.0, A2: 29.17, A3: 3.5, A4: 2.0, A5: 9.0, A6: 4.0, A7: 3.5, A8: 1.0, A9: 1.0, A10: 3.0, A11: 1.0, A12: 2.0, A13: 329.0, A14: 1.0."
385,"Assess the creditworthiness of a customer using the following table attributes for financial status. Respond with either 'good' or 'bad'. And all the table attribute names including 8 categorical attributes and 6 numerical attributes and values have been changed to meaningless symbols to protect confidentiality of the data. For instance, 'The client has attributes: A1: 0, A2: 21.67, A3: 11.5, A4: 1, A5: 5, A6: 3, A7: 0, A8: 1, A9: 1, A10: 11, A11: 1, A12: 2, A13: 0, A14: 1.', should be classified as 'good'. 
 Text: The client has attributes: A1: 1.0, A2: 39.58, A3: 5.0, A4: 2.0, A5: 1.0, A6: 1.0, A7: 0.0, A8: 0.0, A9: 1.0, A10: 2.0, A11: 0.0, A12: 2.0, A13: 17.0, A14: 2.0. 
",bad,"[good, bad]",1,"The client has attributes: A1: 1.0, A2: 39.58, A3: 5.0, A4: 2.0, A5: 1.0, A6: 1.0, A7: 0.0, A8: 0.0, A9: 1.0, A10: 2.0, A11: 0.0, A12: 2.0, A13: 17.0, A14: 2.0."
386,"Assess the creditworthiness of a customer using the following table attributes for financial status. Respond with either 'good' or 'bad'. And all the table attribute names including 8 categorical attributes and 6 numerical attributes and values have been changed to meaningless symbols to protect confidentiality of the data. For instance, 'The client has attributes: A1: 0, A2: 21.67, A3: 11.5, A4: 1, A5: 5, A6: 3, A7: 0, A8: 1, A9: 1, A10: 11, A11: 1, A12: 2, A13: 0, A14: 1.', should be classified as 'good'. 
 Text: The client has attributes: A1: 0.0, A2: 19.17, A3: 5.415, A4: 2.0, A5: 3.0, A6: 8.0, A7: 0.29, A8: 0.0, A9: 0.0, A10: 0.0, A11: 0.0, A12: 2.0, A13: 80.0, A14: 485.0. 
",bad,"[good, bad]",1,"The client has attributes: A1: 0.0, A2: 19.17, A3: 5.415, A4: 2.0, A5: 3.0, A6: 8.0, A7: 0.29, A8: 0.0, A9: 0.0, A10: 0.0, A11: 0.0, A12: 2.0, A13: 80.0, A14: 485.0."
387,"Assess the creditworthiness of a customer using the following table attributes for financial status. Respond with either 'good' or 'bad'. And all the table attribute names including 8 categorical attributes and 6 numerical attributes and values have been changed to meaningless symbols to protect confidentiality of the data. For instance, 'The client has attributes: A1: 0, A2: 21.67, A3: 11.5, A4: 1, A5: 5, A6: 3, A7: 0, A8: 1, A9: 1, A10: 11, A11: 1, A12: 2, A13: 0, A14: 1.', should be classified as 'good'. 
 Text: The client has attributes: A1: 1.0, A2: 31.83, A3: 2.5, A4: 2.0, A5: 6.0, A6: 4.0, A7: 7.5, A8: 1.0, A9: 0.0, A10: 0.0, A11: 1.0, A12: 2.0, A13: 523.0, A14: 1.0. 
",bad,"[good, bad]",1,"The client has attributes: A1: 1.0, A2: 31.83, A3: 2.5, A4: 2.0, A5: 6.0, A6: 4.0, A7: 7.5, A8: 1.0, A9: 0.0, A10: 0.0, A11: 1.0, A12: 2.0, A13: 523.0, A14: 1.0."
388,"Assess the creditworthiness of a customer using the following table attributes for financial status. Respond with either 'good' or 'bad'. And all the table attribute names including 8 categorical attributes and 6 numerical attributes and values have been changed to meaningless symbols to protect confidentiality of the data. For instance, 'The client has attributes: A1: 0, A2: 21.67, A3: 11.5, A4: 1, A5: 5, A6: 3, A7: 0, A8: 1, A9: 1, A10: 11, A11: 1, A12: 2, A13: 0, A14: 1.', should be classified as 'good'. 
 Text: The client has attributes: A1: 1.0, A2: 62.75, A3: 7.0, A4: 2.0, A5: 10.0, A6: 9.0, A7: 0.0, A8: 0.0, A9: 0.0, A10: 0.0, A11: 0.0, A12: 2.0, A13: 0.0, A14: 13.0. 
",bad,"[good, bad]",1,"The client has attributes: A1: 1.0, A2: 62.75, A3: 7.0, A4: 2.0, A5: 10.0, A6: 9.0, A7: 0.0, A8: 0.0, A9: 0.0, A10: 0.0, A11: 0.0, A12: 2.0, A13: 0.0, A14: 13.0."
389,"Assess the creditworthiness of a customer using the following table attributes for financial status. Respond with either 'good' or 'bad'. And all the table attribute names including 8 categorical attributes and 6 numerical attributes and values have been changed to meaningless symbols to protect confidentiality of the data. For instance, 'The client has attributes: A1: 0, A2: 21.67, A3: 11.5, A4: 1, A5: 5, A6: 3, A7: 0, A8: 1, A9: 1, A10: 11, A11: 1, A12: 2, A13: 0, A14: 1.', should be classified as 'good'. 
 Text: The client has attributes: A1: 0.0, A2: 56.83, A3: 4.25, A4: 1.0, A5: 1.0, A6: 1.0, A7: 5.0, A8: 0.0, A9: 0.0, A10: 0.0, A11: 1.0, A12: 2.0, A13: 0.0, A14: 5.0. 
",bad,"[good, bad]",1,"The client has attributes: A1: 0.0, A2: 56.83, A3: 4.25, A4: 1.0, A5: 1.0, A6: 1.0, A7: 5.0, A8: 0.0, A9: 0.0, A10: 0.0, A11: 1.0, A12: 2.0, A13: 0.0, A14: 5.0."
390,"Assess the creditworthiness of a customer using the following table attributes for financial status. Respond with either 'good' or 'bad'. And all the table attribute names including 8 categorical attributes and 6 numerical attributes and values have been changed to meaningless symbols to protect confidentiality of the data. For instance, 'The client has attributes: A1: 0, A2: 21.67, A3: 11.5, A4: 1, A5: 5, A6: 3, A7: 0, A8: 1, A9: 1, A10: 11, A11: 1, A12: 2, A13: 0, A14: 1.', should be classified as 'good'. 
 Text: The client has attributes: A1: 0.0, A2: 23.5, A3: 1.5, A4: 2.0, A5: 9.0, A6: 4.0, A7: 0.875, A8: 0.0, A9: 0.0, A10: 0.0, A11: 1.0, A12: 2.0, A13: 160.0, A14: 1.0. 
",bad,"[good, bad]",1,"The client has attributes: A1: 0.0, A2: 23.5, A3: 1.5, A4: 2.0, A5: 9.0, A6: 4.0, A7: 0.875, A8: 0.0, A9: 0.0, A10: 0.0, A11: 1.0, A12: 2.0, A13: 160.0, A14: 1.0."
391,"Assess the creditworthiness of a customer using the following table attributes for financial status. Respond with either 'good' or 'bad'. And all the table attribute names including 8 categorical attributes and 6 numerical attributes and values have been changed to meaningless symbols to protect confidentiality of the data. For instance, 'The client has attributes: A1: 0, A2: 21.67, A3: 11.5, A4: 1, A5: 5, A6: 3, A7: 0, A8: 1, A9: 1, A10: 11, A11: 1, A12: 2, A13: 0, A14: 1.', should be classified as 'good'. 
 Text: The client has attributes: A1: 1.0, A2: 33.0, A3: 2.5, A4: 1.0, A5: 9.0, A6: 4.0, A7: 7.0, A8: 0.0, A9: 0.0, A10: 0.0, A11: 1.0, A12: 2.0, A13: 280.0, A14: 1.0. 
",bad,"[good, bad]",1,"The client has attributes: A1: 1.0, A2: 33.0, A3: 2.5, A4: 1.0, A5: 9.0, A6: 4.0, A7: 7.0, A8: 0.0, A9: 0.0, A10: 0.0, A11: 1.0, A12: 2.0, A13: 280.0, A14: 1.0."
392,"Assess the creditworthiness of a customer using the following table attributes for financial status. Respond with either 'good' or 'bad'. And all the table attribute names including 8 categorical attributes and 6 numerical attributes and values have been changed to meaningless symbols to protect confidentiality of the data. For instance, 'The client has attributes: A1: 0, A2: 21.67, A3: 11.5, A4: 1, A5: 5, A6: 3, A7: 0, A8: 1, A9: 1, A10: 11, A11: 1, A12: 2, A13: 0, A14: 1.', should be classified as 'good'. 
 Text: The client has attributes: A1: 0.0, A2: 24.92, A3: 1.25, A4: 2.0, A5: 1.0, A6: 1.0, A7: 0.0, A8: 1.0, A9: 0.0, A10: 0.0, A11: 0.0, A12: 2.0, A13: 80.0, A14: 1.0. 
",bad,"[good, bad]",1,"The client has attributes: A1: 0.0, A2: 24.92, A3: 1.25, A4: 2.0, A5: 1.0, A6: 1.0, A7: 0.0, A8: 1.0, A9: 0.0, A10: 0.0, A11: 0.0, A12: 2.0, A13: 80.0, A14: 1.0."
393,"Assess the creditworthiness of a customer using the following table attributes for financial status. Respond with either 'good' or 'bad'. And all the table attribute names including 8 categorical attributes and 6 numerical attributes and values have been changed to meaningless symbols to protect confidentiality of the data. For instance, 'The client has attributes: A1: 0, A2: 21.67, A3: 11.5, A4: 1, A5: 5, A6: 3, A7: 0, A8: 1, A9: 1, A10: 11, A11: 1, A12: 2, A13: 0, A14: 1.', should be classified as 'good'. 
 Text: The client has attributes: A1: 1.0, A2: 41.0, A3: 0.04, A4: 2.0, A5: 10.0, A6: 4.0, A7: 0.04, A8: 0.0, A9: 1.0, A10: 1.0, A11: 0.0, A12: 1.0, A13: 560.0, A14: 1.0. 
",good,"[good, bad]",0,"The client has attributes: A1: 1.0, A2: 41.0, A3: 0.04, A4: 2.0, A5: 10.0, A6: 4.0, A7: 0.04, A8: 0.0, A9: 1.0, A10: 1.0, A11: 0.0, A12: 1.0, A13: 560.0, A14: 1.0."
394,"Assess the creditworthiness of a customer using the following table attributes for financial status. Respond with either 'good' or 'bad'. And all the table attribute names including 8 categorical attributes and 6 numerical attributes and values have been changed to meaningless symbols to protect confidentiality of the data. For instance, 'The client has attributes: A1: 0, A2: 21.67, A3: 11.5, A4: 1, A5: 5, A6: 3, A7: 0, A8: 1, A9: 1, A10: 11, A11: 1, A12: 2, A13: 0, A14: 1.', should be classified as 'good'. 
 Text: The client has attributes: A1: 0.0, A2: 29.5, A3: 0.46, A4: 2.0, A5: 4.0, A6: 4.0, A7: 0.54, A8: 1.0, A9: 1.0, A10: 4.0, A11: 0.0, A12: 2.0, A13: 380.0, A14: 501.0. 
",good,"[good, bad]",0,"The client has attributes: A1: 0.0, A2: 29.5, A3: 0.46, A4: 2.0, A5: 4.0, A6: 4.0, A7: 0.54, A8: 1.0, A9: 1.0, A10: 4.0, A11: 0.0, A12: 2.0, A13: 380.0, A14: 501.0."
395,"Assess the creditworthiness of a customer using the following table attributes for financial status. Respond with either 'good' or 'bad'. And all the table attribute names including 8 categorical attributes and 6 numerical attributes and values have been changed to meaningless symbols to protect confidentiality of the data. For instance, 'The client has attributes: A1: 0, A2: 21.67, A3: 11.5, A4: 1, A5: 5, A6: 3, A7: 0, A8: 1, A9: 1, A10: 11, A11: 1, A12: 2, A13: 0, A14: 1.', should be classified as 'good'. 
 Text: The client has attributes: A1: 0.0, A2: 22.67, A3: 0.335, A4: 2.0, A5: 11.0, A6: 4.0, A7: 0.75, A8: 0.0, A9: 0.0, A10: 0.0, A11: 0.0, A12: 1.0, A13: 160.0, A14: 1.0. 
",bad,"[good, bad]",1,"The client has attributes: A1: 0.0, A2: 22.67, A3: 0.335, A4: 2.0, A5: 11.0, A6: 4.0, A7: 0.75, A8: 0.0, A9: 0.0, A10: 0.0, A11: 0.0, A12: 1.0, A13: 160.0, A14: 1.0."
396,"Assess the creditworthiness of a customer using the following table attributes for financial status. Respond with either 'good' or 'bad'. And all the table attribute names including 8 categorical attributes and 6 numerical attributes and values have been changed to meaningless symbols to protect confidentiality of the data. For instance, 'The client has attributes: A1: 0, A2: 21.67, A3: 11.5, A4: 1, A5: 5, A6: 3, A7: 0, A8: 1, A9: 1, A10: 11, A11: 1, A12: 2, A13: 0, A14: 1.', should be classified as 'good'. 
 Text: The client has attributes: A1: 1.0, A2: 42.5, A3: 4.915, A4: 1.0, A5: 9.0, A6: 4.0, A7: 3.165, A8: 1.0, A9: 0.0, A10: 0.0, A11: 1.0, A12: 2.0, A13: 52.0, A14: 1443.0. 
",good,"[good, bad]",0,"The client has attributes: A1: 1.0, A2: 42.5, A3: 4.915, A4: 1.0, A5: 9.0, A6: 4.0, A7: 3.165, A8: 1.0, A9: 0.0, A10: 0.0, A11: 1.0, A12: 2.0, A13: 52.0, A14: 1443.0."
397,"Assess the creditworthiness of a customer using the following table attributes for financial status. Respond with either 'good' or 'bad'. And all the table attribute names including 8 categorical attributes and 6 numerical attributes and values have been changed to meaningless symbols to protect confidentiality of the data. For instance, 'The client has attributes: A1: 0, A2: 21.67, A3: 11.5, A4: 1, A5: 5, A6: 3, A7: 0, A8: 1, A9: 1, A10: 11, A11: 1, A12: 2, A13: 0, A14: 1.', should be classified as 'good'. 
 Text: The client has attributes: A1: 0.0, A2: 52.83, A3: 15.0, A4: 2.0, A5: 8.0, A6: 4.0, A7: 5.5, A8: 1.0, A9: 1.0, A10: 14.0, A11: 0.0, A12: 2.0, A13: 0.0, A14: 2201.0. 
",good,"[good, bad]",0,"The client has attributes: A1: 0.0, A2: 52.83, A3: 15.0, A4: 2.0, A5: 8.0, A6: 4.0, A7: 5.5, A8: 1.0, A9: 1.0, A10: 14.0, A11: 0.0, A12: 2.0, A13: 0.0, A14: 2201.0."
398,"Assess the creditworthiness of a customer using the following table attributes for financial status. Respond with either 'good' or 'bad'. And all the table attribute names including 8 categorical attributes and 6 numerical attributes and values have been changed to meaningless symbols to protect confidentiality of the data. For instance, 'The client has attributes: A1: 0, A2: 21.67, A3: 11.5, A4: 1, A5: 5, A6: 3, A7: 0, A8: 1, A9: 1, A10: 11, A11: 1, A12: 2, A13: 0, A14: 1.', should be classified as 'good'. 
 Text: The client has attributes: A1: 1.0, A2: 59.67, A3: 1.54, A4: 2.0, A5: 11.0, A6: 4.0, A7: 0.125, A8: 1.0, A9: 0.0, A10: 0.0, A11: 1.0, A12: 2.0, A13: 260.0, A14: 1.0. 
",good,"[good, bad]",0,"The client has attributes: A1: 1.0, A2: 59.67, A3: 1.54, A4: 2.0, A5: 11.0, A6: 4.0, A7: 0.125, A8: 1.0, A9: 0.0, A10: 0.0, A11: 1.0, A12: 2.0, A13: 260.0, A14: 1.0."
399,"Assess the creditworthiness of a customer using the following table attributes for financial status. Respond with either 'good' or 'bad'. And all the table attribute names including 8 categorical attributes and 6 numerical attributes and values have been changed to meaningless symbols to protect confidentiality of the data. For instance, 'The client has attributes: A1: 0, A2: 21.67, A3: 11.5, A4: 1, A5: 5, A6: 3, A7: 0, A8: 1, A9: 1, A10: 11, A11: 1, A12: 2, A13: 0, A14: 1.', should be classified as 'good'. 
 Text: The client has attributes: A1: 1.0, A2: 37.42, A3: 2.04, A4: 2.0, A5: 9.0, A6: 4.0, A7: 0.04, A8: 1.0, A9: 0.0, A10: 0.0, A11: 1.0, A12: 2.0, A13: 400.0, A14: 5801.0. 
",good,"[good, bad]",0,"The client has attributes: A1: 1.0, A2: 37.42, A3: 2.04, A4: 2.0, A5: 9.0, A6: 4.0, A7: 0.04, A8: 1.0, A9: 0.0, A10: 0.0, A11: 1.0, A12: 2.0, A13: 400.0, A14: 5801.0."
400,"Assess the creditworthiness of a customer using the following table attributes for financial status. Respond with either 'good' or 'bad'. And all the table attribute names including 8 categorical attributes and 6 numerical attributes and values have been changed to meaningless symbols to protect confidentiality of the data. For instance, 'The client has attributes: A1: 0, A2: 21.67, A3: 11.5, A4: 1, A5: 5, A6: 3, A7: 0, A8: 1, A9: 1, A10: 11, A11: 1, A12: 2, A13: 0, A14: 1.', should be classified as 'good'. 
 Text: The client has attributes: A1: 0.0, A2: 22.67, A3: 7.0, A4: 2.0, A5: 8.0, A6: 4.0, A7: 0.165, A8: 0.0, A9: 0.0, A10: 0.0, A11: 0.0, A12: 2.0, A13: 160.0, A14: 1.0. 
",bad,"[good, bad]",1,"The client has attributes: A1: 0.0, A2: 22.67, A3: 7.0, A4: 2.0, A5: 8.0, A6: 4.0, A7: 0.165, A8: 0.0, A9: 0.0, A10: 0.0, A11: 0.0, A12: 2.0, A13: 160.0, A14: 1.0."
401,"Assess the creditworthiness of a customer using the following table attributes for financial status. Respond with either 'good' or 'bad'. And all the table attribute names including 8 categorical attributes and 6 numerical attributes and values have been changed to meaningless symbols to protect confidentiality of the data. For instance, 'The client has attributes: A1: 0, A2: 21.67, A3: 11.5, A4: 1, A5: 5, A6: 3, A7: 0, A8: 1, A9: 1, A10: 11, A11: 1, A12: 2, A13: 0, A14: 1.', should be classified as 'good'. 
 Text: The client has attributes: A1: 1.0, A2: 27.67, A3: 13.75, A4: 2.0, A5: 9.0, A6: 4.0, A7: 5.75, A8: 1.0, A9: 0.0, A10: 0.0, A11: 1.0, A12: 2.0, A13: 487.0, A14: 501.0. 
",good,"[good, bad]",0,"The client has attributes: A1: 1.0, A2: 27.67, A3: 13.75, A4: 2.0, A5: 9.0, A6: 4.0, A7: 5.75, A8: 1.0, A9: 0.0, A10: 0.0, A11: 1.0, A12: 2.0, A13: 487.0, A14: 501.0."
402,"Assess the creditworthiness of a customer using the following table attributes for financial status. Respond with either 'good' or 'bad'. And all the table attribute names including 8 categorical attributes and 6 numerical attributes and values have been changed to meaningless symbols to protect confidentiality of the data. For instance, 'The client has attributes: A1: 0, A2: 21.67, A3: 11.5, A4: 1, A5: 5, A6: 3, A7: 0, A8: 1, A9: 1, A10: 11, A11: 1, A12: 2, A13: 0, A14: 1.', should be classified as 'good'. 
 Text: The client has attributes: A1: 1.0, A2: 13.75, A3: 4.0, A4: 1.0, A5: 9.0, A6: 4.0, A7: 1.75, A8: 1.0, A9: 1.0, A10: 2.0, A11: 1.0, A12: 2.0, A13: 120.0, A14: 1001.0. 
",good,"[good, bad]",0,"The client has attributes: A1: 1.0, A2: 13.75, A3: 4.0, A4: 1.0, A5: 9.0, A6: 4.0, A7: 1.75, A8: 1.0, A9: 1.0, A10: 2.0, A11: 1.0, A12: 2.0, A13: 120.0, A14: 1001.0."
403,"Assess the creditworthiness of a customer using the following table attributes for financial status. Respond with either 'good' or 'bad'. And all the table attribute names including 8 categorical attributes and 6 numerical attributes and values have been changed to meaningless symbols to protect confidentiality of the data. For instance, 'The client has attributes: A1: 0, A2: 21.67, A3: 11.5, A4: 1, A5: 5, A6: 3, A7: 0, A8: 1, A9: 1, A10: 11, A11: 1, A12: 2, A13: 0, A14: 1.', should be classified as 'good'. 
 Text: The client has attributes: A1: 1.0, A2: 29.67, A3: 1.415, A4: 2.0, A5: 9.0, A6: 8.0, A7: 0.75, A8: 1.0, A9: 1.0, A10: 1.0, A11: 0.0, A12: 2.0, A13: 240.0, A14: 101.0. 
",good,"[good, bad]",0,"The client has attributes: A1: 1.0, A2: 29.67, A3: 1.415, A4: 2.0, A5: 9.0, A6: 8.0, A7: 0.75, A8: 1.0, A9: 1.0, A10: 1.0, A11: 0.0, A12: 2.0, A13: 240.0, A14: 101.0."
404,"Assess the creditworthiness of a customer using the following table attributes for financial status. Respond with either 'good' or 'bad'. And all the table attribute names including 8 categorical attributes and 6 numerical attributes and values have been changed to meaningless symbols to protect confidentiality of the data. For instance, 'The client has attributes: A1: 0, A2: 21.67, A3: 11.5, A4: 1, A5: 5, A6: 3, A7: 0, A8: 1, A9: 1, A10: 11, A11: 1, A12: 2, A13: 0, A14: 1.', should be classified as 'good'. 
 Text: The client has attributes: A1: 1.0, A2: 28.25, A3: 5.04, A4: 1.0, A5: 8.0, A6: 5.0, A7: 1.5, A8: 1.0, A9: 1.0, A10: 8.0, A11: 1.0, A12: 2.0, A13: 144.0, A14: 8.0. 
",good,"[good, bad]",0,"The client has attributes: A1: 1.0, A2: 28.25, A3: 5.04, A4: 1.0, A5: 8.0, A6: 5.0, A7: 1.5, A8: 1.0, A9: 1.0, A10: 8.0, A11: 1.0, A12: 2.0, A13: 144.0, A14: 8.0."
405,"Assess the creditworthiness of a customer using the following table attributes for financial status. Respond with either 'good' or 'bad'. And all the table attribute names including 8 categorical attributes and 6 numerical attributes and values have been changed to meaningless symbols to protect confidentiality of the data. For instance, 'The client has attributes: A1: 0, A2: 21.67, A3: 11.5, A4: 1, A5: 5, A6: 3, A7: 0, A8: 1, A9: 1, A10: 11, A11: 1, A12: 2, A13: 0, A14: 1.', should be classified as 'good'. 
 Text: The client has attributes: A1: 1.0, A2: 21.08, A3: 4.125, A4: 1.0, A5: 3.0, A6: 8.0, A7: 0.04, A8: 0.0, A9: 0.0, A10: 0.0, A11: 0.0, A12: 2.0, A13: 140.0, A14: 101.0. 
",bad,"[good, bad]",1,"The client has attributes: A1: 1.0, A2: 21.08, A3: 4.125, A4: 1.0, A5: 3.0, A6: 8.0, A7: 0.04, A8: 0.0, A9: 0.0, A10: 0.0, A11: 0.0, A12: 2.0, A13: 140.0, A14: 101.0."
406,"Assess the creditworthiness of a customer using the following table attributes for financial status. Respond with either 'good' or 'bad'. And all the table attribute names including 8 categorical attributes and 6 numerical attributes and values have been changed to meaningless symbols to protect confidentiality of the data. For instance, 'The client has attributes: A1: 0, A2: 21.67, A3: 11.5, A4: 1, A5: 5, A6: 3, A7: 0, A8: 1, A9: 1, A10: 11, A11: 1, A12: 2, A13: 0, A14: 1.', should be classified as 'good'. 
 Text: The client has attributes: A1: 0.0, A2: 30.25, A3: 5.5, A4: 2.0, A5: 4.0, A6: 4.0, A7: 5.5, A8: 0.0, A9: 0.0, A10: 0.0, A11: 1.0, A12: 1.0, A13: 100.0, A14: 1.0. 
",bad,"[good, bad]",1,"The client has attributes: A1: 0.0, A2: 30.25, A3: 5.5, A4: 2.0, A5: 4.0, A6: 4.0, A7: 5.5, A8: 0.0, A9: 0.0, A10: 0.0, A11: 1.0, A12: 1.0, A13: 100.0, A14: 1.0."
407,"Assess the creditworthiness of a customer using the following table attributes for financial status. Respond with either 'good' or 'bad'. And all the table attribute names including 8 categorical attributes and 6 numerical attributes and values have been changed to meaningless symbols to protect confidentiality of the data. For instance, 'The client has attributes: A1: 0, A2: 21.67, A3: 11.5, A4: 1, A5: 5, A6: 3, A7: 0, A8: 1, A9: 1, A10: 11, A11: 1, A12: 2, A13: 0, A14: 1.', should be classified as 'good'. 
 Text: The client has attributes: A1: 1.0, A2: 31.92, A3: 4.46, A4: 2.0, A5: 13.0, A6: 8.0, A7: 6.04, A8: 1.0, A9: 1.0, A10: 3.0, A11: 0.0, A12: 2.0, A13: 311.0, A14: 301.0. 
",good,"[good, bad]",0,"The client has attributes: A1: 1.0, A2: 31.92, A3: 4.46, A4: 2.0, A5: 13.0, A6: 8.0, A7: 6.04, A8: 1.0, A9: 1.0, A10: 3.0, A11: 0.0, A12: 2.0, A13: 311.0, A14: 301.0."
408,"Assess the creditworthiness of a customer using the following table attributes for financial status. Respond with either 'good' or 'bad'. And all the table attribute names including 8 categorical attributes and 6 numerical attributes and values have been changed to meaningless symbols to protect confidentiality of the data. For instance, 'The client has attributes: A1: 0, A2: 21.67, A3: 11.5, A4: 1, A5: 5, A6: 3, A7: 0, A8: 1, A9: 1, A10: 11, A11: 1, A12: 2, A13: 0, A14: 1.', should be classified as 'good'. 
 Text: The client has attributes: A1: 1.0, A2: 39.17, A3: 2.5, A4: 1.0, A5: 3.0, A6: 8.0, A7: 10.0, A8: 0.0, A9: 0.0, A10: 0.0, A11: 1.0, A12: 1.0, A13: 200.0, A14: 1.0. 
",bad,"[good, bad]",1,"The client has attributes: A1: 1.0, A2: 39.17, A3: 2.5, A4: 1.0, A5: 3.0, A6: 8.0, A7: 10.0, A8: 0.0, A9: 0.0, A10: 0.0, A11: 1.0, A12: 1.0, A13: 200.0, A14: 1.0."
409,"Assess the creditworthiness of a customer using the following table attributes for financial status. Respond with either 'good' or 'bad'. And all the table attribute names including 8 categorical attributes and 6 numerical attributes and values have been changed to meaningless symbols to protect confidentiality of the data. For instance, 'The client has attributes: A1: 0, A2: 21.67, A3: 11.5, A4: 1, A5: 5, A6: 3, A7: 0, A8: 1, A9: 1, A10: 11, A11: 1, A12: 2, A13: 0, A14: 1.', should be classified as 'good'. 
 Text: The client has attributes: A1: 0.0, A2: 36.75, A3: 5.125, A4: 2.0, A5: 10.0, A6: 4.0, A7: 5.0, A8: 1.0, A9: 0.0, A10: 0.0, A11: 1.0, A12: 2.0, A13: 0.0, A14: 4001.0. 
",good,"[good, bad]",0,"The client has attributes: A1: 0.0, A2: 36.75, A3: 5.125, A4: 2.0, A5: 10.0, A6: 4.0, A7: 5.0, A8: 1.0, A9: 0.0, A10: 0.0, A11: 1.0, A12: 2.0, A13: 0.0, A14: 4001.0."
410,"Assess the creditworthiness of a customer using the following table attributes for financial status. Respond with either 'good' or 'bad'. And all the table attribute names including 8 categorical attributes and 6 numerical attributes and values have been changed to meaningless symbols to protect confidentiality of the data. For instance, 'The client has attributes: A1: 0, A2: 21.67, A3: 11.5, A4: 1, A5: 5, A6: 3, A7: 0, A8: 1, A9: 1, A10: 11, A11: 1, A12: 2, A13: 0, A14: 1.', should be classified as 'good'. 
 Text: The client has attributes: A1: 0.0, A2: 18.92, A3: 9.25, A4: 1.0, A5: 8.0, A6: 4.0, A7: 1.0, A8: 1.0, A9: 1.0, A10: 4.0, A11: 1.0, A12: 2.0, A13: 80.0, A14: 501.0. 
",good,"[good, bad]",0,"The client has attributes: A1: 0.0, A2: 18.92, A3: 9.25, A4: 1.0, A5: 8.0, A6: 4.0, A7: 1.0, A8: 1.0, A9: 1.0, A10: 4.0, A11: 1.0, A12: 2.0, A13: 80.0, A14: 501.0."
411,"Assess the creditworthiness of a customer using the following table attributes for financial status. Respond with either 'good' or 'bad'. And all the table attribute names including 8 categorical attributes and 6 numerical attributes and values have been changed to meaningless symbols to protect confidentiality of the data. For instance, 'The client has attributes: A1: 0, A2: 21.67, A3: 11.5, A4: 1, A5: 5, A6: 3, A7: 0, A8: 1, A9: 1, A10: 11, A11: 1, A12: 2, A13: 0, A14: 1.', should be classified as 'good'. 
 Text: The client has attributes: A1: 0.0, A2: 30.42, A3: 1.375, A4: 2.0, A5: 9.0, A6: 8.0, A7: 0.04, A8: 0.0, A9: 1.0, A10: 3.0, A11: 0.0, A12: 2.0, A13: 0.0, A14: 34.0. 
",bad,"[good, bad]",1,"The client has attributes: A1: 0.0, A2: 30.42, A3: 1.375, A4: 2.0, A5: 9.0, A6: 8.0, A7: 0.04, A8: 0.0, A9: 1.0, A10: 3.0, A11: 0.0, A12: 2.0, A13: 0.0, A14: 34.0."
412,"Assess the creditworthiness of a customer using the following table attributes for financial status. Respond with either 'good' or 'bad'. And all the table attribute names including 8 categorical attributes and 6 numerical attributes and values have been changed to meaningless symbols to protect confidentiality of the data. For instance, 'The client has attributes: A1: 0, A2: 21.67, A3: 11.5, A4: 1, A5: 5, A6: 3, A7: 0, A8: 1, A9: 1, A10: 11, A11: 1, A12: 2, A13: 0, A14: 1.', should be classified as 'good'. 
 Text: The client has attributes: A1: 0.0, A2: 31.75, A3: 3.0, A4: 1.0, A5: 5.0, A6: 3.0, A7: 0.0, A8: 0.0, A9: 0.0, A10: 0.0, A11: 0.0, A12: 2.0, A13: 160.0, A14: 21.0. 
",bad,"[good, bad]",1,"The client has attributes: A1: 0.0, A2: 31.75, A3: 3.0, A4: 1.0, A5: 5.0, A6: 3.0, A7: 0.0, A8: 0.0, A9: 0.0, A10: 0.0, A11: 0.0, A12: 2.0, A13: 160.0, A14: 21.0."
413,"Assess the creditworthiness of a customer using the following table attributes for financial status. Respond with either 'good' or 'bad'. And all the table attribute names including 8 categorical attributes and 6 numerical attributes and values have been changed to meaningless symbols to protect confidentiality of the data. For instance, 'The client has attributes: A1: 0, A2: 21.67, A3: 11.5, A4: 1, A5: 5, A6: 3, A7: 0, A8: 1, A9: 1, A10: 11, A11: 1, A12: 2, A13: 0, A14: 1.', should be classified as 'good'. 
 Text: The client has attributes: A1: 0.0, A2: 21.75, A3: 11.75, A4: 2.0, A5: 8.0, A6: 4.0, A7: 0.25, A8: 0.0, A9: 0.0, A10: 0.0, A11: 1.0, A12: 2.0, A13: 180.0, A14: 1.0. 
",bad,"[good, bad]",1,"The client has attributes: A1: 0.0, A2: 21.75, A3: 11.75, A4: 2.0, A5: 8.0, A6: 4.0, A7: 0.25, A8: 0.0, A9: 0.0, A10: 0.0, A11: 1.0, A12: 2.0, A13: 180.0, A14: 1.0."
414,"Assess the creditworthiness of a customer using the following table attributes for financial status. Respond with either 'good' or 'bad'. And all the table attribute names including 8 categorical attributes and 6 numerical attributes and values have been changed to meaningless symbols to protect confidentiality of the data. For instance, 'The client has attributes: A1: 0, A2: 21.67, A3: 11.5, A4: 1, A5: 5, A6: 3, A7: 0, A8: 1, A9: 1, A10: 11, A11: 1, A12: 2, A13: 0, A14: 1.', should be classified as 'good'. 
 Text: The client has attributes: A1: 1.0, A2: 54.58, A3: 9.415, A4: 2.0, A5: 1.0, A6: 1.0, A7: 14.415, A8: 1.0, A9: 1.0, A10: 11.0, A11: 1.0, A12: 2.0, A13: 30.0, A14: 301.0. 
",good,"[good, bad]",0,"The client has attributes: A1: 1.0, A2: 54.58, A3: 9.415, A4: 2.0, A5: 1.0, A6: 1.0, A7: 14.415, A8: 1.0, A9: 1.0, A10: 11.0, A11: 1.0, A12: 2.0, A13: 30.0, A14: 301.0."
415,"Assess the creditworthiness of a customer using the following table attributes for financial status. Respond with either 'good' or 'bad'. And all the table attribute names including 8 categorical attributes and 6 numerical attributes and values have been changed to meaningless symbols to protect confidentiality of the data. For instance, 'The client has attributes: A1: 0, A2: 21.67, A3: 11.5, A4: 1, A5: 5, A6: 3, A7: 0, A8: 1, A9: 1, A10: 11, A11: 1, A12: 2, A13: 0, A14: 1.', should be classified as 'good'. 
 Text: The client has attributes: A1: 0.0, A2: 46.0, A3: 4.0, A4: 2.0, A5: 5.0, A6: 3.0, A7: 0.0, A8: 1.0, A9: 0.0, A10: 0.0, A11: 0.0, A12: 2.0, A13: 100.0, A14: 961.0. 
",good,"[good, bad]",0,"The client has attributes: A1: 0.0, A2: 46.0, A3: 4.0, A4: 2.0, A5: 5.0, A6: 3.0, A7: 0.0, A8: 1.0, A9: 0.0, A10: 0.0, A11: 0.0, A12: 2.0, A13: 100.0, A14: 961.0."
416,"Assess the creditworthiness of a customer using the following table attributes for financial status. Respond with either 'good' or 'bad'. And all the table attribute names including 8 categorical attributes and 6 numerical attributes and values have been changed to meaningless symbols to protect confidentiality of the data. For instance, 'The client has attributes: A1: 0, A2: 21.67, A3: 11.5, A4: 1, A5: 5, A6: 3, A7: 0, A8: 1, A9: 1, A10: 11, A11: 1, A12: 2, A13: 0, A14: 1.', should be classified as 'good'. 
 Text: The client has attributes: A1: 0.0, A2: 32.25, A3: 1.5, A4: 2.0, A5: 8.0, A6: 4.0, A7: 0.25, A8: 0.0, A9: 0.0, A10: 0.0, A11: 1.0, A12: 2.0, A13: 372.0, A14: 123.0. 
",bad,"[good, bad]",1,"The client has attributes: A1: 0.0, A2: 32.25, A3: 1.5, A4: 2.0, A5: 8.0, A6: 4.0, A7: 0.25, A8: 0.0, A9: 0.0, A10: 0.0, A11: 1.0, A12: 2.0, A13: 372.0, A14: 123.0."
417,"Assess the creditworthiness of a customer using the following table attributes for financial status. Respond with either 'good' or 'bad'. And all the table attribute names including 8 categorical attributes and 6 numerical attributes and values have been changed to meaningless symbols to protect confidentiality of the data. For instance, 'The client has attributes: A1: 0, A2: 21.67, A3: 11.5, A4: 1, A5: 5, A6: 3, A7: 0, A8: 1, A9: 1, A10: 11, A11: 1, A12: 2, A13: 0, A14: 1.', should be classified as 'good'. 
 Text: The client has attributes: A1: 0.0, A2: 33.75, A3: 0.75, A4: 2.0, A5: 4.0, A6: 5.0, A7: 1.0, A8: 1.0, A9: 1.0, A10: 3.0, A11: 1.0, A12: 2.0, A13: 212.0, A14: 1.0. 
",bad,"[good, bad]",1,"The client has attributes: A1: 0.0, A2: 33.75, A3: 0.75, A4: 2.0, A5: 4.0, A6: 5.0, A7: 1.0, A8: 1.0, A9: 1.0, A10: 3.0, A11: 1.0, A12: 2.0, A13: 212.0, A14: 1.0."
418,"Assess the creditworthiness of a customer using the following table attributes for financial status. Respond with either 'good' or 'bad'. And all the table attribute names including 8 categorical attributes and 6 numerical attributes and values have been changed to meaningless symbols to protect confidentiality of the data. For instance, 'The client has attributes: A1: 0, A2: 21.67, A3: 11.5, A4: 1, A5: 5, A6: 3, A7: 0, A8: 1, A9: 1, A10: 11, A11: 1, A12: 2, A13: 0, A14: 1.', should be classified as 'good'. 
 Text: The client has attributes: A1: 1.0, A2: 25.25, A3: 1.0, A4: 2.0, A5: 6.0, A6: 4.0, A7: 0.5, A8: 0.0, A9: 0.0, A10: 0.0, A11: 0.0, A12: 2.0, A13: 200.0, A14: 1.0. 
",bad,"[good, bad]",1,"The client has attributes: A1: 1.0, A2: 25.25, A3: 1.0, A4: 2.0, A5: 6.0, A6: 4.0, A7: 0.5, A8: 0.0, A9: 0.0, A10: 0.0, A11: 0.0, A12: 2.0, A13: 200.0, A14: 1.0."
419,"Assess the creditworthiness of a customer using the following table attributes for financial status. Respond with either 'good' or 'bad'. And all the table attribute names including 8 categorical attributes and 6 numerical attributes and values have been changed to meaningless symbols to protect confidentiality of the data. For instance, 'The client has attributes: A1: 0, A2: 21.67, A3: 11.5, A4: 1, A5: 5, A6: 3, A7: 0, A8: 1, A9: 1, A10: 11, A11: 1, A12: 2, A13: 0, A14: 1.', should be classified as 'good'. 
 Text: The client has attributes: A1: 1.0, A2: 37.17, A3: 4.0, A4: 2.0, A5: 8.0, A6: 5.0, A7: 5.0, A8: 1.0, A9: 0.0, A10: 0.0, A11: 1.0, A12: 1.0, A13: 280.0, A14: 1.0. 
",bad,"[good, bad]",1,"The client has attributes: A1: 1.0, A2: 37.17, A3: 4.0, A4: 2.0, A5: 8.0, A6: 5.0, A7: 5.0, A8: 1.0, A9: 0.0, A10: 0.0, A11: 1.0, A12: 1.0, A13: 280.0, A14: 1.0."
420,"Assess the creditworthiness of a customer using the following table attributes for financial status. Respond with either 'good' or 'bad'. And all the table attribute names including 8 categorical attributes and 6 numerical attributes and values have been changed to meaningless symbols to protect confidentiality of the data. For instance, 'The client has attributes: A1: 0, A2: 21.67, A3: 11.5, A4: 1, A5: 5, A6: 3, A7: 0, A8: 1, A9: 1, A10: 11, A11: 1, A12: 2, A13: 0, A14: 1.', should be classified as 'good'. 
 Text: The client has attributes: A1: 1.0, A2: 34.17, A3: 9.17, A4: 2.0, A5: 8.0, A6: 4.0, A7: 4.5, A8: 1.0, A9: 1.0, A10: 12.0, A11: 1.0, A12: 2.0, A13: 0.0, A14: 222.0. 
",good,"[good, bad]",0,"The client has attributes: A1: 1.0, A2: 34.17, A3: 9.17, A4: 2.0, A5: 8.0, A6: 4.0, A7: 4.5, A8: 1.0, A9: 1.0, A10: 12.0, A11: 1.0, A12: 2.0, A13: 0.0, A14: 222.0."
421,"Assess the creditworthiness of a customer using the following table attributes for financial status. Respond with either 'good' or 'bad'. And all the table attribute names including 8 categorical attributes and 6 numerical attributes and values have been changed to meaningless symbols to protect confidentiality of the data. For instance, 'The client has attributes: A1: 0, A2: 21.67, A3: 11.5, A4: 1, A5: 5, A6: 3, A7: 0, A8: 1, A9: 1, A10: 11, A11: 1, A12: 2, A13: 0, A14: 1.', should be classified as 'good'. 
 Text: The client has attributes: A1: 1.0, A2: 44.0, A3: 2.0, A4: 2.0, A5: 7.0, A6: 4.0, A7: 1.75, A8: 1.0, A9: 1.0, A10: 2.0, A11: 1.0, A12: 2.0, A13: 0.0, A14: 16.0. 
",good,"[good, bad]",0,"The client has attributes: A1: 1.0, A2: 44.0, A3: 2.0, A4: 2.0, A5: 7.0, A6: 4.0, A7: 1.75, A8: 1.0, A9: 1.0, A10: 2.0, A11: 1.0, A12: 2.0, A13: 0.0, A14: 16.0."
422,"Assess the creditworthiness of a customer using the following table attributes for financial status. Respond with either 'good' or 'bad'. And all the table attribute names including 8 categorical attributes and 6 numerical attributes and values have been changed to meaningless symbols to protect confidentiality of the data. For instance, 'The client has attributes: A1: 0, A2: 21.67, A3: 11.5, A4: 1, A5: 5, A6: 3, A7: 0, A8: 1, A9: 1, A10: 11, A11: 1, A12: 2, A13: 0, A14: 1.', should be classified as 'good'. 
 Text: The client has attributes: A1: 1.0, A2: 80.25, A3: 5.5, A4: 2.0, A5: 8.0, A6: 4.0, A7: 0.54, A8: 1.0, A9: 0.0, A10: 0.0, A11: 0.0, A12: 2.0, A13: 0.0, A14: 341.0. 
",bad,"[good, bad]",1,"The client has attributes: A1: 1.0, A2: 80.25, A3: 5.5, A4: 2.0, A5: 8.0, A6: 4.0, A7: 0.54, A8: 1.0, A9: 0.0, A10: 0.0, A11: 0.0, A12: 2.0, A13: 0.0, A14: 341.0."
423,"Assess the creditworthiness of a customer using the following table attributes for financial status. Respond with either 'good' or 'bad'. And all the table attribute names including 8 categorical attributes and 6 numerical attributes and values have been changed to meaningless symbols to protect confidentiality of the data. For instance, 'The client has attributes: A1: 0, A2: 21.67, A3: 11.5, A4: 1, A5: 5, A6: 3, A7: 0, A8: 1, A9: 1, A10: 11, A11: 1, A12: 2, A13: 0, A14: 1.', should be classified as 'good'. 
 Text: The client has attributes: A1: 1.0, A2: 34.08, A3: 2.5, A4: 2.0, A5: 8.0, A6: 4.0, A7: 1.0, A8: 0.0, A9: 0.0, A10: 0.0, A11: 0.0, A12: 2.0, A13: 460.0, A14: 17.0. 
",bad,"[good, bad]",1,"The client has attributes: A1: 1.0, A2: 34.08, A3: 2.5, A4: 2.0, A5: 8.0, A6: 4.0, A7: 1.0, A8: 0.0, A9: 0.0, A10: 0.0, A11: 0.0, A12: 2.0, A13: 460.0, A14: 17.0."
424,"Assess the creditworthiness of a customer using the following table attributes for financial status. Respond with either 'good' or 'bad'. And all the table attribute names including 8 categorical attributes and 6 numerical attributes and values have been changed to meaningless symbols to protect confidentiality of the data. For instance, 'The client has attributes: A1: 0, A2: 21.67, A3: 11.5, A4: 1, A5: 5, A6: 3, A7: 0, A8: 1, A9: 1, A10: 11, A11: 1, A12: 2, A13: 0, A14: 1.', should be classified as 'good'. 
 Text: The client has attributes: A1: 1.0, A2: 23.25, A3: 1.0, A4: 2.0, A5: 8.0, A6: 4.0, A7: 0.835, A8: 1.0, A9: 0.0, A10: 0.0, A11: 0.0, A12: 1.0, A13: 300.0, A14: 1.0. 
",good,"[good, bad]",0,"The client has attributes: A1: 1.0, A2: 23.25, A3: 1.0, A4: 2.0, A5: 8.0, A6: 4.0, A7: 0.835, A8: 1.0, A9: 0.0, A10: 0.0, A11: 0.0, A12: 1.0, A13: 300.0, A14: 1.0."
425,"Assess the creditworthiness of a customer using the following table attributes for financial status. Respond with either 'good' or 'bad'. And all the table attribute names including 8 categorical attributes and 6 numerical attributes and values have been changed to meaningless symbols to protect confidentiality of the data. For instance, 'The client has attributes: A1: 0, A2: 21.67, A3: 11.5, A4: 1, A5: 5, A6: 3, A7: 0, A8: 1, A9: 1, A10: 11, A11: 1, A12: 2, A13: 0, A14: 1.', should be classified as 'good'. 
 Text: The client has attributes: A1: 1.0, A2: 34.25, A3: 1.75, A4: 2.0, A5: 9.0, A6: 5.0, A7: 0.25, A8: 1.0, A9: 0.0, A10: 0.0, A11: 1.0, A12: 2.0, A13: 163.0, A14: 1.0. 
",bad,"[good, bad]",1,"The client has attributes: A1: 1.0, A2: 34.25, A3: 1.75, A4: 2.0, A5: 9.0, A6: 5.0, A7: 0.25, A8: 1.0, A9: 0.0, A10: 0.0, A11: 1.0, A12: 2.0, A13: 163.0, A14: 1.0."
426,"Assess the creditworthiness of a customer using the following table attributes for financial status. Respond with either 'good' or 'bad'. And all the table attribute names including 8 categorical attributes and 6 numerical attributes and values have been changed to meaningless symbols to protect confidentiality of the data. For instance, 'The client has attributes: A1: 0, A2: 21.67, A3: 11.5, A4: 1, A5: 5, A6: 3, A7: 0, A8: 1, A9: 1, A10: 11, A11: 1, A12: 2, A13: 0, A14: 1.', should be classified as 'good'. 
 Text: The client has attributes: A1: 0.0, A2: 35.75, A3: 0.915, A4: 2.0, A5: 6.0, A6: 4.0, A7: 0.75, A8: 1.0, A9: 1.0, A10: 4.0, A11: 0.0, A12: 2.0, A13: 0.0, A14: 1584.0. 
",good,"[good, bad]",0,"The client has attributes: A1: 0.0, A2: 35.75, A3: 0.915, A4: 2.0, A5: 6.0, A6: 4.0, A7: 0.75, A8: 1.0, A9: 1.0, A10: 4.0, A11: 0.0, A12: 2.0, A13: 0.0, A14: 1584.0."
427,"Assess the creditworthiness of a customer using the following table attributes for financial status. Respond with either 'good' or 'bad'. And all the table attribute names including 8 categorical attributes and 6 numerical attributes and values have been changed to meaningless symbols to protect confidentiality of the data. For instance, 'The client has attributes: A1: 0, A2: 21.67, A3: 11.5, A4: 1, A5: 5, A6: 3, A7: 0, A8: 1, A9: 1, A10: 11, A11: 1, A12: 2, A13: 0, A14: 1.', should be classified as 'good'. 
 Text: The client has attributes: A1: 1.0, A2: 37.5, A3: 0.835, A4: 2.0, A5: 10.0, A6: 4.0, A7: 0.04, A8: 0.0, A9: 0.0, A10: 0.0, A11: 0.0, A12: 2.0, A13: 120.0, A14: 6.0. 
",bad,"[good, bad]",1,"The client has attributes: A1: 1.0, A2: 37.5, A3: 0.835, A4: 2.0, A5: 10.0, A6: 4.0, A7: 0.04, A8: 0.0, A9: 0.0, A10: 0.0, A11: 0.0, A12: 2.0, A13: 120.0, A14: 6.0."
428,"Assess the creditworthiness of a customer using the following table attributes for financial status. Respond with either 'good' or 'bad'. And all the table attribute names including 8 categorical attributes and 6 numerical attributes and values have been changed to meaningless symbols to protect confidentiality of the data. For instance, 'The client has attributes: A1: 0, A2: 21.67, A3: 11.5, A4: 1, A5: 5, A6: 3, A7: 0, A8: 1, A9: 1, A10: 11, A11: 1, A12: 2, A13: 0, A14: 1.', should be classified as 'good'. 
 Text: The client has attributes: A1: 1.0, A2: 17.25, A3: 3.0, A4: 2.0, A5: 4.0, A6: 4.0, A7: 0.04, A8: 0.0, A9: 0.0, A10: 0.0, A11: 1.0, A12: 2.0, A13: 160.0, A14: 41.0. 
",bad,"[good, bad]",1,"The client has attributes: A1: 1.0, A2: 17.25, A3: 3.0, A4: 2.0, A5: 4.0, A6: 4.0, A7: 0.04, A8: 0.0, A9: 0.0, A10: 0.0, A11: 1.0, A12: 2.0, A13: 160.0, A14: 41.0."
429,"Assess the creditworthiness of a customer using the following table attributes for financial status. Respond with either 'good' or 'bad'. And all the table attribute names including 8 categorical attributes and 6 numerical attributes and values have been changed to meaningless symbols to protect confidentiality of the data. For instance, 'The client has attributes: A1: 0, A2: 21.67, A3: 11.5, A4: 1, A5: 5, A6: 3, A7: 0, A8: 1, A9: 1, A10: 11, A11: 1, A12: 2, A13: 0, A14: 1.', should be classified as 'good'. 
 Text: The client has attributes: A1: 0.0, A2: 41.58, A3: 1.04, A4: 2.0, A5: 6.0, A6: 4.0, A7: 0.665, A8: 0.0, A9: 0.0, A10: 0.0, A11: 0.0, A12: 2.0, A13: 240.0, A14: 238.0. 
",bad,"[good, bad]",1,"The client has attributes: A1: 0.0, A2: 41.58, A3: 1.04, A4: 2.0, A5: 6.0, A6: 4.0, A7: 0.665, A8: 0.0, A9: 0.0, A10: 0.0, A11: 0.0, A12: 2.0, A13: 240.0, A14: 238.0."
430,"Assess the creditworthiness of a customer using the following table attributes for financial status. Respond with either 'good' or 'bad'. And all the table attribute names including 8 categorical attributes and 6 numerical attributes and values have been changed to meaningless symbols to protect confidentiality of the data. For instance, 'The client has attributes: A1: 0, A2: 21.67, A3: 11.5, A4: 1, A5: 5, A6: 3, A7: 0, A8: 1, A9: 1, A10: 11, A11: 1, A12: 2, A13: 0, A14: 1.', should be classified as 'good'. 
 Text: The client has attributes: A1: 0.0, A2: 25.58, A3: 0.0, A4: 2.0, A5: 8.0, A6: 4.0, A7: 0.0, A8: 0.0, A9: 0.0, A10: 0.0, A11: 0.0, A12: 3.0, A13: 184.0, A14: 1.0. 
",good,"[good, bad]",0,"The client has attributes: A1: 0.0, A2: 25.58, A3: 0.0, A4: 2.0, A5: 8.0, A6: 4.0, A7: 0.0, A8: 0.0, A9: 0.0, A10: 0.0, A11: 0.0, A12: 3.0, A13: 184.0, A14: 1.0."
431,"Assess the creditworthiness of a customer using the following table attributes for financial status. Respond with either 'good' or 'bad'. And all the table attribute names including 8 categorical attributes and 6 numerical attributes and values have been changed to meaningless symbols to protect confidentiality of the data. For instance, 'The client has attributes: A1: 0, A2: 21.67, A3: 11.5, A4: 1, A5: 5, A6: 3, A7: 0, A8: 1, A9: 1, A10: 11, A11: 1, A12: 2, A13: 0, A14: 1.', should be classified as 'good'. 
 Text: The client has attributes: A1: 0.0, A2: 23.5, A3: 9.0, A4: 2.0, A5: 11.0, A6: 4.0, A7: 8.5, A8: 1.0, A9: 1.0, A10: 5.0, A11: 1.0, A12: 2.0, A13: 120.0, A14: 1.0. 
",good,"[good, bad]",0,"The client has attributes: A1: 0.0, A2: 23.5, A3: 9.0, A4: 2.0, A5: 11.0, A6: 4.0, A7: 8.5, A8: 1.0, A9: 1.0, A10: 5.0, A11: 1.0, A12: 2.0, A13: 120.0, A14: 1.0."
432,"Assess the creditworthiness of a customer using the following table attributes for financial status. Respond with either 'good' or 'bad'. And all the table attribute names including 8 categorical attributes and 6 numerical attributes and values have been changed to meaningless symbols to protect confidentiality of the data. For instance, 'The client has attributes: A1: 0, A2: 21.67, A3: 11.5, A4: 1, A5: 5, A6: 3, A7: 0, A8: 1, A9: 1, A10: 11, A11: 1, A12: 2, A13: 0, A14: 1.', should be classified as 'good'. 
 Text: The client has attributes: A1: 1.0, A2: 22.08, A3: 11.46, A4: 2.0, A5: 4.0, A6: 4.0, A7: 1.585, A8: 0.0, A9: 0.0, A10: 0.0, A11: 1.0, A12: 2.0, A13: 100.0, A14: 1213.0. 
",bad,"[good, bad]",1,"The client has attributes: A1: 1.0, A2: 22.08, A3: 11.46, A4: 2.0, A5: 4.0, A6: 4.0, A7: 1.585, A8: 0.0, A9: 0.0, A10: 0.0, A11: 1.0, A12: 2.0, A13: 100.0, A14: 1213.0."
433,"Assess the creditworthiness of a customer using the following table attributes for financial status. Respond with either 'good' or 'bad'. And all the table attribute names including 8 categorical attributes and 6 numerical attributes and values have been changed to meaningless symbols to protect confidentiality of the data. For instance, 'The client has attributes: A1: 0, A2: 21.67, A3: 11.5, A4: 1, A5: 5, A6: 3, A7: 0, A8: 1, A9: 1, A10: 11, A11: 1, A12: 2, A13: 0, A14: 1.', should be classified as 'good'. 
 Text: The client has attributes: A1: 1.0, A2: 27.83, A3: 1.5, A4: 2.0, A5: 9.0, A6: 4.0, A7: 2.0, A8: 1.0, A9: 1.0, A10: 11.0, A11: 1.0, A12: 2.0, A13: 434.0, A14: 36.0. 
",good,"[good, bad]",0,"The client has attributes: A1: 1.0, A2: 27.83, A3: 1.5, A4: 2.0, A5: 9.0, A6: 4.0, A7: 2.0, A8: 1.0, A9: 1.0, A10: 11.0, A11: 1.0, A12: 2.0, A13: 434.0, A14: 36.0."
434,"Assess the creditworthiness of a customer using the following table attributes for financial status. Respond with either 'good' or 'bad'. And all the table attribute names including 8 categorical attributes and 6 numerical attributes and values have been changed to meaningless symbols to protect confidentiality of the data. For instance, 'The client has attributes: A1: 0, A2: 21.67, A3: 11.5, A4: 1, A5: 5, A6: 3, A7: 0, A8: 1, A9: 1, A10: 11, A11: 1, A12: 2, A13: 0, A14: 1.', should be classified as 'good'. 
 Text: The client has attributes: A1: 0.0, A2: 40.83, A3: 3.5, A4: 2.0, A5: 3.0, A6: 5.0, A7: 0.5, A8: 0.0, A9: 0.0, A10: 0.0, A11: 0.0, A12: 1.0, A13: 1160.0, A14: 1.0. 
",bad,"[good, bad]",1,"The client has attributes: A1: 0.0, A2: 40.83, A3: 3.5, A4: 2.0, A5: 3.0, A6: 5.0, A7: 0.5, A8: 0.0, A9: 0.0, A10: 0.0, A11: 0.0, A12: 1.0, A13: 1160.0, A14: 1.0."
435,"Assess the creditworthiness of a customer using the following table attributes for financial status. Respond with either 'good' or 'bad'. And all the table attribute names including 8 categorical attributes and 6 numerical attributes and values have been changed to meaningless symbols to protect confidentiality of the data. For instance, 'The client has attributes: A1: 0, A2: 21.67, A3: 11.5, A4: 1, A5: 5, A6: 3, A7: 0, A8: 1, A9: 1, A10: 11, A11: 1, A12: 2, A13: 0, A14: 1.', should be classified as 'good'. 
 Text: The client has attributes: A1: 1.0, A2: 18.5, A3: 2.0, A4: 2.0, A5: 3.0, A6: 4.0, A7: 1.5, A8: 1.0, A9: 1.0, A10: 2.0, A11: 0.0, A12: 2.0, A13: 120.0, A14: 301.0. 
",good,"[good, bad]",0,"The client has attributes: A1: 1.0, A2: 18.5, A3: 2.0, A4: 2.0, A5: 3.0, A6: 4.0, A7: 1.5, A8: 1.0, A9: 1.0, A10: 2.0, A11: 0.0, A12: 2.0, A13: 120.0, A14: 301.0."
436,"Assess the creditworthiness of a customer using the following table attributes for financial status. Respond with either 'good' or 'bad'. And all the table attribute names including 8 categorical attributes and 6 numerical attributes and values have been changed to meaningless symbols to protect confidentiality of the data. For instance, 'The client has attributes: A1: 0, A2: 21.67, A3: 11.5, A4: 1, A5: 5, A6: 3, A7: 0, A8: 1, A9: 1, A10: 11, A11: 1, A12: 2, A13: 0, A14: 1.', should be classified as 'good'. 
 Text: The client has attributes: A1: 0.0, A2: 15.83, A3: 0.585, A4: 2.0, A5: 8.0, A6: 8.0, A7: 1.5, A8: 1.0, A9: 1.0, A10: 2.0, A11: 0.0, A12: 2.0, A13: 100.0, A14: 1.0. 
",good,"[good, bad]",0,"The client has attributes: A1: 0.0, A2: 15.83, A3: 0.585, A4: 2.0, A5: 8.0, A6: 8.0, A7: 1.5, A8: 1.0, A9: 1.0, A10: 2.0, A11: 0.0, A12: 2.0, A13: 100.0, A14: 1.0."
437,"Assess the creditworthiness of a customer using the following table attributes for financial status. Respond with either 'good' or 'bad'. And all the table attribute names including 8 categorical attributes and 6 numerical attributes and values have been changed to meaningless symbols to protect confidentiality of the data. For instance, 'The client has attributes: A1: 0, A2: 21.67, A3: 11.5, A4: 1, A5: 5, A6: 3, A7: 0, A8: 1, A9: 1, A10: 11, A11: 1, A12: 2, A13: 0, A14: 1.', should be classified as 'good'. 
 Text: The client has attributes: A1: 1.0, A2: 39.17, A3: 1.71, A4: 2.0, A5: 14.0, A6: 4.0, A7: 0.125, A8: 1.0, A9: 1.0, A10: 5.0, A11: 1.0, A12: 2.0, A13: 480.0, A14: 1.0. 
",good,"[good, bad]",0,"The client has attributes: A1: 1.0, A2: 39.17, A3: 1.71, A4: 2.0, A5: 14.0, A6: 4.0, A7: 0.125, A8: 1.0, A9: 1.0, A10: 5.0, A11: 1.0, A12: 2.0, A13: 480.0, A14: 1.0."
438,"Assess the creditworthiness of a customer using the following table attributes for financial status. Respond with either 'good' or 'bad'. And all the table attribute names including 8 categorical attributes and 6 numerical attributes and values have been changed to meaningless symbols to protect confidentiality of the data. For instance, 'The client has attributes: A1: 0, A2: 21.67, A3: 11.5, A4: 1, A5: 5, A6: 3, A7: 0, A8: 1, A9: 1, A10: 11, A11: 1, A12: 2, A13: 0, A14: 1.', should be classified as 'good'. 
 Text: The client has attributes: A1: 0.0, A2: 31.57, A3: 11.25, A4: 2.0, A5: 1.0, A6: 1.0, A7: 0.0, A8: 0.0, A9: 0.0, A10: 0.0, A11: 0.0, A12: 2.0, A13: 184.0, A14: 5201.0. 
",bad,"[good, bad]",1,"The client has attributes: A1: 0.0, A2: 31.57, A3: 11.25, A4: 2.0, A5: 1.0, A6: 1.0, A7: 0.0, A8: 0.0, A9: 0.0, A10: 0.0, A11: 0.0, A12: 2.0, A13: 184.0, A14: 5201.0."
439,"Assess the creditworthiness of a customer using the following table attributes for financial status. Respond with either 'good' or 'bad'. And all the table attribute names including 8 categorical attributes and 6 numerical attributes and values have been changed to meaningless symbols to protect confidentiality of the data. For instance, 'The client has attributes: A1: 0, A2: 21.67, A3: 11.5, A4: 1, A5: 5, A6: 3, A7: 0, A8: 1, A9: 1, A10: 11, A11: 1, A12: 2, A13: 0, A14: 1.', should be classified as 'good'. 
 Text: The client has attributes: A1: 0.0, A2: 38.75, A3: 1.5, A4: 2.0, A5: 1.0, A6: 1.0, A7: 0.0, A8: 0.0, A9: 0.0, A10: 0.0, A11: 0.0, A12: 2.0, A13: 76.0, A14: 1.0. 
",bad,"[good, bad]",1,"The client has attributes: A1: 0.0, A2: 38.75, A3: 1.5, A4: 2.0, A5: 1.0, A6: 1.0, A7: 0.0, A8: 0.0, A9: 0.0, A10: 0.0, A11: 0.0, A12: 2.0, A13: 76.0, A14: 1.0."
440,"Assess the creditworthiness of a customer using the following table attributes for financial status. Respond with either 'good' or 'bad'. And all the table attribute names including 8 categorical attributes and 6 numerical attributes and values have been changed to meaningless symbols to protect confidentiality of the data. For instance, 'The client has attributes: A1: 0, A2: 21.67, A3: 11.5, A4: 1, A5: 5, A6: 3, A7: 0, A8: 1, A9: 1, A10: 11, A11: 1, A12: 2, A13: 0, A14: 1.', should be classified as 'good'. 
 Text: The client has attributes: A1: 0.0, A2: 26.5, A3: 2.71, A4: 1.0, A5: 8.0, A6: 4.0, A7: 0.085, A8: 0.0, A9: 0.0, A10: 0.0, A11: 0.0, A12: 1.0, A13: 80.0, A14: 1.0. 
",bad,"[good, bad]",1,"The client has attributes: A1: 0.0, A2: 26.5, A3: 2.71, A4: 1.0, A5: 8.0, A6: 4.0, A7: 0.085, A8: 0.0, A9: 0.0, A10: 0.0, A11: 0.0, A12: 1.0, A13: 80.0, A14: 1.0."
441,"Assess the creditworthiness of a customer using the following table attributes for financial status. Respond with either 'good' or 'bad'. And all the table attribute names including 8 categorical attributes and 6 numerical attributes and values have been changed to meaningless symbols to protect confidentiality of the data. For instance, 'The client has attributes: A1: 0, A2: 21.67, A3: 11.5, A4: 1, A5: 5, A6: 3, A7: 0, A8: 1, A9: 1, A10: 11, A11: 1, A12: 2, A13: 0, A14: 1.', should be classified as 'good'. 
 Text: The client has attributes: A1: 0.0, A2: 16.0, A3: 0.165, A4: 2.0, A5: 6.0, A6: 4.0, A7: 1.0, A8: 0.0, A9: 1.0, A10: 2.0, A11: 1.0, A12: 2.0, A13: 320.0, A14: 2.0. 
",bad,"[good, bad]",1,"The client has attributes: A1: 0.0, A2: 16.0, A3: 0.165, A4: 2.0, A5: 6.0, A6: 4.0, A7: 1.0, A8: 0.0, A9: 1.0, A10: 2.0, A11: 1.0, A12: 2.0, A13: 320.0, A14: 2.0."
442,"Assess the creditworthiness of a customer using the following table attributes for financial status. Respond with either 'good' or 'bad'. And all the table attribute names including 8 categorical attributes and 6 numerical attributes and values have been changed to meaningless symbols to protect confidentiality of the data. For instance, 'The client has attributes: A1: 0, A2: 21.67, A3: 11.5, A4: 1, A5: 5, A6: 3, A7: 0, A8: 1, A9: 1, A10: 11, A11: 1, A12: 2, A13: 0, A14: 1.', should be classified as 'good'. 
 Text: The client has attributes: A1: 1.0, A2: 18.83, A3: 0.0, A4: 2.0, A5: 11.0, A6: 4.0, A7: 0.665, A8: 0.0, A9: 0.0, A10: 0.0, A11: 0.0, A12: 2.0, A13: 160.0, A14: 2.0. 
",bad,"[good, bad]",1,"The client has attributes: A1: 1.0, A2: 18.83, A3: 0.0, A4: 2.0, A5: 11.0, A6: 4.0, A7: 0.665, A8: 0.0, A9: 0.0, A10: 0.0, A11: 0.0, A12: 2.0, A13: 160.0, A14: 2.0."
443,"Assess the creditworthiness of a customer using the following table attributes for financial status. Respond with either 'good' or 'bad'. And all the table attribute names including 8 categorical attributes and 6 numerical attributes and values have been changed to meaningless symbols to protect confidentiality of the data. For instance, 'The client has attributes: A1: 0, A2: 21.67, A3: 11.5, A4: 1, A5: 5, A6: 3, A7: 0, A8: 1, A9: 1, A10: 11, A11: 1, A12: 2, A13: 0, A14: 1.', should be classified as 'good'. 
 Text: The client has attributes: A1: 1.0, A2: 48.58, A3: 0.205, A4: 1.0, A5: 4.0, A6: 4.0, A7: 0.25, A8: 1.0, A9: 1.0, A10: 11.0, A11: 0.0, A12: 2.0, A13: 380.0, A14: 2733.0. 
",good,"[good, bad]",0,"The client has attributes: A1: 1.0, A2: 48.58, A3: 0.205, A4: 1.0, A5: 4.0, A6: 4.0, A7: 0.25, A8: 1.0, A9: 1.0, A10: 11.0, A11: 0.0, A12: 2.0, A13: 380.0, A14: 2733.0."
444,"Assess the creditworthiness of a customer using the following table attributes for financial status. Respond with either 'good' or 'bad'. And all the table attribute names including 8 categorical attributes and 6 numerical attributes and values have been changed to meaningless symbols to protect confidentiality of the data. For instance, 'The client has attributes: A1: 0, A2: 21.67, A3: 11.5, A4: 1, A5: 5, A6: 3, A7: 0, A8: 1, A9: 1, A10: 11, A11: 1, A12: 2, A13: 0, A14: 1.', should be classified as 'good'. 
 Text: The client has attributes: A1: 1.0, A2: 56.0, A3: 12.5, A4: 2.0, A5: 4.0, A6: 8.0, A7: 8.0, A8: 1.0, A9: 0.0, A10: 0.0, A11: 1.0, A12: 2.0, A13: 24.0, A14: 2029.0. 
",good,"[good, bad]",0,"The client has attributes: A1: 1.0, A2: 56.0, A3: 12.5, A4: 2.0, A5: 4.0, A6: 8.0, A7: 8.0, A8: 1.0, A9: 0.0, A10: 0.0, A11: 1.0, A12: 2.0, A13: 24.0, A14: 2029.0."
445,"Assess the creditworthiness of a customer using the following table attributes for financial status. Respond with either 'good' or 'bad'. And all the table attribute names including 8 categorical attributes and 6 numerical attributes and values have been changed to meaningless symbols to protect confidentiality of the data. For instance, 'The client has attributes: A1: 0, A2: 21.67, A3: 11.5, A4: 1, A5: 5, A6: 3, A7: 0, A8: 1, A9: 1, A10: 11, A11: 1, A12: 2, A13: 0, A14: 1.', should be classified as 'good'. 
 Text: The client has attributes: A1: 0.0, A2: 18.83, A3: 4.415, A4: 1.0, A5: 8.0, A6: 8.0, A7: 3.0, A8: 1.0, A9: 0.0, A10: 0.0, A11: 0.0, A12: 2.0, A13: 240.0, A14: 1.0. 
",good,"[good, bad]",0,"The client has attributes: A1: 0.0, A2: 18.83, A3: 4.415, A4: 1.0, A5: 8.0, A6: 8.0, A7: 3.0, A8: 1.0, A9: 0.0, A10: 0.0, A11: 0.0, A12: 2.0, A13: 240.0, A14: 1.0."
446,"Assess the creditworthiness of a customer using the following table attributes for financial status. Respond with either 'good' or 'bad'. And all the table attribute names including 8 categorical attributes and 6 numerical attributes and values have been changed to meaningless symbols to protect confidentiality of the data. For instance, 'The client has attributes: A1: 0, A2: 21.67, A3: 11.5, A4: 1, A5: 5, A6: 3, A7: 0, A8: 1, A9: 1, A10: 11, A11: 1, A12: 2, A13: 0, A14: 1.', should be classified as 'good'. 
 Text: The client has attributes: A1: 1.0, A2: 52.33, A3: 1.375, A4: 1.0, A5: 8.0, A6: 8.0, A7: 9.46, A8: 1.0, A9: 0.0, A10: 0.0, A11: 1.0, A12: 2.0, A13: 200.0, A14: 101.0. 
",bad,"[good, bad]",1,"The client has attributes: A1: 1.0, A2: 52.33, A3: 1.375, A4: 1.0, A5: 8.0, A6: 8.0, A7: 9.46, A8: 1.0, A9: 0.0, A10: 0.0, A11: 1.0, A12: 2.0, A13: 200.0, A14: 101.0."
447,"Assess the creditworthiness of a customer using the following table attributes for financial status. Respond with either 'good' or 'bad'. And all the table attribute names including 8 categorical attributes and 6 numerical attributes and values have been changed to meaningless symbols to protect confidentiality of the data. For instance, 'The client has attributes: A1: 0, A2: 21.67, A3: 11.5, A4: 1, A5: 5, A6: 3, A7: 0, A8: 1, A9: 1, A10: 11, A11: 1, A12: 2, A13: 0, A14: 1.', should be classified as 'good'. 
 Text: The client has attributes: A1: 0.0, A2: 20.42, A3: 7.5, A4: 2.0, A5: 4.0, A6: 4.0, A7: 1.5, A8: 1.0, A9: 1.0, A10: 1.0, A11: 0.0, A12: 2.0, A13: 160.0, A14: 235.0. 
",good,"[good, bad]",0,"The client has attributes: A1: 0.0, A2: 20.42, A3: 7.5, A4: 2.0, A5: 4.0, A6: 4.0, A7: 1.5, A8: 1.0, A9: 1.0, A10: 1.0, A11: 0.0, A12: 2.0, A13: 160.0, A14: 235.0."
448,"Assess the creditworthiness of a customer using the following table attributes for financial status. Respond with either 'good' or 'bad'. And all the table attribute names including 8 categorical attributes and 6 numerical attributes and values have been changed to meaningless symbols to protect confidentiality of the data. For instance, 'The client has attributes: A1: 0, A2: 21.67, A3: 11.5, A4: 1, A5: 5, A6: 3, A7: 0, A8: 1, A9: 1, A10: 11, A11: 1, A12: 2, A13: 0, A14: 1.', should be classified as 'good'. 
 Text: The client has attributes: A1: 1.0, A2: 23.75, A3: 12.0, A4: 2.0, A5: 8.0, A6: 4.0, A7: 2.085, A8: 0.0, A9: 0.0, A10: 0.0, A11: 0.0, A12: 1.0, A13: 80.0, A14: 1.0. 
",bad,"[good, bad]",1,"The client has attributes: A1: 1.0, A2: 23.75, A3: 12.0, A4: 2.0, A5: 8.0, A6: 4.0, A7: 2.085, A8: 0.0, A9: 0.0, A10: 0.0, A11: 0.0, A12: 1.0, A13: 80.0, A14: 1.0."
449,"Assess the creditworthiness of a customer using the following table attributes for financial status. Respond with either 'good' or 'bad'. And all the table attribute names including 8 categorical attributes and 6 numerical attributes and values have been changed to meaningless symbols to protect confidentiality of the data. For instance, 'The client has attributes: A1: 0, A2: 21.67, A3: 11.5, A4: 1, A5: 5, A6: 3, A7: 0, A8: 1, A9: 1, A10: 11, A11: 1, A12: 2, A13: 0, A14: 1.', should be classified as 'good'. 
 Text: The client has attributes: A1: 1.0, A2: 24.83, A3: 2.75, A4: 2.0, A5: 8.0, A6: 4.0, A7: 2.25, A8: 1.0, A9: 1.0, A10: 6.0, A11: 0.0, A12: 2.0, A13: 184.0, A14: 601.0. 
",good,"[good, bad]",0,"The client has attributes: A1: 1.0, A2: 24.83, A3: 2.75, A4: 2.0, A5: 8.0, A6: 4.0, A7: 2.25, A8: 1.0, A9: 1.0, A10: 6.0, A11: 0.0, A12: 2.0, A13: 184.0, A14: 601.0."
450,"Assess the creditworthiness of a customer using the following table attributes for financial status. Respond with either 'good' or 'bad'. And all the table attribute names including 8 categorical attributes and 6 numerical attributes and values have been changed to meaningless symbols to protect confidentiality of the data. For instance, 'The client has attributes: A1: 0, A2: 21.67, A3: 11.5, A4: 1, A5: 5, A6: 3, A7: 0, A8: 1, A9: 1, A10: 11, A11: 1, A12: 2, A13: 0, A14: 1.', should be classified as 'good'. 
 Text: The client has attributes: A1: 0.0, A2: 24.5, A3: 1.75, A4: 1.0, A5: 8.0, A6: 4.0, A7: 0.165, A8: 0.0, A9: 0.0, A10: 0.0, A11: 0.0, A12: 2.0, A13: 132.0, A14: 1.0. 
",bad,"[good, bad]",1,"The client has attributes: A1: 0.0, A2: 24.5, A3: 1.75, A4: 1.0, A5: 8.0, A6: 4.0, A7: 0.165, A8: 0.0, A9: 0.0, A10: 0.0, A11: 0.0, A12: 2.0, A13: 132.0, A14: 1.0."
451,"Assess the creditworthiness of a customer using the following table attributes for financial status. Respond with either 'good' or 'bad'. And all the table attribute names including 8 categorical attributes and 6 numerical attributes and values have been changed to meaningless symbols to protect confidentiality of the data. For instance, 'The client has attributes: A1: 0, A2: 21.67, A3: 11.5, A4: 1, A5: 5, A6: 3, A7: 0, A8: 1, A9: 1, A10: 11, A11: 1, A12: 2, A13: 0, A14: 1.', should be classified as 'good'. 
 Text: The client has attributes: A1: 0.0, A2: 15.83, A3: 7.625, A4: 2.0, A5: 11.0, A6: 4.0, A7: 0.125, A8: 0.0, A9: 1.0, A10: 1.0, A11: 1.0, A12: 2.0, A13: 0.0, A14: 161.0. 
",bad,"[good, bad]",1,"The client has attributes: A1: 0.0, A2: 15.83, A3: 7.625, A4: 2.0, A5: 11.0, A6: 4.0, A7: 0.125, A8: 0.0, A9: 1.0, A10: 1.0, A11: 1.0, A12: 2.0, A13: 0.0, A14: 161.0."
452,"Assess the creditworthiness of a customer using the following table attributes for financial status. Respond with either 'good' or 'bad'. And all the table attribute names including 8 categorical attributes and 6 numerical attributes and values have been changed to meaningless symbols to protect confidentiality of the data. For instance, 'The client has attributes: A1: 0, A2: 21.67, A3: 11.5, A4: 1, A5: 5, A6: 3, A7: 0, A8: 1, A9: 1, A10: 11, A11: 1, A12: 2, A13: 0, A14: 1.', should be classified as 'good'. 
 Text: The client has attributes: A1: 1.0, A2: 56.42, A3: 28.0, A4: 1.0, A5: 8.0, A6: 4.0, A7: 28.5, A8: 1.0, A9: 1.0, A10: 40.0, A11: 0.0, A12: 2.0, A13: 0.0, A14: 16.0. 
",good,"[good, bad]",0,"The client has attributes: A1: 1.0, A2: 56.42, A3: 28.0, A4: 1.0, A5: 8.0, A6: 4.0, A7: 28.5, A8: 1.0, A9: 1.0, A10: 40.0, A11: 0.0, A12: 2.0, A13: 0.0, A14: 16.0."
453,"Assess the creditworthiness of a customer using the following table attributes for financial status. Respond with either 'good' or 'bad'. And all the table attribute names including 8 categorical attributes and 6 numerical attributes and values have been changed to meaningless symbols to protect confidentiality of the data. For instance, 'The client has attributes: A1: 0, A2: 21.67, A3: 11.5, A4: 1, A5: 5, A6: 3, A7: 0, A8: 1, A9: 1, A10: 11, A11: 1, A12: 2, A13: 0, A14: 1.', should be classified as 'good'. 
 Text: The client has attributes: A1: 1.0, A2: 22.92, A3: 0.17, A4: 2.0, A5: 7.0, A6: 4.0, A7: 0.085, A8: 0.0, A9: 0.0, A10: 0.0, A11: 0.0, A12: 1.0, A13: 0.0, A14: 1.0. 
",bad,"[good, bad]",1,"The client has attributes: A1: 1.0, A2: 22.92, A3: 0.17, A4: 2.0, A5: 7.0, A6: 4.0, A7: 0.085, A8: 0.0, A9: 0.0, A10: 0.0, A11: 0.0, A12: 1.0, A13: 0.0, A14: 1.0."
454,"Assess the creditworthiness of a customer using the following table attributes for financial status. Respond with either 'good' or 'bad'. And all the table attribute names including 8 categorical attributes and 6 numerical attributes and values have been changed to meaningless symbols to protect confidentiality of the data. For instance, 'The client has attributes: A1: 0, A2: 21.67, A3: 11.5, A4: 1, A5: 5, A6: 3, A7: 0, A8: 1, A9: 1, A10: 11, A11: 1, A12: 2, A13: 0, A14: 1.', should be classified as 'good'. 
 Text: The client has attributes: A1: 1.0, A2: 26.67, A3: 1.75, A4: 1.0, A5: 8.0, A6: 4.0, A7: 1.0, A8: 1.0, A9: 1.0, A10: 5.0, A11: 1.0, A12: 2.0, A13: 160.0, A14: 5778.0. 
",good,"[good, bad]",0,"The client has attributes: A1: 1.0, A2: 26.67, A3: 1.75, A4: 1.0, A5: 8.0, A6: 4.0, A7: 1.0, A8: 1.0, A9: 1.0, A10: 5.0, A11: 1.0, A12: 2.0, A13: 160.0, A14: 5778.0."
455,"Assess the creditworthiness of a customer using the following table attributes for financial status. Respond with either 'good' or 'bad'. And all the table attribute names including 8 categorical attributes and 6 numerical attributes and values have been changed to meaningless symbols to protect confidentiality of the data. For instance, 'The client has attributes: A1: 0, A2: 21.67, A3: 11.5, A4: 1, A5: 5, A6: 3, A7: 0, A8: 1, A9: 1, A10: 11, A11: 1, A12: 2, A13: 0, A14: 1.', should be classified as 'good'. 
 Text: The client has attributes: A1: 1.0, A2: 54.83, A3: 15.5, A4: 2.0, A5: 10.0, A6: 9.0, A7: 0.0, A8: 1.0, A9: 1.0, A10: 20.0, A11: 0.0, A12: 2.0, A13: 152.0, A14: 131.0. 
",bad,"[good, bad]",1,"The client has attributes: A1: 1.0, A2: 54.83, A3: 15.5, A4: 2.0, A5: 10.0, A6: 9.0, A7: 0.0, A8: 1.0, A9: 1.0, A10: 20.0, A11: 0.0, A12: 2.0, A13: 152.0, A14: 131.0."
456,"Assess the creditworthiness of a customer using the following table attributes for financial status. Respond with either 'good' or 'bad'. And all the table attribute names including 8 categorical attributes and 6 numerical attributes and values have been changed to meaningless symbols to protect confidentiality of the data. For instance, 'The client has attributes: A1: 0, A2: 21.67, A3: 11.5, A4: 1, A5: 5, A6: 3, A7: 0, A8: 1, A9: 1, A10: 11, A11: 1, A12: 2, A13: 0, A14: 1.', should be classified as 'good'. 
 Text: The client has attributes: A1: 1.0, A2: 17.08, A3: 0.085, A4: 1.0, A5: 8.0, A6: 4.0, A7: 0.04, A8: 0.0, A9: 0.0, A10: 0.0, A11: 0.0, A12: 2.0, A13: 140.0, A14: 723.0. 
",bad,"[good, bad]",1,"The client has attributes: A1: 1.0, A2: 17.08, A3: 0.085, A4: 1.0, A5: 8.0, A6: 4.0, A7: 0.04, A8: 0.0, A9: 0.0, A10: 0.0, A11: 0.0, A12: 2.0, A13: 140.0, A14: 723.0."
457,"Assess the creditworthiness of a customer using the following table attributes for financial status. Respond with either 'good' or 'bad'. And all the table attribute names including 8 categorical attributes and 6 numerical attributes and values have been changed to meaningless symbols to protect confidentiality of the data. For instance, 'The client has attributes: A1: 0, A2: 21.67, A3: 11.5, A4: 1, A5: 5, A6: 3, A7: 0, A8: 1, A9: 1, A10: 11, A11: 1, A12: 2, A13: 0, A14: 1.', should be classified as 'good'. 
 Text: The client has attributes: A1: 1.0, A2: 69.17, A3: 9.0, A4: 2.0, A5: 1.0, A6: 1.0, A7: 4.0, A8: 0.0, A9: 1.0, A10: 1.0, A11: 0.0, A12: 2.0, A13: 70.0, A14: 7.0. 
",bad,"[good, bad]",1,"The client has attributes: A1: 1.0, A2: 69.17, A3: 9.0, A4: 2.0, A5: 1.0, A6: 1.0, A7: 4.0, A8: 0.0, A9: 1.0, A10: 1.0, A11: 0.0, A12: 2.0, A13: 70.0, A14: 7.0."
458,"Assess the creditworthiness of a customer using the following table attributes for financial status. Respond with either 'good' or 'bad'. And all the table attribute names including 8 categorical attributes and 6 numerical attributes and values have been changed to meaningless symbols to protect confidentiality of the data. For instance, 'The client has attributes: A1: 0, A2: 21.67, A3: 11.5, A4: 1, A5: 5, A6: 3, A7: 0, A8: 1, A9: 1, A10: 11, A11: 1, A12: 2, A13: 0, A14: 1.', should be classified as 'good'. 
 Text: The client has attributes: A1: 0.0, A2: 30.5, A3: 6.5, A4: 2.0, A5: 8.0, A6: 5.0, A7: 4.0, A8: 1.0, A9: 1.0, A10: 7.0, A11: 1.0, A12: 2.0, A13: 0.0, A14: 3066.0. 
",good,"[good, bad]",0,"The client has attributes: A1: 0.0, A2: 30.5, A3: 6.5, A4: 2.0, A5: 8.0, A6: 5.0, A7: 4.0, A8: 1.0, A9: 1.0, A10: 7.0, A11: 1.0, A12: 2.0, A13: 0.0, A14: 3066.0."
459,"Assess the creditworthiness of a customer using the following table attributes for financial status. Respond with either 'good' or 'bad'. And all the table attribute names including 8 categorical attributes and 6 numerical attributes and values have been changed to meaningless symbols to protect confidentiality of the data. For instance, 'The client has attributes: A1: 0, A2: 21.67, A3: 11.5, A4: 1, A5: 5, A6: 3, A7: 0, A8: 1, A9: 1, A10: 11, A11: 1, A12: 2, A13: 0, A14: 1.', should be classified as 'good'. 
 Text: The client has attributes: A1: 0.0, A2: 33.08, A3: 4.625, A4: 2.0, A5: 11.0, A6: 8.0, A7: 1.625, A8: 1.0, A9: 1.0, A10: 2.0, A11: 0.0, A12: 2.0, A13: 0.0, A14: 1.0. 
",good,"[good, bad]",0,"The client has attributes: A1: 0.0, A2: 33.08, A3: 4.625, A4: 2.0, A5: 11.0, A6: 8.0, A7: 1.625, A8: 1.0, A9: 1.0, A10: 2.0, A11: 0.0, A12: 2.0, A13: 0.0, A14: 1.0."
460,"Assess the creditworthiness of a customer using the following table attributes for financial status. Respond with either 'good' or 'bad'. And all the table attribute names including 8 categorical attributes and 6 numerical attributes and values have been changed to meaningless symbols to protect confidentiality of the data. For instance, 'The client has attributes: A1: 0, A2: 21.67, A3: 11.5, A4: 1, A5: 5, A6: 3, A7: 0, A8: 1, A9: 1, A10: 11, A11: 1, A12: 2, A13: 0, A14: 1.', should be classified as 'good'. 
 Text: The client has attributes: A1: 0.0, A2: 20.67, A3: 3.0, A4: 2.0, A5: 11.0, A6: 4.0, A7: 0.165, A8: 1.0, A9: 1.0, A10: 3.0, A11: 0.0, A12: 2.0, A13: 100.0, A14: 7.0. 
",good,"[good, bad]",0,"The client has attributes: A1: 0.0, A2: 20.67, A3: 3.0, A4: 2.0, A5: 11.0, A6: 4.0, A7: 0.165, A8: 1.0, A9: 1.0, A10: 3.0, A11: 0.0, A12: 2.0, A13: 100.0, A14: 7.0."
461,"Assess the creditworthiness of a customer using the following table attributes for financial status. Respond with either 'good' or 'bad'. And all the table attribute names including 8 categorical attributes and 6 numerical attributes and values have been changed to meaningless symbols to protect confidentiality of the data. For instance, 'The client has attributes: A1: 0, A2: 21.67, A3: 11.5, A4: 1, A5: 5, A6: 3, A7: 0, A8: 1, A9: 1, A10: 11, A11: 1, A12: 2, A13: 0, A14: 1.', should be classified as 'good'. 
 Text: The client has attributes: A1: 1.0, A2: 33.58, A3: 0.335, A4: 1.0, A5: 13.0, A6: 4.0, A7: 0.085, A8: 0.0, A9: 0.0, A10: 0.0, A11: 0.0, A12: 2.0, A13: 180.0, A14: 1.0. 
",bad,"[good, bad]",1,"The client has attributes: A1: 1.0, A2: 33.58, A3: 0.335, A4: 1.0, A5: 13.0, A6: 4.0, A7: 0.085, A8: 0.0, A9: 0.0, A10: 0.0, A11: 0.0, A12: 2.0, A13: 180.0, A14: 1.0."
462,"Assess the creditworthiness of a customer using the following table attributes for financial status. Respond with either 'good' or 'bad'. And all the table attribute names including 8 categorical attributes and 6 numerical attributes and values have been changed to meaningless symbols to protect confidentiality of the data. For instance, 'The client has attributes: A1: 0, A2: 21.67, A3: 11.5, A4: 1, A5: 5, A6: 3, A7: 0, A8: 1, A9: 1, A10: 11, A11: 1, A12: 2, A13: 0, A14: 1.', should be classified as 'good'. 
 Text: The client has attributes: A1: 1.0, A2: 26.67, A3: 14.585, A4: 2.0, A5: 3.0, A6: 5.0, A7: 0.0, A8: 0.0, A9: 0.0, A10: 0.0, A11: 1.0, A12: 2.0, A13: 178.0, A14: 1.0. 
",bad,"[good, bad]",1,"The client has attributes: A1: 1.0, A2: 26.67, A3: 14.585, A4: 2.0, A5: 3.0, A6: 5.0, A7: 0.0, A8: 0.0, A9: 0.0, A10: 0.0, A11: 1.0, A12: 2.0, A13: 178.0, A14: 1.0."
463,"Assess the creditworthiness of a customer using the following table attributes for financial status. Respond with either 'good' or 'bad'. And all the table attribute names including 8 categorical attributes and 6 numerical attributes and values have been changed to meaningless symbols to protect confidentiality of the data. For instance, 'The client has attributes: A1: 0, A2: 21.67, A3: 11.5, A4: 1, A5: 5, A6: 3, A7: 0, A8: 1, A9: 1, A10: 11, A11: 1, A12: 2, A13: 0, A14: 1.', should be classified as 'good'. 
 Text: The client has attributes: A1: 1.0, A2: 31.08, A3: 1.5, A4: 1.0, A5: 9.0, A6: 4.0, A7: 0.04, A8: 0.0, A9: 0.0, A10: 0.0, A11: 0.0, A12: 1.0, A13: 160.0, A14: 1.0. 
",bad,"[good, bad]",1,"The client has attributes: A1: 1.0, A2: 31.08, A3: 1.5, A4: 1.0, A5: 9.0, A6: 4.0, A7: 0.04, A8: 0.0, A9: 0.0, A10: 0.0, A11: 0.0, A12: 1.0, A13: 160.0, A14: 1.0."
464,"Assess the creditworthiness of a customer using the following table attributes for financial status. Respond with either 'good' or 'bad'. And all the table attribute names including 8 categorical attributes and 6 numerical attributes and values have been changed to meaningless symbols to protect confidentiality of the data. For instance, 'The client has attributes: A1: 0, A2: 21.67, A3: 11.5, A4: 1, A5: 5, A6: 3, A7: 0, A8: 1, A9: 1, A10: 11, A11: 1, A12: 2, A13: 0, A14: 1.', should be classified as 'good'. 
 Text: The client has attributes: A1: 0.0, A2: 15.75, A3: 0.375, A4: 2.0, A5: 8.0, A6: 4.0, A7: 1.0, A8: 0.0, A9: 0.0, A10: 0.0, A11: 0.0, A12: 2.0, A13: 120.0, A14: 19.0. 
",bad,"[good, bad]",1,"The client has attributes: A1: 0.0, A2: 15.75, A3: 0.375, A4: 2.0, A5: 8.0, A6: 4.0, A7: 1.0, A8: 0.0, A9: 0.0, A10: 0.0, A11: 0.0, A12: 2.0, A13: 120.0, A14: 19.0."
465,"Assess the creditworthiness of a customer using the following table attributes for financial status. Respond with either 'good' or 'bad'. And all the table attribute names including 8 categorical attributes and 6 numerical attributes and values have been changed to meaningless symbols to protect confidentiality of the data. For instance, 'The client has attributes: A1: 0, A2: 21.67, A3: 11.5, A4: 1, A5: 5, A6: 3, A7: 0, A8: 1, A9: 1, A10: 11, A11: 1, A12: 2, A13: 0, A14: 1.', should be classified as 'good'. 
 Text: The client has attributes: A1: 1.0, A2: 51.42, A3: 0.04, A4: 2.0, A5: 14.0, A6: 8.0, A7: 0.04, A8: 1.0, A9: 0.0, A10: 0.0, A11: 0.0, A12: 2.0, A13: 0.0, A14: 3001.0. 
",good,"[good, bad]",0,"The client has attributes: A1: 1.0, A2: 51.42, A3: 0.04, A4: 2.0, A5: 14.0, A6: 8.0, A7: 0.04, A8: 1.0, A9: 0.0, A10: 0.0, A11: 0.0, A12: 2.0, A13: 0.0, A14: 3001.0."
466,"Assess the creditworthiness of a customer using the following table attributes for financial status. Respond with either 'good' or 'bad'. And all the table attribute names including 8 categorical attributes and 6 numerical attributes and values have been changed to meaningless symbols to protect confidentiality of the data. For instance, 'The client has attributes: A1: 0, A2: 21.67, A3: 11.5, A4: 1, A5: 5, A6: 3, A7: 0, A8: 1, A9: 1, A10: 11, A11: 1, A12: 2, A13: 0, A14: 1.', should be classified as 'good'. 
 Text: The client has attributes: A1: 1.0, A2: 45.17, A3: 1.5, A4: 2.0, A5: 8.0, A6: 4.0, A7: 2.5, A8: 1.0, A9: 0.0, A10: 0.0, A11: 1.0, A12: 2.0, A13: 140.0, A14: 1.0. 
",bad,"[good, bad]",1,"The client has attributes: A1: 1.0, A2: 45.17, A3: 1.5, A4: 2.0, A5: 8.0, A6: 4.0, A7: 2.5, A8: 1.0, A9: 0.0, A10: 0.0, A11: 1.0, A12: 2.0, A13: 140.0, A14: 1.0."
467,"Assess the creditworthiness of a customer using the following table attributes for financial status. Respond with either 'good' or 'bad'. And all the table attribute names including 8 categorical attributes and 6 numerical attributes and values have been changed to meaningless symbols to protect confidentiality of the data. For instance, 'The client has attributes: A1: 0, A2: 21.67, A3: 11.5, A4: 1, A5: 5, A6: 3, A7: 0, A8: 1, A9: 1, A10: 11, A11: 1, A12: 2, A13: 0, A14: 1.', should be classified as 'good'. 
 Text: The client has attributes: A1: 1.0, A2: 76.75, A3: 22.29, A4: 2.0, A5: 10.0, A6: 9.0, A7: 12.75, A8: 1.0, A9: 1.0, A10: 1.0, A11: 1.0, A12: 2.0, A13: 0.0, A14: 110.0. 
",good,"[good, bad]",0,"The client has attributes: A1: 1.0, A2: 76.75, A3: 22.29, A4: 2.0, A5: 10.0, A6: 9.0, A7: 12.75, A8: 1.0, A9: 1.0, A10: 1.0, A11: 1.0, A12: 2.0, A13: 0.0, A14: 110.0."
468,"Assess the creditworthiness of a customer using the following table attributes for financial status. Respond with either 'good' or 'bad'. And all the table attribute names including 8 categorical attributes and 6 numerical attributes and values have been changed to meaningless symbols to protect confidentiality of the data. For instance, 'The client has attributes: A1: 0, A2: 21.67, A3: 11.5, A4: 1, A5: 5, A6: 3, A7: 0, A8: 1, A9: 1, A10: 11, A11: 1, A12: 2, A13: 0, A14: 1.', should be classified as 'good'. 
 Text: The client has attributes: A1: 0.0, A2: 20.33, A3: 10.0, A4: 2.0, A5: 8.0, A6: 8.0, A7: 1.0, A8: 1.0, A9: 1.0, A10: 4.0, A11: 0.0, A12: 2.0, A13: 50.0, A14: 1466.0. 
",good,"[good, bad]",0,"The client has attributes: A1: 0.0, A2: 20.33, A3: 10.0, A4: 2.0, A5: 8.0, A6: 8.0, A7: 1.0, A8: 1.0, A9: 1.0, A10: 4.0, A11: 0.0, A12: 2.0, A13: 50.0, A14: 1466.0."
469,"Assess the creditworthiness of a customer using the following table attributes for financial status. Respond with either 'good' or 'bad'. And all the table attribute names including 8 categorical attributes and 6 numerical attributes and values have been changed to meaningless symbols to protect confidentiality of the data. For instance, 'The client has attributes: A1: 0, A2: 21.67, A3: 11.5, A4: 1, A5: 5, A6: 3, A7: 0, A8: 1, A9: 1, A10: 11, A11: 1, A12: 2, A13: 0, A14: 1.', should be classified as 'good'. 
 Text: The client has attributes: A1: 1.0, A2: 55.92, A3: 11.5, A4: 2.0, A5: 1.0, A6: 1.0, A7: 5.0, A8: 1.0, A9: 1.0, A10: 5.0, A11: 0.0, A12: 2.0, A13: 0.0, A14: 8852.0. 
",good,"[good, bad]",0,"The client has attributes: A1: 1.0, A2: 55.92, A3: 11.5, A4: 2.0, A5: 1.0, A6: 1.0, A7: 5.0, A8: 1.0, A9: 1.0, A10: 5.0, A11: 0.0, A12: 2.0, A13: 0.0, A14: 8852.0."
470,"Assess the creditworthiness of a customer using the following table attributes for financial status. Respond with either 'good' or 'bad'. And all the table attribute names including 8 categorical attributes and 6 numerical attributes and values have been changed to meaningless symbols to protect confidentiality of the data. For instance, 'The client has attributes: A1: 0, A2: 21.67, A3: 11.5, A4: 1, A5: 5, A6: 3, A7: 0, A8: 1, A9: 1, A10: 11, A11: 1, A12: 2, A13: 0, A14: 1.', should be classified as 'good'. 
 Text: The client has attributes: A1: 1.0, A2: 26.75, A3: 2.0, A4: 2.0, A5: 2.0, A6: 4.0, A7: 0.75, A8: 0.0, A9: 0.0, A10: 0.0, A11: 1.0, A12: 2.0, A13: 80.0, A14: 1.0. 
",bad,"[good, bad]",1,"The client has attributes: A1: 1.0, A2: 26.75, A3: 2.0, A4: 2.0, A5: 2.0, A6: 4.0, A7: 0.75, A8: 0.0, A9: 0.0, A10: 0.0, A11: 1.0, A12: 2.0, A13: 80.0, A14: 1.0."
471,"Assess the creditworthiness of a customer using the following table attributes for financial status. Respond with either 'good' or 'bad'. And all the table attribute names including 8 categorical attributes and 6 numerical attributes and values have been changed to meaningless symbols to protect confidentiality of the data. For instance, 'The client has attributes: A1: 0, A2: 21.67, A3: 11.5, A4: 1, A5: 5, A6: 3, A7: 0, A8: 1, A9: 1, A10: 11, A11: 1, A12: 2, A13: 0, A14: 1.', should be classified as 'good'. 
 Text: The client has attributes: A1: 1.0, A2: 20.67, A3: 0.835, A4: 1.0, A5: 8.0, A6: 4.0, A7: 2.0, A8: 0.0, A9: 0.0, A10: 0.0, A11: 1.0, A12: 1.0, A13: 240.0, A14: 1.0. 
",bad,"[good, bad]",1,"The client has attributes: A1: 1.0, A2: 20.67, A3: 0.835, A4: 1.0, A5: 8.0, A6: 4.0, A7: 2.0, A8: 0.0, A9: 0.0, A10: 0.0, A11: 1.0, A12: 1.0, A13: 240.0, A14: 1.0."
472,"Assess the creditworthiness of a customer using the following table attributes for financial status. Respond with either 'good' or 'bad'. And all the table attribute names including 8 categorical attributes and 6 numerical attributes and values have been changed to meaningless symbols to protect confidentiality of the data. For instance, 'The client has attributes: A1: 0, A2: 21.67, A3: 11.5, A4: 1, A5: 5, A6: 3, A7: 0, A8: 1, A9: 1, A10: 11, A11: 1, A12: 2, A13: 0, A14: 1.', should be classified as 'good'. 
 Text: The client has attributes: A1: 1.0, A2: 24.33, A3: 6.625, A4: 1.0, A5: 2.0, A6: 4.0, A7: 5.5, A8: 1.0, A9: 0.0, A10: 0.0, A11: 1.0, A12: 1.0, A13: 100.0, A14: 1.0. 
",good,"[good, bad]",0,"The client has attributes: A1: 1.0, A2: 24.33, A3: 6.625, A4: 1.0, A5: 2.0, A6: 4.0, A7: 5.5, A8: 1.0, A9: 0.0, A10: 0.0, A11: 1.0, A12: 1.0, A13: 100.0, A14: 1.0."
473,"Assess the creditworthiness of a customer using the following table attributes for financial status. Respond with either 'good' or 'bad'. And all the table attribute names including 8 categorical attributes and 6 numerical attributes and values have been changed to meaningless symbols to protect confidentiality of the data. For instance, 'The client has attributes: A1: 0, A2: 21.67, A3: 11.5, A4: 1, A5: 5, A6: 3, A7: 0, A8: 1, A9: 1, A10: 11, A11: 1, A12: 2, A13: 0, A14: 1.', should be classified as 'good'. 
 Text: The client has attributes: A1: 0.0, A2: 27.67, A3: 1.5, A4: 2.0, A5: 7.0, A6: 4.0, A7: 2.0, A8: 1.0, A9: 0.0, A10: 0.0, A11: 0.0, A12: 1.0, A13: 368.0, A14: 1.0. 
",bad,"[good, bad]",1,"The client has attributes: A1: 0.0, A2: 27.67, A3: 1.5, A4: 2.0, A5: 7.0, A6: 4.0, A7: 2.0, A8: 1.0, A9: 0.0, A10: 0.0, A11: 0.0, A12: 1.0, A13: 368.0, A14: 1.0."
474,"Assess the creditworthiness of a customer using the following table attributes for financial status. Respond with either 'good' or 'bad'. And all the table attribute names including 8 categorical attributes and 6 numerical attributes and values have been changed to meaningless symbols to protect confidentiality of the data. For instance, 'The client has attributes: A1: 0, A2: 21.67, A3: 11.5, A4: 1, A5: 5, A6: 3, A7: 0, A8: 1, A9: 1, A10: 11, A11: 1, A12: 2, A13: 0, A14: 1.', should be classified as 'good'. 
 Text: The client has attributes: A1: 0.0, A2: 28.67, A3: 1.04, A4: 2.0, A5: 8.0, A6: 4.0, A7: 2.5, A8: 1.0, A9: 1.0, A10: 5.0, A11: 1.0, A12: 2.0, A13: 300.0, A14: 1431.0. 
",good,"[good, bad]",0,"The client has attributes: A1: 0.0, A2: 28.67, A3: 1.04, A4: 2.0, A5: 8.0, A6: 4.0, A7: 2.5, A8: 1.0, A9: 1.0, A10: 5.0, A11: 1.0, A12: 2.0, A13: 300.0, A14: 1431.0."
475,"Assess the creditworthiness of a customer using the following table attributes for financial status. Respond with either 'good' or 'bad'. And all the table attribute names including 8 categorical attributes and 6 numerical attributes and values have been changed to meaningless symbols to protect confidentiality of the data. For instance, 'The client has attributes: A1: 0, A2: 21.67, A3: 11.5, A4: 1, A5: 5, A6: 3, A7: 0, A8: 1, A9: 1, A10: 11, A11: 1, A12: 2, A13: 0, A14: 1.', should be classified as 'good'. 
 Text: The client has attributes: A1: 0.0, A2: 47.42, A3: 3.0, A4: 2.0, A5: 14.0, A6: 4.0, A7: 13.875, A8: 1.0, A9: 1.0, A10: 2.0, A11: 1.0, A12: 2.0, A13: 519.0, A14: 1705.0. 
",good,"[good, bad]",0,"The client has attributes: A1: 0.0, A2: 47.42, A3: 3.0, A4: 2.0, A5: 14.0, A6: 4.0, A7: 13.875, A8: 1.0, A9: 1.0, A10: 2.0, A11: 1.0, A12: 2.0, A13: 519.0, A14: 1705.0."
476,"Assess the creditworthiness of a customer using the following table attributes for financial status. Respond with either 'good' or 'bad'. And all the table attribute names including 8 categorical attributes and 6 numerical attributes and values have been changed to meaningless symbols to protect confidentiality of the data. For instance, 'The client has attributes: A1: 0, A2: 21.67, A3: 11.5, A4: 1, A5: 5, A6: 3, A7: 0, A8: 1, A9: 1, A10: 11, A11: 1, A12: 2, A13: 0, A14: 1.', should be classified as 'good'. 
 Text: The client has attributes: A1: 0.0, A2: 18.83, A3: 9.5, A4: 2.0, A5: 9.0, A6: 4.0, A7: 1.625, A8: 1.0, A9: 1.0, A10: 6.0, A11: 1.0, A12: 2.0, A13: 40.0, A14: 601.0. 
",good,"[good, bad]",0,"The client has attributes: A1: 0.0, A2: 18.83, A3: 9.5, A4: 2.0, A5: 9.0, A6: 4.0, A7: 1.625, A8: 1.0, A9: 1.0, A10: 6.0, A11: 1.0, A12: 2.0, A13: 40.0, A14: 601.0."
477,"Assess the creditworthiness of a customer using the following table attributes for financial status. Respond with either 'good' or 'bad'. And all the table attribute names including 8 categorical attributes and 6 numerical attributes and values have been changed to meaningless symbols to protect confidentiality of the data. For instance, 'The client has attributes: A1: 0, A2: 21.67, A3: 11.5, A4: 1, A5: 5, A6: 3, A7: 0, A8: 1, A9: 1, A10: 11, A11: 1, A12: 2, A13: 0, A14: 1.', should be classified as 'good'. 
 Text: The client has attributes: A1: 1.0, A2: 17.08, A3: 3.29, A4: 2.0, A5: 3.0, A6: 4.0, A7: 0.335, A8: 0.0, A9: 0.0, A10: 0.0, A11: 1.0, A12: 2.0, A13: 140.0, A14: 3.0. 
",bad,"[good, bad]",1,"The client has attributes: A1: 1.0, A2: 17.08, A3: 3.29, A4: 2.0, A5: 3.0, A6: 4.0, A7: 0.335, A8: 0.0, A9: 0.0, A10: 0.0, A11: 1.0, A12: 2.0, A13: 140.0, A14: 3.0."
478,"Assess the creditworthiness of a customer using the following table attributes for financial status. Respond with either 'good' or 'bad'. And all the table attribute names including 8 categorical attributes and 6 numerical attributes and values have been changed to meaningless symbols to protect confidentiality of the data. For instance, 'The client has attributes: A1: 0, A2: 21.67, A3: 11.5, A4: 1, A5: 5, A6: 3, A7: 0, A8: 1, A9: 1, A10: 11, A11: 1, A12: 2, A13: 0, A14: 1.', should be classified as 'good'. 
 Text: The client has attributes: A1: 1.0, A2: 25.67, A3: 12.5, A4: 2.0, A5: 13.0, A6: 4.0, A7: 1.21, A8: 1.0, A9: 1.0, A10: 67.0, A11: 1.0, A12: 2.0, A13: 140.0, A14: 259.0. 
",good,"[good, bad]",0,"The client has attributes: A1: 1.0, A2: 25.67, A3: 12.5, A4: 2.0, A5: 13.0, A6: 4.0, A7: 1.21, A8: 1.0, A9: 1.0, A10: 67.0, A11: 1.0, A12: 2.0, A13: 140.0, A14: 259.0."
479,"Assess the creditworthiness of a customer using the following table attributes for financial status. Respond with either 'good' or 'bad'. And all the table attribute names including 8 categorical attributes and 6 numerical attributes and values have been changed to meaningless symbols to protect confidentiality of the data. For instance, 'The client has attributes: A1: 0, A2: 21.67, A3: 11.5, A4: 1, A5: 5, A6: 3, A7: 0, A8: 1, A9: 1, A10: 11, A11: 1, A12: 2, A13: 0, A14: 1.', should be classified as 'good'. 
 Text: The client has attributes: A1: 0.0, A2: 16.5, A3: 1.25, A4: 2.0, A5: 11.0, A6: 4.0, A7: 0.25, A8: 0.0, A9: 1.0, A10: 1.0, A11: 0.0, A12: 2.0, A13: 108.0, A14: 99.0. 
",bad,"[good, bad]",1,"The client has attributes: A1: 0.0, A2: 16.5, A3: 1.25, A4: 2.0, A5: 11.0, A6: 4.0, A7: 0.25, A8: 0.0, A9: 1.0, A10: 1.0, A11: 0.0, A12: 2.0, A13: 108.0, A14: 99.0."
480,"Assess the creditworthiness of a customer using the following table attributes for financial status. Respond with either 'good' or 'bad'. And all the table attribute names including 8 categorical attributes and 6 numerical attributes and values have been changed to meaningless symbols to protect confidentiality of the data. For instance, 'The client has attributes: A1: 0, A2: 21.67, A3: 11.5, A4: 1, A5: 5, A6: 3, A7: 0, A8: 1, A9: 1, A10: 11, A11: 1, A12: 2, A13: 0, A14: 1.', should be classified as 'good'. 
 Text: The client has attributes: A1: 1.0, A2: 22.67, A3: 0.165, A4: 2.0, A5: 8.0, A6: 3.0, A7: 2.25, A8: 0.0, A9: 0.0, A10: 0.0, A11: 1.0, A12: 1.0, A13: 0.0, A14: 1.0. 
",good,"[good, bad]",0,"The client has attributes: A1: 1.0, A2: 22.67, A3: 0.165, A4: 2.0, A5: 8.0, A6: 3.0, A7: 2.25, A8: 0.0, A9: 0.0, A10: 0.0, A11: 1.0, A12: 1.0, A13: 0.0, A14: 1.0."
481,"Assess the creditworthiness of a customer using the following table attributes for financial status. Respond with either 'good' or 'bad'. And all the table attribute names including 8 categorical attributes and 6 numerical attributes and values have been changed to meaningless symbols to protect confidentiality of the data. For instance, 'The client has attributes: A1: 0, A2: 21.67, A3: 11.5, A4: 1, A5: 5, A6: 3, A7: 0, A8: 1, A9: 1, A10: 11, A11: 1, A12: 2, A13: 0, A14: 1.', should be classified as 'good'. 
 Text: The client has attributes: A1: 0.0, A2: 25.42, A3: 1.125, A4: 2.0, A5: 11.0, A6: 4.0, A7: 1.29, A8: 1.0, A9: 1.0, A10: 2.0, A11: 0.0, A12: 2.0, A13: 200.0, A14: 1.0. 
",bad,"[good, bad]",1,"The client has attributes: A1: 0.0, A2: 25.42, A3: 1.125, A4: 2.0, A5: 11.0, A6: 4.0, A7: 1.29, A8: 1.0, A9: 1.0, A10: 2.0, A11: 0.0, A12: 2.0, A13: 200.0, A14: 1.0."
